-- MySQL dump 10.13  Distrib 8.3.0, for Win64 (x86_64)
--
-- ------------------------------------------------------
-- Server version	8.0.37-0ubuntu0.22.04.3

/*!40101 SET @OLD_CHARACTER_SET_CLIENT=@@CHARACTER_SET_CLIENT */;
/*!40101 SET @OLD_CHARACTER_SET_RESULTS=@@CHARACTER_SET_RESULTS */;
/*!40101 SET @OLD_COLLATION_CONNECTION=@@COLLATION_CONNECTION */;
/*!50503 SET NAMES utf8mb4 */;
/*!40103 SET @OLD_TIME_ZONE=@@TIME_ZONE */;
/*!40103 SET TIME_ZONE='+00:00' */;
/*!40014 SET @OLD_UNIQUE_CHECKS=@@UNIQUE_CHECKS, UNIQUE_CHECKS=0 */;
/*!40014 SET @OLD_FOREIGN_KEY_CHECKS=@@FOREIGN_KEY_CHECKS, FOREIGN_KEY_CHECKS=0 */;
/*!40101 SET @OLD_SQL_MODE=@@SQL_MODE, SQL_MODE='NO_AUTO_VALUE_ON_ZERO' */;
/*!40111 SET @OLD_SQL_NOTES=@@SQL_NOTES, SQL_NOTES=0 */;

--
-- Table structure for table `chapter_template_search_table`
--

DROP TABLE IF EXISTS `chapter_template_search_table`;
/*!40101 SET @saved_cs_client     = @@character_set_client */;
/*!50503 SET character_set_client = utf8mb4 */;
CREATE TABLE `chapter_template_search_table` (
  `id` int unsigned NOT NULL COMMENT 'ID',
  `filename` varchar(50) NOT NULL COMMENT '文件名',
  `chapter` tinyint NOT NULL COMMENT '子标题n',
  `section` tinyint NOT NULL COMMENT '子标题m',
  KEY `chapter_template_search_table_chapter_template_show_table_id_fk` (`id`),
  CONSTRAINT `chapter_template_search_table_chapter_template_show_table_id_fk` FOREIGN KEY (`id`) REFERENCES `chapter_template_show_table` (`id`) ON DELETE CASCADE
) ENGINE=InnoDB DEFAULT CHARSET=utf8mb4 COLLATE=utf8mb4_0900_ai_ci COMMENT='章节内容模板查找表';
/*!40101 SET character_set_client = @saved_cs_client */;

--
-- Dumping data for table `chapter_template_search_table`
--

LOCK TABLES `chapter_template_search_table` WRITE;
/*!40000 ALTER TABLE `chapter_template_search_table` DISABLE KEYS */;
INSERT INTO `chapter_template_search_table` VALUES (1,'1红色2点第1章第1节无图.pptx',1,1),(1,'1红色2点第1章第3节无图.pptx',1,3),(1,'1红色2点第1章第5节无图.pptx',1,5),(1,'1红色2点第2章第1节无图.pptx',2,1),(1,'1红色2点第2章第3节无图.pptx',2,3),(1,'1红色2点第2章第5节无图.pptx',2,5),(1,'1红色2点第3章第1节无图.pptx',3,1),(1,'1红色2点第3章第3节无图.pptx',3,3),(1,'1红色2点第3章第5节无图.pptx',3,5),(1,'1红色2点第4章第1节无图.pptx',4,1),(1,'1红色2点第4章第3节无图.pptx',4,3),(1,'1红色2点第4章第5节无图.pptx',4,5),(1,'1红色2点第5章第1节无图.pptx',5,1),(1,'1红色2点第5章第3节无图.pptx',5,3),(1,'1红色2点第5章第5节无图.pptx',5,5),(1,'1红色2点第6章第1节无图.pptx',6,1),(1,'1红色2点第6章第3节无图.pptx',6,3),(1,'1红色2点第6章第5节无图.pptx',6,5),(10,'10橙色2点第1章第1节无图.pptx',1,1),(10,'10橙色2点第1章第3节无图.pptx',1,3),(10,'10橙色2点第1章第5节无图.pptx',1,5),(10,'10橙色2点第2章第1节无图.pptx',2,1),(10,'10橙色2点第2章第3节无图.pptx',2,3),(10,'10橙色2点第2章第5节无图.pptx',2,5),(10,'10橙色2点第3章第1节无图.pptx',3,1),(10,'10橙色2点第3章第3节无图.pptx',3,3),(10,'10橙色2点第3章第5节无图.pptx',3,5),(10,'10橙色2点第4章第1节无图.pptx',4,1),(10,'10橙色2点第4章第3节无图.pptx',4,3),(10,'10橙色2点第4章第5节无图.pptx',4,5),(10,'10橙色2点第5章第1节无图.pptx',5,1),(10,'10橙色2点第5章第3节无图.pptx',5,3),(10,'10橙色2点第5章第5节无图.pptx',5,5),(10,'10橙色2点第6章第1节无图.pptx',6,1),(10,'10橙色2点第6章第3节无图.pptx',6,3),(10,'10橙色2点第6章第5节无图.pptx',6,5),(11,'11白色2点第1章第1节无图.pptx',1,1),(11,'11白色2点第1章第3节无图.pptx',1,3),(11,'11白色2点第1章第5节无图.pptx',1,5),(11,'11白色2点第2章第1节无图.pptx',2,1),(11,'11白色2点第2章第3节无图.pptx',2,3),(11,'11白色2点第2章第5节无图.pptx',2,5),(11,'11白色2点第3章第1节无图.pptx',3,1),(11,'11白色2点第3章第3节无图.pptx',3,3),(11,'11白色2点第3章第5节无图.pptx',3,5),(11,'11白色2点第4章第1节无图.pptx',4,1),(11,'11白色2点第4章第3节无图.pptx',4,3),(11,'11白色2点第4章第5节无图.pptx',4,5),(11,'11白色2点第5章第1节无图.pptx',5,1),(11,'11白色2点第5章第3节无图.pptx',5,3),(11,'11白色2点第5章第5节无图.pptx',5,5),(11,'11白色2点第6章第1节无图.pptx',6,1),(11,'11白色2点第6章第3节无图.pptx',6,3),(11,'11白色2点第6章第5节无图.pptx',6,5),(12,'12粉色2点第1章第1节无图.pptx',1,1),(12,'12粉色2点第1章第3节无图.pptx',1,3),(12,'12粉色2点第1章第5节无图.pptx',1,5),(12,'12粉色2点第2章第1节无图.pptx',2,1),(12,'12粉色2点第2章第3节无图.pptx',2,3),(12,'12粉色2点第2章第5节无图.pptx',2,5),(12,'12粉色2点第3章第1节无图.pptx',3,1),(12,'12粉色2点第3章第3节无图.pptx',3,3),(12,'12粉色2点第3章第5节无图.pptx',3,5),(12,'12粉色2点第4章第1节无图.pptx',4,1),(12,'12粉色2点第4章第3节无图.pptx',4,3),(12,'12粉色2点第4章第5节无图.pptx',4,5),(12,'12粉色2点第5章第1节无图.pptx',5,1),(12,'12粉色2点第5章第3节无图.pptx',5,3),(12,'12粉色2点第5章第5节无图.pptx',5,5),(12,'12粉色2点第6章第1节无图.pptx',6,1),(12,'12粉色2点第6章第3节无图.pptx',6,3),(12,'12粉色2点第6章第5节无图.pptx',6,5),(13,'13紫色2点第1章第1节无图.pptx',1,1),(13,'13紫色2点第1章第3节无图.pptx',1,3),(13,'13紫色2点第1章第5节无图.pptx',1,5),(13,'13紫色2点第2章第1节无图.pptx',2,1),(13,'13紫色2点第2章第3节无图.pptx',2,3),(13,'13紫色2点第2章第5节无图.pptx',2,5),(13,'13紫色2点第3章第1节无图.pptx',3,1),(13,'13紫色2点第3章第3节无图.pptx',3,3),(13,'13紫色2点第3章第5节无图.pptx',3,5),(13,'13紫色2点第4章第1节无图.pptx',4,1),(13,'13紫色2点第4章第3节无图.pptx',4,3),(13,'13紫色2点第4章第5节无图.pptx',4,5),(13,'13紫色2点第5章第1节无图.pptx',5,1),(13,'13紫色2点第5章第3节无图.pptx',5,3),(13,'13紫色2点第5章第5节无图.pptx',5,5),(13,'13紫色2点第6章第1节无图.pptx',6,1),(13,'13紫色2点第6章第3节无图.pptx',6,3),(13,'13紫色2点第6章第5节无图.pptx',6,5),(14,'14绿色2点第1章第1节无图.pptx',1,1),(14,'14绿色2点第1章第3节无图.pptx',1,3),(14,'14绿色2点第1章第5节无图.pptx',1,5),(14,'14绿色2点第2章第1节无图.pptx',2,1),(14,'14绿色2点第2章第3节无图.pptx',2,3),(14,'14绿色2点第2章第5节无图.pptx',2,5),(14,'14绿色2点第3章第1节无图.pptx',3,1),(14,'14绿色2点第3章第3节无图.pptx',3,3),(14,'14绿色2点第3章第5节无图.pptx',3,5),(14,'14绿色2点第4章第1节无图.pptx',4,1),(14,'14绿色2点第4章第3节无图.pptx',4,3),(14,'14绿色2点第4章第5节无图.pptx',4,5),(14,'14绿色2点第5章第1节无图.pptx',5,1),(14,'14绿色2点第5章第3节无图.pptx',5,3),(14,'14绿色2点第5章第5节无图.pptx',5,5),(14,'14绿色2点第6章第1节无图.pptx',6,1),(14,'14绿色2点第6章第3节无图.pptx',6,3),(14,'14绿色2点第6章第5节无图.pptx',6,5),(15,'15蓝色2点第1章第1节无图.pptx',1,1),(15,'15蓝色2点第1章第3节无图.pptx',1,3),(15,'15蓝色2点第1章第5节无图.pptx',1,5),(15,'15蓝色2点第2章第1节无图.pptx',2,1),(15,'15蓝色2点第2章第3节无图.pptx',2,3),(15,'15蓝色2点第2章第5节无图.pptx',2,5),(15,'15蓝色2点第3章第1节无图.pptx',3,1),(15,'15蓝色2点第3章第3节无图.pptx',3,3),(15,'15蓝色2点第3章第5节无图.pptx',3,5),(15,'15蓝色2点第4章第1节无图.pptx',4,1),(15,'15蓝色2点第4章第3节无图.pptx',4,3),(15,'15蓝色2点第4章第5节无图.pptx',4,5),(15,'15蓝色2点第5章第1节无图.pptx',5,1),(15,'15蓝色2点第5章第3节无图.pptx',5,3),(15,'15蓝色2点第5章第5节无图.pptx',5,5),(15,'15蓝色2点第6章第1节无图.pptx',6,1),(15,'15蓝色2点第6章第3节无图.pptx',6,3),(15,'15蓝色2点第6章第5节无图.pptx',6,5),(16,'16黄色2点第1章第1节无图.pptx',1,1),(16,'16黄色2点第1章第3节无图.pptx',1,3),(16,'16黄色2点第1章第5节无图.pptx',1,5),(16,'16黄色2点第2章第1节无图.pptx',2,1),(16,'16黄色2点第2章第3节无图.pptx',2,3),(16,'16黄色2点第2章第5节无图.pptx',2,5),(16,'16黄色2点第3章第1节无图.pptx',3,1),(16,'16黄色2点第3章第3节无图.pptx',3,3),(16,'16黄色2点第3章第5节无图.pptx',3,5),(16,'16黄色2点第4章第1节无图.pptx',4,1),(16,'16黄色2点第4章第3节无图.pptx',4,3),(16,'16黄色2点第4章第5节无图.pptx',4,5),(16,'16黄色2点第5章第1节无图.pptx',5,1),(16,'16黄色2点第5章第3节无图.pptx',5,3),(16,'16黄色2点第5章第5节无图.pptx',5,5),(16,'16黄色2点第6章第1节无图.pptx',6,1),(16,'16黄色2点第6章第3节无图.pptx',6,3),(16,'16黄色2点第6章第5节无图.pptx',6,5),(17,'17黑色2点第1章第1节无图.pptx',1,1),(17,'17黑色2点第1章第3节无图.pptx',1,3),(17,'17黑色2点第1章第5节无图.pptx',1,5),(17,'17黑色2点第2章第1节无图.pptx',2,1),(17,'17黑色2点第2章第3节无图.pptx',2,3),(17,'17黑色2点第2章第5节无图.pptx',2,5),(17,'17黑色2点第3章第1节无图.pptx',3,1),(17,'17黑色2点第3章第3节无图.pptx',3,3),(17,'17黑色2点第3章第5节无图.pptx',3,5),(17,'17黑色2点第4章第1节无图.pptx',4,1),(17,'17黑色2点第4章第3节无图.pptx',4,3),(17,'17黑色2点第4章第5节无图.pptx',4,5),(17,'17黑色2点第5章第1节无图.pptx',5,1),(17,'17黑色2点第5章第3节无图.pptx',5,3),(17,'17黑色2点第5章第5节无图.pptx',5,5),(17,'17黑色2点第6章第1节无图.pptx',6,1),(17,'17黑色2点第6章第3节无图.pptx',6,3),(17,'17黑色2点第6章第5节无图.pptx',6,5),(18,'18橙色2点第1章第1节无图.pptx',1,1),(18,'18橙色2点第1章第3节无图.pptx',1,3),(18,'18橙色2点第1章第5节无图.pptx',1,5),(18,'18橙色2点第2章第1节无图.pptx',2,1),(18,'18橙色2点第2章第3节无图.pptx',2,3),(18,'18橙色2点第2章第5节无图.pptx',2,5),(18,'18橙色2点第3章第1节无图.pptx',3,1),(18,'18橙色2点第3章第3节无图.pptx',3,3),(18,'18橙色2点第3章第5节无图.pptx',3,5),(18,'18橙色2点第4章第1节无图.pptx',4,1),(18,'18橙色2点第4章第3节无图.pptx',4,3),(18,'18橙色2点第4章第5节无图.pptx',4,5),(18,'18橙色2点第5章第1节无图.pptx',5,1),(18,'18橙色2点第5章第3节无图.pptx',5,3),(18,'18橙色2点第5章第5节无图.pptx',5,5),(18,'18橙色2点第6章第1节无图.pptx',6,1),(18,'18橙色2点第6章第3节无图.pptx',6,3),(18,'18橙色2点第6章第5节无图.pptx',6,5),(19,'19白色2点第1章第1节无图.pptx',1,1),(19,'19白色2点第1章第3节无图.pptx',1,3),(19,'19白色2点第1章第5节无图.pptx',1,5),(19,'19白色2点第2章第1节无图.pptx',2,1),(19,'19白色2点第2章第3节无图.pptx',2,3),(19,'19白色2点第2章第5节无图.pptx',2,5),(19,'19白色2点第3章第1节无图.pptx',3,1),(19,'19白色2点第3章第3节无图.pptx',3,3),(19,'19白色2点第3章第5节无图.pptx',3,5),(19,'19白色2点第4章第1节无图.pptx',4,1),(19,'19白色2点第4章第3节无图.pptx',4,3),(19,'19白色2点第4章第5节无图.pptx',4,5),(19,'19白色2点第5章第1节无图.pptx',5,1),(19,'19白色2点第5章第3节无图.pptx',5,3),(19,'19白色2点第5章第5节无图.pptx',5,5),(19,'19白色2点第6章第1节无图.pptx',6,1),(19,'19白色2点第6章第3节无图.pptx',6,3),(19,'19白色2点第6章第5节无图.pptx',6,5),(20,'20粉色2点第1章第1节无图.pptx',1,1),(20,'20粉色2点第1章第3节无图.pptx',1,3),(20,'20粉色2点第1章第5节无图.pptx',1,5),(20,'20粉色2点第2章第1节无图.pptx',2,1),(20,'20粉色2点第2章第3节无图.pptx',2,3),(20,'20粉色2点第2章第5节无图.pptx',2,5),(20,'20粉色2点第3章第1节无图.pptx',3,1),(20,'20粉色2点第3章第3节无图.pptx',3,3),(20,'20粉色2点第3章第5节无图.pptx',3,5),(20,'20粉色2点第4章第1节无图.pptx',4,1),(20,'20粉色2点第4章第3节无图.pptx',4,3),(20,'20粉色2点第4章第5节无图.pptx',4,5),(20,'20粉色2点第5章第1节无图.pptx',5,1),(20,'20粉色2点第5章第3节无图.pptx',5,3),(20,'20粉色2点第5章第5节无图.pptx',5,5),(20,'20粉色2点第6章第1节无图.pptx',6,1),(20,'20粉色2点第6章第3节无图.pptx',6,3),(20,'20粉色2点第6章第5节无图.pptx',6,5),(21,'21紫色2点第1章第1节无图.pptx',1,1),(21,'21紫色2点第1章第3节无图.pptx',1,3),(21,'21紫色2点第1章第5节无图.pptx',1,5),(21,'21紫色2点第2章第1节无图.pptx',2,1),(21,'21紫色2点第2章第3节无图.pptx',2,3),(21,'21紫色2点第2章第5节无图.pptx',2,5),(21,'21紫色2点第3章第1节无图.pptx',3,1),(21,'21紫色2点第3章第3节无图.pptx',3,3),(21,'21紫色2点第3章第5节无图.pptx',3,5),(21,'21紫色2点第4章第1节无图.pptx',4,1),(21,'21紫色2点第4章第3节无图.pptx',4,3),(21,'21紫色2点第4章第5节无图.pptx',4,5),(21,'21紫色2点第5章第1节无图.pptx',5,1),(21,'21紫色2点第5章第3节无图.pptx',5,3),(21,'21紫色2点第5章第5节无图.pptx',5,5),(21,'21紫色2点第6章第1节无图.pptx',6,1),(21,'21紫色2点第6章第3节无图.pptx',6,3),(21,'21紫色2点第6章第5节无图.pptx',6,5),(22,'22红色2点第1章第1节无图.pptx',1,1),(22,'22红色2点第1章第3节无图.pptx',1,3),(22,'22红色2点第1章第5节无图.pptx',1,5),(22,'22红色2点第2章第1节无图.pptx',2,1),(22,'22红色2点第2章第3节无图.pptx',2,3),(22,'22红色2点第2章第5节无图.pptx',2,5),(22,'22红色2点第3章第1节无图.pptx',3,1),(22,'22红色2点第3章第3节无图.pptx',3,3),(22,'22红色2点第3章第5节无图.pptx',3,5),(22,'22红色2点第4章第1节无图.pptx',4,1),(22,'22红色2点第4章第3节无图.pptx',4,3),(22,'22红色2点第4章第5节无图.pptx',4,5),(22,'22红色2点第5章第1节无图.pptx',5,1),(22,'22红色2点第5章第3节无图.pptx',5,3),(22,'22红色2点第5章第5节无图.pptx',5,5),(22,'22红色2点第6章第1节无图.pptx',6,1),(22,'22红色2点第6章第3节无图.pptx',6,3),(22,'22红色2点第6章第5节无图.pptx',6,5),(23,'23绿色2点第1章第1节无图.pptx',1,1),(23,'23绿色2点第1章第3节无图.pptx',1,3),(23,'23绿色2点第1章第5节无图.pptx',1,5),(23,'23绿色2点第2章第1节无图.pptx',2,1),(23,'23绿色2点第2章第3节无图.pptx',2,3),(23,'23绿色2点第2章第5节无图.pptx',2,5),(23,'23绿色2点第3章第1节无图.pptx',3,1),(23,'23绿色2点第3章第3节无图.pptx',3,3),(23,'23绿色2点第3章第5节无图.pptx',3,5),(23,'23绿色2点第4章第1节无图.pptx',4,1),(23,'23绿色2点第4章第3节无图.pptx',4,3),(23,'23绿色2点第4章第5节无图.pptx',4,5),(23,'23绿色2点第5章第1节无图.pptx',5,1),(23,'23绿色2点第5章第3节无图.pptx',5,3),(23,'23绿色2点第5章第5节无图.pptx',5,5),(23,'23绿色2点第6章第1节无图.pptx',6,1),(23,'23绿色2点第6章第3节无图.pptx',6,3),(23,'23绿色2点第6章第5节无图.pptx',6,5),(24,'24蓝色2点第1章第1节无图.pptx',1,1),(24,'24蓝色2点第1章第3节无图.pptx',1,3),(24,'24蓝色2点第1章第5节无图.pptx',1,5),(24,'24蓝色2点第2章第1节无图.pptx',2,1),(24,'24蓝色2点第2章第3节无图.pptx',2,3),(24,'24蓝色2点第2章第5节无图.pptx',2,5),(24,'24蓝色2点第3章第1节无图.pptx',3,1),(24,'24蓝色2点第3章第3节无图.pptx',3,3),(24,'24蓝色2点第3章第5节无图.pptx',3,5),(24,'24蓝色2点第4章第1节无图.pptx',4,1),(24,'24蓝色2点第4章第3节无图.pptx',4,3),(24,'24蓝色2点第4章第5节无图.pptx',4,5),(24,'24蓝色2点第5章第1节无图.pptx',5,1),(24,'24蓝色2点第5章第3节无图.pptx',5,3),(24,'24蓝色2点第5章第5节无图.pptx',5,5),(24,'24蓝色2点第6章第1节无图.pptx',6,1),(24,'24蓝色2点第6章第3节无图.pptx',6,3),(24,'24蓝色2点第6章第5节无图.pptx',6,5),(25,'25黄色2点第1章第1节无图.pptx',1,1),(25,'25黄色2点第1章第3节无图.pptx',1,3),(25,'25黄色2点第1章第5节无图.pptx',1,5),(25,'25黄色2点第2章第1节无图.pptx',2,1),(25,'25黄色2点第2章第3节无图.pptx',2,3),(25,'25黄色2点第2章第5节无图.pptx',2,5),(25,'25黄色2点第3章第1节无图.pptx',3,1),(25,'25黄色2点第3章第3节无图.pptx',3,3),(25,'25黄色2点第3章第5节无图.pptx',3,5),(25,'25黄色2点第4章第1节无图.pptx',4,1),(25,'25黄色2点第4章第3节无图.pptx',4,3),(25,'25黄色2点第4章第5节无图.pptx',4,5),(25,'25黄色2点第5章第1节无图.pptx',5,1),(25,'25黄色2点第5章第3节无图.pptx',5,3),(25,'25黄色2点第5章第5节无图.pptx',5,5),(25,'25黄色2点第6章第1节无图.pptx',6,1),(25,'25黄色2点第6章第3节无图.pptx',6,3),(25,'25黄色2点第6章第5节无图.pptx',6,5),(26,'26黑色2点第1章第1节无图.pptx',1,1),(26,'26黑色2点第1章第3节无图.pptx',1,3),(26,'26黑色2点第1章第5节无图.pptx',1,5),(26,'26黑色2点第2章第1节无图.pptx',2,1),(26,'26黑色2点第2章第3节无图.pptx',2,3),(26,'26黑色2点第2章第5节无图.pptx',2,5),(26,'26黑色2点第3章第1节无图.pptx',3,1),(26,'26黑色2点第3章第3节无图.pptx',3,3),(26,'26黑色2点第3章第5节无图.pptx',3,5),(26,'26黑色2点第4章第1节无图.pptx',4,1),(26,'26黑色2点第4章第3节无图.pptx',4,3),(26,'26黑色2点第4章第5节无图.pptx',4,5),(26,'26黑色2点第5章第1节无图.pptx',5,1),(26,'26黑色2点第5章第3节无图.pptx',5,3),(26,'26黑色2点第5章第5节无图.pptx',5,5),(26,'26黑色2点第6章第1节无图.pptx',6,1),(26,'26黑色2点第6章第3节无图.pptx',6,3),(26,'26黑色2点第6章第5节无图.pptx',6,5),(27,'27橙色2点第1章第1节无图.pptx',1,1),(27,'27橙色2点第1章第3节无图.pptx',1,3),(27,'27橙色2点第1章第5节无图.pptx',1,5),(27,'27橙色2点第2章第1节无图.pptx',2,1),(27,'27橙色2点第2章第3节无图.pptx',2,3),(27,'27橙色2点第2章第5节无图.pptx',2,5),(27,'27橙色2点第3章第1节无图.pptx',3,1),(27,'27橙色2点第3章第3节无图.pptx',3,3),(27,'27橙色2点第3章第5节无图.pptx',3,5),(27,'27橙色2点第4章第1节无图.pptx',4,1),(27,'27橙色2点第4章第3节无图.pptx',4,3),(27,'27橙色2点第4章第5节无图.pptx',4,5),(27,'27橙色2点第5章第1节无图.pptx',5,1),(27,'27橙色2点第5章第3节无图.pptx',5,3),(27,'27橙色2点第5章第5节无图.pptx',5,5),(27,'27橙色2点第6章第1节无图.pptx',6,1),(27,'27橙色2点第6章第3节无图.pptx',6,3),(27,'27橙色2点第6章第5节无图.pptx',6,5),(28,'28白色2点第1章第1节无图.pptx',1,1),(28,'28白色2点第1章第3节无图.pptx',1,3),(28,'28白色2点第1章第5节无图.pptx',1,5),(28,'28白色2点第2章第1节无图.pptx',2,1),(28,'28白色2点第2章第3节无图.pptx',2,3),(28,'28白色2点第2章第5节无图.pptx',2,5),(28,'28白色2点第3章第1节无图.pptx',3,1),(28,'28白色2点第3章第3节无图.pptx',3,3),(28,'28白色2点第3章第5节无图.pptx',3,5),(28,'28白色2点第4章第1节无图.pptx',4,1),(28,'28白色2点第4章第3节无图.pptx',4,3),(28,'28白色2点第4章第5节无图.pptx',4,5),(28,'28白色2点第5章第1节无图.pptx',5,1),(28,'28白色2点第5章第3节无图.pptx',5,3),(28,'28白色2点第5章第5节无图.pptx',5,5),(28,'28白色2点第6章第1节无图.pptx',6,1),(28,'28白色2点第6章第3节无图.pptx',6,3),(28,'28白色2点第6章第5节无图.pptx',6,5),(29,'29粉色2点第1章第1节无图.pptx',1,1),(29,'29粉色2点第1章第3节无图.pptx',1,3),(29,'29粉色2点第1章第5节无图.pptx',1,5),(29,'29粉色2点第2章第1节无图.pptx',2,1),(29,'29粉色2点第2章第3节无图.pptx',2,3),(29,'29粉色2点第2章第5节无图.pptx',2,5),(29,'29粉色2点第3章第1节无图.pptx',3,1),(29,'29粉色2点第3章第3节无图.pptx',3,3),(29,'29粉色2点第3章第5节无图.pptx',3,5),(29,'29粉色2点第4章第1节无图.pptx',4,1),(29,'29粉色2点第4章第3节无图.pptx',4,3),(29,'29粉色2点第4章第5节无图.pptx',4,5),(29,'29粉色2点第5章第1节无图.pptx',5,1),(29,'29粉色2点第5章第3节无图.pptx',5,3),(29,'29粉色2点第5章第5节无图.pptx',5,5),(29,'29粉色2点第6章第1节无图.pptx',6,1),(29,'29粉色2点第6章第3节无图.pptx',6,3),(29,'29粉色2点第6章第5节无图.pptx',6,5),(30,'30紫色2点第1章第1节无图.pptx',1,1),(30,'30紫色2点第1章第3节无图.pptx',1,3),(30,'30紫色2点第1章第5节无图.pptx',1,5),(30,'30紫色2点第2章第1节无图.pptx',2,1),(30,'30紫色2点第2章第3节无图.pptx',2,3),(30,'30紫色2点第2章第5节无图.pptx',2,5),(30,'30紫色2点第3章第1节无图.pptx',3,1),(30,'30紫色2点第3章第3节无图.pptx',3,3),(30,'30紫色2点第3章第5节无图.pptx',3,5),(30,'30紫色2点第4章第1节无图.pptx',4,1),(30,'30紫色2点第4章第3节无图.pptx',4,3),(30,'30紫色2点第4章第5节无图.pptx',4,5),(30,'30紫色2点第5章第1节无图.pptx',5,1),(30,'30紫色2点第5章第3节无图.pptx',5,3),(30,'30紫色2点第5章第5节无图.pptx',5,5),(30,'30紫色2点第6章第1节无图.pptx',6,1),(30,'30紫色2点第6章第3节无图.pptx',6,3),(30,'30紫色2点第6章第5节无图.pptx',6,5),(31,'31红色2点第1章第1节无图.pptx',1,1),(31,'31红色2点第1章第3节无图.pptx',1,3),(31,'31红色2点第1章第5节无图.pptx',1,5),(31,'31红色2点第2章第1节无图.pptx',2,1),(31,'31红色2点第2章第3节无图.pptx',2,3),(31,'31红色2点第2章第5节无图.pptx',2,5),(31,'31红色2点第3章第1节无图.pptx',3,1),(31,'31红色2点第3章第3节无图.pptx',3,3),(31,'31红色2点第3章第5节无图.pptx',3,5),(31,'31红色2点第4章第1节无图.pptx',4,1),(31,'31红色2点第4章第3节无图.pptx',4,3),(31,'31红色2点第4章第5节无图.pptx',4,5),(31,'31红色2点第5章第1节无图.pptx',5,1),(31,'31红色2点第5章第3节无图.pptx',5,3),(31,'31红色2点第5章第5节无图.pptx',5,5),(31,'31红色2点第6章第1节无图.pptx',6,1),(31,'31红色2点第6章第3节无图.pptx',6,3),(31,'31红色2点第6章第5节无图.pptx',6,5),(32,'32绿色2点第1章第1节无图.pptx',1,1),(32,'32绿色2点第1章第3节无图.pptx',1,3),(32,'32绿色2点第1章第5节无图.pptx',1,5),(32,'32绿色2点第2章第1节无图.pptx',2,1),(32,'32绿色2点第2章第3节无图.pptx',2,3),(32,'32绿色2点第2章第5节无图.pptx',2,5),(32,'32绿色2点第3章第1节无图.pptx',3,1),(32,'32绿色2点第3章第3节无图.pptx',3,3),(32,'32绿色2点第3章第5节无图.pptx',3,5),(32,'32绿色2点第4章第1节无图.pptx',4,1),(32,'32绿色2点第4章第3节无图.pptx',4,3),(32,'32绿色2点第4章第5节无图.pptx',4,5),(32,'32绿色2点第5章第1节无图.pptx',5,1),(32,'32绿色2点第5章第3节无图.pptx',5,3),(32,'32绿色2点第5章第5节无图.pptx',5,5),(32,'32绿色2点第6章第1节无图.pptx',6,1),(32,'32绿色2点第6章第3节无图.pptx',6,3),(32,'32绿色2点第6章第5节无图.pptx',6,5),(33,'33蓝色2点第1章第1节无图.pptx',1,1),(33,'33蓝色2点第1章第3节无图.pptx',1,3),(33,'33蓝色2点第1章第5节无图.pptx',1,5),(33,'33蓝色2点第2章第1节无图.pptx',2,1),(33,'33蓝色2点第2章第3节无图.pptx',2,3),(33,'33蓝色2点第2章第5节无图.pptx',2,5),(33,'33蓝色2点第3章第1节无图.pptx',3,1),(33,'33蓝色2点第3章第3节无图.pptx',3,3),(33,'33蓝色2点第3章第5节无图.pptx',3,5),(33,'33蓝色2点第4章第1节无图.pptx',4,1),(33,'33蓝色2点第4章第3节无图.pptx',4,3),(33,'33蓝色2点第4章第5节无图.pptx',4,5),(33,'33蓝色2点第5章第1节无图.pptx',5,1),(33,'33蓝色2点第5章第3节无图.pptx',5,3),(33,'33蓝色2点第5章第5节无图.pptx',5,5),(33,'33蓝色2点第6章第1节无图.pptx',6,1),(33,'33蓝色2点第6章第3节无图.pptx',6,3),(33,'33蓝色2点第6章第5节无图.pptx',6,5),(34,'34黄色2点第1章第1节无图.pptx',1,1),(34,'34黄色2点第1章第3节无图.pptx',1,3),(34,'34黄色2点第1章第5节无图.pptx',1,5),(34,'34黄色2点第2章第1节无图.pptx',2,1),(34,'34黄色2点第2章第3节无图.pptx',2,3),(34,'34黄色2点第2章第5节无图.pptx',2,5),(34,'34黄色2点第3章第1节无图.pptx',3,1),(34,'34黄色2点第3章第3节无图.pptx',3,3),(34,'34黄色2点第3章第5节无图.pptx',3,5),(34,'34黄色2点第4章第1节无图.pptx',4,1),(34,'34黄色2点第4章第3节无图.pptx',4,3),(34,'34黄色2点第4章第5节无图.pptx',4,5),(34,'34黄色2点第5章第1节无图.pptx',5,1),(34,'34黄色2点第5章第3节无图.pptx',5,3),(34,'34黄色2点第5章第5节无图.pptx',5,5),(34,'34黄色2点第6章第1节无图.pptx',6,1),(34,'34黄色2点第6章第3节无图.pptx',6,3),(34,'34黄色2点第6章第5节无图.pptx',6,5),(35,'35黑色2点第1章第1节无图.pptx',1,1),(35,'35黑色2点第1章第3节无图.pptx',1,3),(35,'35黑色2点第1章第5节无图.pptx',1,5),(35,'35黑色2点第2章第1节无图.pptx',2,1),(35,'35黑色2点第2章第3节无图.pptx',2,3),(35,'35黑色2点第2章第5节无图.pptx',2,5),(35,'35黑色2点第3章第1节无图.pptx',3,1),(35,'35黑色2点第3章第3节无图.pptx',3,3),(35,'35黑色2点第3章第5节无图.pptx',3,5),(35,'35黑色2点第4章第1节无图.pptx',4,1),(35,'35黑色2点第4章第3节无图.pptx',4,3),(35,'35黑色2点第4章第5节无图.pptx',4,5),(35,'35黑色2点第5章第1节无图.pptx',5,1),(35,'35黑色2点第5章第3节无图.pptx',5,3),(35,'35黑色2点第5章第5节无图.pptx',5,5),(35,'35黑色2点第6章第1节无图.pptx',6,1),(35,'35黑色2点第6章第3节无图.pptx',6,3),(35,'35黑色2点第6章第5节无图.pptx',6,5),(36,'36橙色2点第1章第1节无图.pptx',1,1),(36,'36橙色2点第1章第3节无图.pptx',1,3),(36,'36橙色2点第1章第5节无图.pptx',1,5),(36,'36橙色2点第2章第1节无图.pptx',2,1),(36,'36橙色2点第2章第3节无图.pptx',2,3),(36,'36橙色2点第2章第5节无图.pptx',2,5),(36,'36橙色2点第3章第1节无图.pptx',3,1),(36,'36橙色2点第3章第3节无图.pptx',3,3),(36,'36橙色2点第3章第5节无图.pptx',3,5),(36,'36橙色2点第4章第1节无图.pptx',4,1),(36,'36橙色2点第4章第3节无图.pptx',4,3),(36,'36橙色2点第4章第5节无图.pptx',4,5),(36,'36橙色2点第5章第1节无图.pptx',5,1),(36,'36橙色2点第5章第3节无图.pptx',5,3),(36,'36橙色2点第5章第5节无图.pptx',5,5),(36,'36橙色2点第6章第1节无图.pptx',6,1),(36,'36橙色2点第6章第3节无图.pptx',6,3),(36,'36橙色2点第6章第5节无图.pptx',6,5),(37,'37白色2点第1章第1节无图.pptx',1,1),(37,'37白色2点第1章第3节无图.pptx',1,3),(37,'37白色2点第1章第5节无图.pptx',1,5),(37,'37白色2点第2章第1节无图.pptx',2,1),(37,'37白色2点第2章第3节无图.pptx',2,3),(37,'37白色2点第2章第5节无图.pptx',2,5),(37,'37白色2点第3章第1节无图.pptx',3,1),(37,'37白色2点第3章第3节无图.pptx',3,3),(37,'37白色2点第3章第5节无图.pptx',3,5),(37,'37白色2点第4章第1节无图.pptx',4,1),(37,'37白色2点第4章第3节无图.pptx',4,3),(37,'37白色2点第4章第5节无图.pptx',4,5),(37,'37白色2点第5章第1节无图.pptx',5,1),(37,'37白色2点第5章第3节无图.pptx',5,3),(37,'37白色2点第5章第5节无图.pptx',5,5),(37,'37白色2点第6章第1节无图.pptx',6,1),(37,'37白色2点第6章第3节无图.pptx',6,3),(37,'37白色2点第6章第5节无图.pptx',6,5),(38,'38粉色2点第1章第1节无图.pptx',1,1),(38,'38粉色2点第1章第3节无图.pptx',1,3),(38,'38粉色2点第1章第5节无图.pptx',1,5),(38,'38粉色2点第2章第1节无图.pptx',2,1),(38,'38粉色2点第2章第3节无图.pptx',2,3),(38,'38粉色2点第2章第5节无图.pptx',2,5),(38,'38粉色2点第3章第1节无图.pptx',3,1),(38,'38粉色2点第3章第3节无图.pptx',3,3),(38,'38粉色2点第3章第5节无图.pptx',3,5),(38,'38粉色2点第4章第1节无图.pptx',4,1),(38,'38粉色2点第4章第3节无图.pptx',4,3),(38,'38粉色2点第4章第5节无图.pptx',4,5),(38,'38粉色2点第5章第1节无图.pptx',5,1),(38,'38粉色2点第5章第3节无图.pptx',5,3),(38,'38粉色2点第5章第5节无图.pptx',5,5),(38,'38粉色2点第6章第1节无图.pptx',6,1),(38,'38粉色2点第6章第3节无图.pptx',6,3),(38,'38粉色2点第6章第5节无图.pptx',6,5),(39,'39紫色2点第1章第1节无图.pptx',1,1),(39,'39紫色2点第1章第3节无图.pptx',1,3),(39,'39紫色2点第1章第5节无图.pptx',1,5),(39,'39紫色2点第2章第1节无图.pptx',2,1),(39,'39紫色2点第2章第3节无图.pptx',2,3),(39,'39紫色2点第2章第5节无图.pptx',2,5),(39,'39紫色2点第3章第1节无图.pptx',3,1),(39,'39紫色2点第3章第3节无图.pptx',3,3),(39,'39紫色2点第3章第5节无图.pptx',3,5),(39,'39紫色2点第4章第1节无图.pptx',4,1),(39,'39紫色2点第4章第3节无图.pptx',4,3),(39,'39紫色2点第4章第5节无图.pptx',4,5),(39,'39紫色2点第5章第1节无图.pptx',5,1),(39,'39紫色2点第5章第3节无图.pptx',5,3),(39,'39紫色2点第5章第5节无图.pptx',5,5),(39,'39紫色2点第6章第1节无图.pptx',6,1),(39,'39紫色2点第6章第3节无图.pptx',6,3),(39,'39紫色2点第6章第5节无图.pptx',6,5),(40,'40红色2点第1章第1节无图.pptx',1,1),(40,'40红色2点第1章第3节无图.pptx',1,3),(40,'40红色2点第1章第5节无图.pptx',1,5),(40,'40红色2点第2章第1节无图.pptx',2,1),(40,'40红色2点第2章第3节无图.pptx',2,3),(40,'40红色2点第2章第5节无图.pptx',2,5),(40,'40红色2点第3章第1节无图.pptx',3,1),(40,'40红色2点第3章第3节无图.pptx',3,3),(40,'40红色2点第3章第5节无图.pptx',3,5),(40,'40红色2点第4章第1节无图.pptx',4,1),(40,'40红色2点第4章第3节无图.pptx',4,3),(40,'40红色2点第4章第5节无图.pptx',4,5),(40,'40红色2点第5章第1节无图.pptx',5,1),(40,'40红色2点第5章第3节无图.pptx',5,3),(40,'40红色2点第5章第5节无图.pptx',5,5),(40,'40红色2点第6章第1节无图.pptx',6,1),(40,'40红色2点第6章第3节无图.pptx',6,3),(40,'40红色2点第6章第5节无图.pptx',6,5),(41,'41绿色2点第1章第1节无图.pptx',1,1),(41,'41绿色2点第1章第3节无图.pptx',1,3),(41,'41绿色2点第1章第5节无图.pptx',1,5),(41,'41绿色2点第2章第1节无图.pptx',2,1),(41,'41绿色2点第2章第3节无图.pptx',2,3),(41,'41绿色2点第2章第5节无图.pptx',2,5),(41,'41绿色2点第3章第1节无图.pptx',3,1),(41,'41绿色2点第3章第3节无图.pptx',3,3),(41,'41绿色2点第3章第5节无图.pptx',3,5),(41,'41绿色2点第4章第1节无图.pptx',4,1),(41,'41绿色2点第4章第3节无图.pptx',4,3),(41,'41绿色2点第4章第5节无图.pptx',4,5),(41,'41绿色2点第5章第1节无图.pptx',5,1),(41,'41绿色2点第5章第3节无图.pptx',5,3),(41,'41绿色2点第5章第5节无图.pptx',5,5),(41,'41绿色2点第6章第1节无图.pptx',6,1),(41,'41绿色2点第6章第3节无图.pptx',6,3),(41,'41绿色2点第6章第5节无图.pptx',6,5),(42,'42蓝色2点第1章第1节无图.pptx',1,1),(42,'42蓝色2点第1章第3节无图.pptx',1,3),(42,'42蓝色2点第1章第5节无图.pptx',1,5),(42,'42蓝色2点第2章第1节无图.pptx',2,1),(42,'42蓝色2点第2章第3节无图.pptx',2,3),(42,'42蓝色2点第2章第5节无图.pptx',2,5),(42,'42蓝色2点第3章第1节无图.pptx',3,1),(42,'42蓝色2点第3章第3节无图.pptx',3,3),(42,'42蓝色2点第3章第5节无图.pptx',3,5),(42,'42蓝色2点第4章第1节无图.pptx',4,1),(42,'42蓝色2点第4章第3节无图.pptx',4,3),(42,'42蓝色2点第4章第5节无图.pptx',4,5),(42,'42蓝色2点第5章第1节无图.pptx',5,1),(42,'42蓝色2点第5章第3节无图.pptx',5,3),(42,'42蓝色2点第5章第5节无图.pptx',5,5),(42,'42蓝色2点第6章第1节无图.pptx',6,1),(42,'42蓝色2点第6章第3节无图.pptx',6,3),(42,'42蓝色2点第6章第5节无图.pptx',6,5),(43,'43黄色2点第1章第1节无图.pptx',1,1),(43,'43黄色2点第1章第3节无图.pptx',1,3),(43,'43黄色2点第1章第5节无图.pptx',1,5),(43,'43黄色2点第2章第1节无图.pptx',2,1),(43,'43黄色2点第2章第3节无图.pptx',2,3),(43,'43黄色2点第2章第5节无图.pptx',2,5),(43,'43黄色2点第3章第1节无图.pptx',3,1),(43,'43黄色2点第3章第3节无图.pptx',3,3),(43,'43黄色2点第3章第5节无图.pptx',3,5),(43,'43黄色2点第4章第1节无图.pptx',4,1),(43,'43黄色2点第4章第3节无图.pptx',4,3),(43,'43黄色2点第4章第5节无图.pptx',4,5),(43,'43黄色2点第5章第1节无图.pptx',5,1),(43,'43黄色2点第5章第3节无图.pptx',5,3),(43,'43黄色2点第5章第5节无图.pptx',5,5),(43,'43黄色2点第6章第1节无图.pptx',6,1),(43,'43黄色2点第6章第3节无图.pptx',6,3),(43,'43黄色2点第6章第5节无图.pptx',6,5),(44,'44黑色2点第1章第1节无图.pptx',1,1),(44,'44黑色2点第1章第3节无图.pptx',1,3),(44,'44黑色2点第1章第5节无图.pptx',1,5),(44,'44黑色2点第2章第1节无图.pptx',2,1),(44,'44黑色2点第2章第3节无图.pptx',2,3),(44,'44黑色2点第2章第5节无图.pptx',2,5),(44,'44黑色2点第3章第1节无图.pptx',3,1),(44,'44黑色2点第3章第3节无图.pptx',3,3),(44,'44黑色2点第3章第5节无图.pptx',3,5),(44,'44黑色2点第4章第1节无图.pptx',4,1),(44,'44黑色2点第4章第3节无图.pptx',4,3),(44,'44黑色2点第4章第5节无图.pptx',4,5),(44,'44黑色2点第5章第1节无图.pptx',5,1),(44,'44黑色2点第5章第3节无图.pptx',5,3),(44,'44黑色2点第5章第5节无图.pptx',5,5),(44,'44黑色2点第6章第1节无图.pptx',6,1),(44,'44黑色2点第6章第3节无图.pptx',6,3),(44,'44黑色2点第6章第5节无图.pptx',6,5),(45,'45橙色2点第1章第1节无图.pptx',1,1),(45,'45橙色2点第1章第3节无图.pptx',1,3),(45,'45橙色2点第1章第5节无图.pptx',1,5),(45,'45橙色2点第2章第1节无图.pptx',2,1),(45,'45橙色2点第2章第3节无图.pptx',2,3),(45,'45橙色2点第2章第5节无图.pptx',2,5),(45,'45橙色2点第3章第1节无图.pptx',3,1),(45,'45橙色2点第3章第3节无图.pptx',3,3),(45,'45橙色2点第3章第5节无图.pptx',3,5),(45,'45橙色2点第4章第1节无图.pptx',4,1),(45,'45橙色2点第4章第3节无图.pptx',4,3),(45,'45橙色2点第4章第5节无图.pptx',4,5),(45,'45橙色2点第5章第1节无图.pptx',5,1),(45,'45橙色2点第5章第3节无图.pptx',5,3),(45,'45橙色2点第5章第5节无图.pptx',5,5),(45,'45橙色2点第6章第1节无图.pptx',6,1),(45,'45橙色2点第6章第3节无图.pptx',6,3),(45,'45橙色2点第6章第5节无图.pptx',6,5),(46,'46白色2点第1章第1节无图.pptx',1,1),(46,'46白色2点第1章第3节无图.pptx',1,3),(46,'46白色2点第1章第5节无图.pptx',1,5),(46,'46白色2点第2章第1节无图.pptx',2,1),(46,'46白色2点第2章第3节无图.pptx',2,3),(46,'46白色2点第2章第5节无图.pptx',2,5),(46,'46白色2点第3章第1节无图.pptx',3,1),(46,'46白色2点第3章第3节无图.pptx',3,3),(46,'46白色2点第3章第5节无图.pptx',3,5),(46,'46白色2点第4章第1节无图.pptx',4,1),(46,'46白色2点第4章第3节无图.pptx',4,3),(46,'46白色2点第4章第5节无图.pptx',4,5),(46,'46白色2点第5章第1节无图.pptx',5,1),(46,'46白色2点第5章第3节无图.pptx',5,3),(46,'46白色2点第5章第5节无图.pptx',5,5),(46,'46白色2点第6章第1节无图.pptx',6,1),(46,'46白色2点第6章第3节无图.pptx',6,3),(46,'46白色2点第6章第5节无图.pptx',6,5),(47,'47粉色2点第1章第1节无图.pptx',1,1),(47,'47粉色2点第1章第3节无图.pptx',1,3),(47,'47粉色2点第1章第5节无图.pptx',1,5),(47,'47粉色2点第2章第1节无图.pptx',2,1),(47,'47粉色2点第2章第3节无图.pptx',2,3),(47,'47粉色2点第2章第5节无图.pptx',2,5),(47,'47粉色2点第3章第1节无图.pptx',3,1),(47,'47粉色2点第3章第3节无图.pptx',3,3),(47,'47粉色2点第3章第5节无图.pptx',3,5),(47,'47粉色2点第4章第1节无图.pptx',4,1),(47,'47粉色2点第4章第3节无图.pptx',4,3),(47,'47粉色2点第4章第5节无图.pptx',4,5),(47,'47粉色2点第5章第1节无图.pptx',5,1),(47,'47粉色2点第5章第3节无图.pptx',5,3),(47,'47粉色2点第5章第5节无图.pptx',5,5),(47,'47粉色2点第6章第1节无图.pptx',6,1),(47,'47粉色2点第6章第3节无图.pptx',6,3),(47,'47粉色2点第6章第5节无图.pptx',6,5),(48,'48紫色2点第1章第1节无图.pptx',1,1),(48,'48紫色2点第1章第3节无图.pptx',1,3),(48,'48紫色2点第1章第5节无图.pptx',1,5),(48,'48紫色2点第2章第1节无图.pptx',2,1),(48,'48紫色2点第2章第3节无图.pptx',2,3),(48,'48紫色2点第2章第5节无图.pptx',2,5),(48,'48紫色2点第3章第1节无图.pptx',3,1),(48,'48紫色2点第3章第3节无图.pptx',3,3),(48,'48紫色2点第3章第5节无图.pptx',3,5),(48,'48紫色2点第4章第1节无图.pptx',4,1),(48,'48紫色2点第4章第3节无图.pptx',4,3),(48,'48紫色2点第4章第5节无图.pptx',4,5),(48,'48紫色2点第5章第1节无图.pptx',5,1),(48,'48紫色2点第5章第3节无图.pptx',5,3),(48,'48紫色2点第5章第5节无图.pptx',5,5),(48,'48紫色2点第6章第1节无图.pptx',6,1),(48,'48紫色2点第6章第3节无图.pptx',6,3),(48,'48紫色2点第6章第5节无图.pptx',6,5),(49,'49红色2点第1章第1节无图.pptx',1,1),(49,'49红色2点第1章第3节无图.pptx',1,3),(49,'49红色2点第1章第5节无图.pptx',1,5),(49,'49红色2点第2章第1节无图.pptx',2,1),(49,'49红色2点第2章第3节无图.pptx',2,3),(49,'49红色2点第2章第5节无图.pptx',2,5),(49,'49红色2点第3章第1节无图.pptx',3,1),(49,'49红色2点第3章第3节无图.pptx',3,3),(49,'49红色2点第3章第5节无图.pptx',3,5),(49,'49红色2点第4章第1节无图.pptx',4,1),(49,'49红色2点第4章第3节无图.pptx',4,3),(49,'49红色2点第4章第5节无图.pptx',4,5),(49,'49红色2点第5章第1节无图.pptx',5,1),(49,'49红色2点第5章第3节无图.pptx',5,3),(49,'49红色2点第5章第5节无图.pptx',5,5),(49,'49红色2点第6章第1节无图.pptx',6,1),(49,'49红色2点第6章第3节无图.pptx',6,3),(49,'49红色2点第6章第5节无图.pptx',6,5),(50,'50绿色2点第1章第1节无图.pptx',1,1),(50,'50绿色2点第1章第3节无图.pptx',1,3),(50,'50绿色2点第1章第5节无图.pptx',1,5),(50,'50绿色2点第2章第1节无图.pptx',2,1),(50,'50绿色2点第2章第3节无图.pptx',2,3),(50,'50绿色2点第2章第5节无图.pptx',2,5),(50,'50绿色2点第3章第1节无图.pptx',3,1),(50,'50绿色2点第3章第3节无图.pptx',3,3),(50,'50绿色2点第3章第5节无图.pptx',3,5),(50,'50绿色2点第4章第1节无图.pptx',4,1),(50,'50绿色2点第4章第3节无图.pptx',4,3),(50,'50绿色2点第4章第5节无图.pptx',4,5),(50,'50绿色2点第5章第1节无图.pptx',5,1),(50,'50绿色2点第5章第3节无图.pptx',5,3),(50,'50绿色2点第5章第5节无图.pptx',5,5),(50,'50绿色2点第6章第1节无图.pptx',6,1),(50,'50绿色2点第6章第3节无图.pptx',6,3),(50,'50绿色2点第6章第5节无图.pptx',6,5),(51,'51蓝色2点第1章第1节无图.pptx',1,1),(51,'51蓝色2点第1章第3节无图.pptx',1,3),(51,'51蓝色2点第1章第5节无图.pptx',1,5),(51,'51蓝色2点第2章第1节无图.pptx',2,1),(51,'51蓝色2点第2章第3节无图.pptx',2,3),(51,'51蓝色2点第2章第5节无图.pptx',2,5),(51,'51蓝色2点第3章第1节无图.pptx',3,1),(51,'51蓝色2点第3章第3节无图.pptx',3,3),(51,'51蓝色2点第3章第5节无图.pptx',3,5),(51,'51蓝色2点第4章第1节无图.pptx',4,1),(51,'51蓝色2点第4章第3节无图.pptx',4,3),(51,'51蓝色2点第4章第5节无图.pptx',4,5),(51,'51蓝色2点第5章第1节无图.pptx',5,1),(51,'51蓝色2点第5章第3节无图.pptx',5,3),(51,'51蓝色2点第5章第5节无图.pptx',5,5),(51,'51蓝色2点第6章第1节无图.pptx',6,1),(51,'51蓝色2点第6章第3节无图.pptx',6,3),(51,'51蓝色2点第6章第5节无图.pptx',6,5),(52,'52黄色2点第1章第1节无图.pptx',1,1),(52,'52黄色2点第1章第3节无图.pptx',1,3),(52,'52黄色2点第1章第5节无图.pptx',1,5),(52,'52黄色2点第2章第1节无图.pptx',2,1),(52,'52黄色2点第2章第3节无图.pptx',2,3),(52,'52黄色2点第2章第5节无图.pptx',2,5),(52,'52黄色2点第3章第1节无图.pptx',3,1),(52,'52黄色2点第3章第3节无图.pptx',3,3),(52,'52黄色2点第3章第5节无图.pptx',3,5),(52,'52黄色2点第4章第1节无图.pptx',4,1),(52,'52黄色2点第4章第3节无图.pptx',4,3),(52,'52黄色2点第4章第5节无图.pptx',4,5),(52,'52黄色2点第5章第1节无图.pptx',5,1),(52,'52黄色2点第5章第3节无图.pptx',5,3),(52,'52黄色2点第5章第5节无图.pptx',5,5),(52,'52黄色2点第6章第1节无图.pptx',6,1),(52,'52黄色2点第6章第3节无图.pptx',6,3),(52,'52黄色2点第6章第5节无图.pptx',6,5),(53,'53黑色2点第1章第1节无图.pptx',1,1),(53,'53黑色2点第1章第3节无图.pptx',1,3),(53,'53黑色2点第1章第5节无图.pptx',1,5),(53,'53黑色2点第2章第1节无图.pptx',2,1),(53,'53黑色2点第2章第3节无图.pptx',2,3),(53,'53黑色2点第2章第5节无图.pptx',2,5),(53,'53黑色2点第3章第1节无图.pptx',3,1),(53,'53黑色2点第3章第3节无图.pptx',3,3),(53,'53黑色2点第3章第5节无图.pptx',3,5),(53,'53黑色2点第4章第1节无图.pptx',4,1),(53,'53黑色2点第4章第3节无图.pptx',4,3),(53,'53黑色2点第4章第5节无图.pptx',4,5),(53,'53黑色2点第5章第1节无图.pptx',5,1),(53,'53黑色2点第5章第3节无图.pptx',5,3),(53,'53黑色2点第5章第5节无图.pptx',5,5),(53,'53黑色2点第6章第1节无图.pptx',6,1),(53,'53黑色2点第6章第3节无图.pptx',6,3),(53,'53黑色2点第6章第5节无图.pptx',6,5),(54,'54橙色2点第1章第1节无图.pptx',1,1),(54,'54橙色2点第1章第3节无图.pptx',1,3),(54,'54橙色2点第1章第5节无图.pptx',1,5),(54,'54橙色2点第2章第1节无图.pptx',2,1),(54,'54橙色2点第2章第3节无图.pptx',2,3),(54,'54橙色2点第2章第5节无图.pptx',2,5),(54,'54橙色2点第3章第1节无图.pptx',3,1),(54,'54橙色2点第3章第3节无图.pptx',3,3),(54,'54橙色2点第3章第5节无图.pptx',3,5),(54,'54橙色2点第4章第1节无图.pptx',4,1),(54,'54橙色2点第4章第3节无图.pptx',4,3),(54,'54橙色2点第4章第5节无图.pptx',4,5),(54,'54橙色2点第5章第1节无图.pptx',5,1),(54,'54橙色2点第5章第3节无图.pptx',5,3),(54,'54橙色2点第5章第5节无图.pptx',5,5),(54,'54橙色2点第6章第1节无图.pptx',6,1),(54,'54橙色2点第6章第3节无图.pptx',6,3),(54,'54橙色2点第6章第5节无图.pptx',6,5),(55,'55白色2点第1章第1节无图.pptx',1,1),(55,'55白色2点第1章第3节无图.pptx',1,3),(55,'55白色2点第1章第5节无图.pptx',1,5),(55,'55白色2点第2章第1节无图.pptx',2,1),(55,'55白色2点第2章第3节无图.pptx',2,3),(55,'55白色2点第2章第5节无图.pptx',2,5),(55,'55白色2点第3章第1节无图.pptx',3,1),(55,'55白色2点第3章第3节无图.pptx',3,3),(55,'55白色2点第3章第5节无图.pptx',3,5),(55,'55白色2点第4章第1节无图.pptx',4,1),(55,'55白色2点第4章第3节无图.pptx',4,3),(55,'55白色2点第4章第5节无图.pptx',4,5),(55,'55白色2点第5章第1节无图.pptx',5,1),(55,'55白色2点第5章第3节无图.pptx',5,3),(55,'55白色2点第5章第5节无图.pptx',5,5),(55,'55白色2点第6章第1节无图.pptx',6,1),(55,'55白色2点第6章第3节无图.pptx',6,3),(55,'55白色2点第6章第5节无图.pptx',6,5),(56,'56粉色2点第1章第1节无图.pptx',1,1),(56,'56粉色2点第1章第3节无图.pptx',1,3),(56,'56粉色2点第1章第5节无图.pptx',1,5),(56,'56粉色2点第2章第1节无图.pptx',2,1),(56,'56粉色2点第2章第3节无图.pptx',2,3),(56,'56粉色2点第2章第5节无图.pptx',2,5),(56,'56粉色2点第3章第1节无图.pptx',3,1),(56,'56粉色2点第3章第3节无图.pptx',3,3),(56,'56粉色2点第3章第5节无图.pptx',3,5),(56,'56粉色2点第4章第1节无图.pptx',4,1),(56,'56粉色2点第4章第3节无图.pptx',4,3),(56,'56粉色2点第4章第5节无图.pptx',4,5),(56,'56粉色2点第5章第1节无图.pptx',5,1),(56,'56粉色2点第5章第3节无图.pptx',5,3),(56,'56粉色2点第5章第5节无图.pptx',5,5),(56,'56粉色2点第6章第1节无图.pptx',6,1),(56,'56粉色2点第6章第3节无图.pptx',6,3),(56,'56粉色2点第6章第5节无图.pptx',6,5),(57,'57紫色2点第1章第1节无图.pptx',1,1),(57,'57紫色2点第1章第3节无图.pptx',1,3),(57,'57紫色2点第1章第5节无图.pptx',1,5),(57,'57紫色2点第2章第1节无图.pptx',2,1),(57,'57紫色2点第2章第3节无图.pptx',2,3),(57,'57紫色2点第2章第5节无图.pptx',2,5),(57,'57紫色2点第3章第1节无图.pptx',3,1),(57,'57紫色2点第3章第3节无图.pptx',3,3),(57,'57紫色2点第3章第5节无图.pptx',3,5),(57,'57紫色2点第4章第1节无图.pptx',4,1),(57,'57紫色2点第4章第3节无图.pptx',4,3),(57,'57紫色2点第4章第5节无图.pptx',4,5),(57,'57紫色2点第5章第1节无图.pptx',5,1),(57,'57紫色2点第5章第3节无图.pptx',5,3),(57,'57紫色2点第5章第5节无图.pptx',5,5),(57,'57紫色2点第6章第1节无图.pptx',6,1),(57,'57紫色2点第6章第3节无图.pptx',6,3),(57,'57紫色2点第6章第5节无图.pptx',6,5),(58,'58红色2点第1章第1节无图.pptx',1,1),(58,'58红色2点第1章第3节无图.pptx',1,3),(58,'58红色2点第1章第5节无图.pptx',1,5),(58,'58红色2点第2章第1节无图.pptx',2,1),(58,'58红色2点第2章第3节无图.pptx',2,3),(58,'58红色2点第2章第5节无图.pptx',2,5),(58,'58红色2点第3章第1节无图.pptx',3,1),(58,'58红色2点第3章第3节无图.pptx',3,3),(58,'58红色2点第3章第5节无图.pptx',3,5),(58,'58红色2点第4章第1节无图.pptx',4,1),(58,'58红色2点第4章第3节无图.pptx',4,3),(58,'58红色2点第4章第5节无图.pptx',4,5),(58,'58红色2点第5章第1节无图.pptx',5,1),(58,'58红色2点第5章第3节无图.pptx',5,3),(58,'58红色2点第5章第5节无图.pptx',5,5),(58,'58红色2点第6章第1节无图.pptx',6,1),(58,'58红色2点第6章第3节无图.pptx',6,3),(58,'58红色2点第6章第5节无图.pptx',6,5),(59,'59绿色2点第1章第1节无图.pptx',1,1),(59,'59绿色2点第1章第3节无图.pptx',1,3),(59,'59绿色2点第1章第5节无图.pptx',1,5),(59,'59绿色2点第2章第1节无图.pptx',2,1),(59,'59绿色2点第2章第3节无图.pptx',2,3),(59,'59绿色2点第2章第5节无图.pptx',2,5),(59,'59绿色2点第3章第1节无图.pptx',3,1),(59,'59绿色2点第3章第3节无图.pptx',3,3),(59,'59绿色2点第3章第5节无图.pptx',3,5),(59,'59绿色2点第4章第1节无图.pptx',4,1),(59,'59绿色2点第4章第3节无图.pptx',4,3),(59,'59绿色2点第4章第5节无图.pptx',4,5),(59,'59绿色2点第5章第1节无图.pptx',5,1),(59,'59绿色2点第5章第3节无图.pptx',5,3),(59,'59绿色2点第5章第5节无图.pptx',5,5),(59,'59绿色2点第6章第1节无图.pptx',6,1),(59,'59绿色2点第6章第3节无图.pptx',6,3),(59,'59绿色2点第6章第5节无图.pptx',6,5),(60,'60蓝色2点第1章第1节无图.pptx',1,1),(60,'60蓝色2点第1章第3节无图.pptx',1,3),(60,'60蓝色2点第1章第5节无图.pptx',1,5),(60,'60蓝色2点第2章第1节无图.pptx',2,1),(60,'60蓝色2点第2章第3节无图.pptx',2,3),(60,'60蓝色2点第2章第5节无图.pptx',2,5),(60,'60蓝色2点第3章第1节无图.pptx',3,1),(60,'60蓝色2点第3章第3节无图.pptx',3,3),(60,'60蓝色2点第3章第5节无图.pptx',3,5),(60,'60蓝色2点第4章第1节无图.pptx',4,1),(60,'60蓝色2点第4章第3节无图.pptx',4,3),(60,'60蓝色2点第4章第5节无图.pptx',4,5),(60,'60蓝色2点第5章第1节无图.pptx',5,1),(60,'60蓝色2点第5章第3节无图.pptx',5,3),(60,'60蓝色2点第5章第5节无图.pptx',5,5),(60,'60蓝色2点第6章第1节无图.pptx',6,1),(60,'60蓝色2点第6章第3节无图.pptx',6,3),(60,'60蓝色2点第6章第5节无图.pptx',6,5),(61,'61黄色2点第1章第1节无图.pptx',1,1),(61,'61黄色2点第1章第3节无图.pptx',1,3),(61,'61黄色2点第1章第5节无图.pptx',1,5),(61,'61黄色2点第2章第1节无图.pptx',2,1),(61,'61黄色2点第2章第3节无图.pptx',2,3),(61,'61黄色2点第2章第5节无图.pptx',2,5),(61,'61黄色2点第3章第1节无图.pptx',3,1),(61,'61黄色2点第3章第3节无图.pptx',3,3),(61,'61黄色2点第3章第5节无图.pptx',3,5),(61,'61黄色2点第4章第1节无图.pptx',4,1),(61,'61黄色2点第4章第3节无图.pptx',4,3),(61,'61黄色2点第4章第5节无图.pptx',4,5),(61,'61黄色2点第5章第1节无图.pptx',5,1),(61,'61黄色2点第5章第3节无图.pptx',5,3),(61,'61黄色2点第5章第5节无图.pptx',5,5),(61,'61黄色2点第6章第1节无图.pptx',6,1),(61,'61黄色2点第6章第3节无图.pptx',6,3),(61,'61黄色2点第6章第5节无图.pptx',6,5),(62,'62黑色2点第1章第1节无图.pptx',1,1),(62,'62黑色2点第1章第3节无图.pptx',1,3),(62,'62黑色2点第1章第5节无图.pptx',1,5),(62,'62黑色2点第2章第1节无图.pptx',2,1),(62,'62黑色2点第2章第3节无图.pptx',2,3),(62,'62黑色2点第2章第5节无图.pptx',2,5),(62,'62黑色2点第3章第1节无图.pptx',3,1),(62,'62黑色2点第3章第3节无图.pptx',3,3),(62,'62黑色2点第3章第5节无图.pptx',3,5),(62,'62黑色2点第4章第1节无图.pptx',4,1),(62,'62黑色2点第4章第3节无图.pptx',4,3),(62,'62黑色2点第4章第5节无图.pptx',4,5),(62,'62黑色2点第5章第1节无图.pptx',5,1),(62,'62黑色2点第5章第3节无图.pptx',5,3),(62,'62黑色2点第5章第5节无图.pptx',5,5),(62,'62黑色2点第6章第1节无图.pptx',6,1),(62,'62黑色2点第6章第3节无图.pptx',6,3),(62,'62黑色2点第6章第5节无图.pptx',6,5),(72,'72橙色2点第1章第1节有图.pptx',1,1),(72,'72橙色2点第1章第3节有图.pptx',1,3),(72,'72橙色2点第1章第5节有图.pptx',1,5),(72,'72橙色2点第2章第1节有图.pptx',2,1),(72,'72橙色2点第2章第3节有图.pptx',2,3),(72,'72橙色2点第2章第5节有图.pptx',2,5),(72,'72橙色2点第3章第1节有图.pptx',3,1),(72,'72橙色2点第3章第3节有图.pptx',3,3),(72,'72橙色2点第3章第5节有图.pptx',3,5),(72,'72橙色2点第4章第1节有图.pptx',4,1),(72,'72橙色2点第4章第3节有图.pptx',4,3),(72,'72橙色2点第4章第5节有图.pptx',4,5),(72,'72橙色2点第5章第1节有图.pptx',5,1),(72,'72橙色2点第5章第3节有图.pptx',5,3),(72,'72橙色2点第5章第5节有图.pptx',5,5),(72,'72橙色2点第6章第1节有图.pptx',6,1),(72,'72橙色2点第6章第3节有图.pptx',6,3),(72,'72橙色2点第6章第5节有图.pptx',6,5),(73,'73白色2点第1章第1节有图.pptx',1,1),(73,'73白色2点第1章第3节有图.pptx',1,3),(73,'73白色2点第1章第5节有图.pptx',1,5),(73,'73白色2点第2章第1节有图.pptx',2,1),(73,'73白色2点第2章第3节有图.pptx',2,3),(73,'73白色2点第2章第5节有图.pptx',2,5),(73,'73白色2点第3章第1节有图.pptx',3,1),(73,'73白色2点第3章第3节有图.pptx',3,3),(73,'73白色2点第3章第5节有图.pptx',3,5),(73,'73白色2点第4章第1节有图.pptx',4,1),(73,'73白色2点第4章第3节有图.pptx',4,3),(73,'73白色2点第4章第5节有图.pptx',4,5),(73,'73白色2点第5章第1节有图.pptx',5,1),(73,'73白色2点第5章第3节有图.pptx',5,3),(73,'73白色2点第5章第5节有图.pptx',5,5),(73,'73白色2点第6章第1节有图.pptx',6,1),(73,'73白色2点第6章第3节有图.pptx',6,3),(73,'73白色2点第6章第5节有图.pptx',6,5),(74,'74粉色2点第1章第1节有图.pptx',1,1),(74,'74粉色2点第1章第3节有图.pptx',1,3),(74,'74粉色2点第1章第5节有图.pptx',1,5),(74,'74粉色2点第2章第1节有图.pptx',2,1),(74,'74粉色2点第2章第3节有图.pptx',2,3),(74,'74粉色2点第2章第5节有图.pptx',2,5),(74,'74粉色2点第3章第1节有图.pptx',3,1),(74,'74粉色2点第3章第3节有图.pptx',3,3),(74,'74粉色2点第3章第5节有图.pptx',3,5),(74,'74粉色2点第4章第1节有图.pptx',4,1),(74,'74粉色2点第4章第3节有图.pptx',4,3),(74,'74粉色2点第4章第5节有图.pptx',4,5),(74,'74粉色2点第5章第1节有图.pptx',5,1),(74,'74粉色2点第5章第3节有图.pptx',5,3),(74,'74粉色2点第5章第5节有图.pptx',5,5),(74,'74粉色2点第6章第1节有图.pptx',6,1),(74,'74粉色2点第6章第3节有图.pptx',6,3),(74,'74粉色2点第6章第5节有图.pptx',6,5),(75,'75紫色2点第1章第1节有图.pptx',1,1),(75,'75紫色2点第1章第3节有图.pptx',1,3),(75,'75紫色2点第1章第5节有图.pptx',1,5),(75,'75紫色2点第2章第1节有图.pptx',2,1),(75,'75紫色2点第2章第3节有图.pptx',2,3),(75,'75紫色2点第2章第5节有图.pptx',2,5),(75,'75紫色2点第3章第1节有图.pptx',3,1),(75,'75紫色2点第3章第3节有图.pptx',3,3),(75,'75紫色2点第3章第5节有图.pptx',3,5),(75,'75紫色2点第4章第1节有图.pptx',4,1),(75,'75紫色2点第4章第3节有图.pptx',4,3),(75,'75紫色2点第4章第5节有图.pptx',4,5),(75,'75紫色2点第5章第1节有图.pptx',5,1),(75,'75紫色2点第5章第3节有图.pptx',5,3),(75,'75紫色2点第5章第5节有图.pptx',5,5),(75,'75紫色2点第6章第1节有图.pptx',6,1),(75,'75紫色2点第6章第3节有图.pptx',6,3),(75,'75紫色2点第6章第5节有图.pptx',6,5),(76,'76红色2点第1章第1节有图.pptx',1,1),(76,'76红色2点第1章第3节有图.pptx',1,3),(76,'76红色2点第1章第5节有图.pptx',1,5),(76,'76红色2点第2章第1节有图.pptx',2,1),(76,'76红色2点第2章第3节有图.pptx',2,3),(76,'76红色2点第2章第5节有图.pptx',2,5),(76,'76红色2点第3章第1节有图.pptx',3,1),(76,'76红色2点第3章第3节有图.pptx',3,3),(76,'76红色2点第3章第5节有图.pptx',3,5),(76,'76红色2点第4章第1节有图.pptx',4,1),(76,'76红色2点第4章第3节有图.pptx',4,3),(76,'76红色2点第4章第5节有图.pptx',4,5),(76,'76红色2点第5章第1节有图.pptx',5,1),(76,'76红色2点第5章第3节有图.pptx',5,3),(76,'76红色2点第5章第5节有图.pptx',5,5),(76,'76红色2点第6章第1节有图.pptx',6,1),(76,'76红色2点第6章第3节有图.pptx',6,3),(76,'76红色2点第6章第5节有图.pptx',6,5),(77,'77绿色2点第1章第1节有图.pptx',1,1),(77,'77绿色2点第1章第3节有图.pptx',1,3),(77,'77绿色2点第1章第5节有图.pptx',1,5),(77,'77绿色2点第2章第1节有图.pptx',2,1),(77,'77绿色2点第2章第3节有图.pptx',2,3),(77,'77绿色2点第2章第5节有图.pptx',2,5),(77,'77绿色2点第3章第1节有图.pptx',3,1),(77,'77绿色2点第3章第3节有图.pptx',3,3),(77,'77绿色2点第3章第5节有图.pptx',3,5),(77,'77绿色2点第4章第1节有图.pptx',4,1),(77,'77绿色2点第4章第3节有图.pptx',4,3),(77,'77绿色2点第4章第5节有图.pptx',4,5),(77,'77绿色2点第5章第1节有图.pptx',5,1),(77,'77绿色2点第5章第3节有图.pptx',5,3),(77,'77绿色2点第5章第5节有图.pptx',5,5),(77,'77绿色2点第6章第1节有图.pptx',6,1),(77,'77绿色2点第6章第3节有图.pptx',6,3),(77,'77绿色2点第6章第5节有图.pptx',6,5),(78,'78蓝色2点第1章第1节有图.pptx',1,1),(78,'78蓝色2点第1章第3节有图.pptx',1,3),(78,'78蓝色2点第1章第5节有图.pptx',1,5),(78,'78蓝色2点第2章第1节有图.pptx',2,1),(78,'78蓝色2点第2章第3节有图.pptx',2,3),(78,'78蓝色2点第2章第5节有图.pptx',2,5),(78,'78蓝色2点第3章第1节有图.pptx',3,1),(78,'78蓝色2点第3章第3节有图.pptx',3,3),(78,'78蓝色2点第3章第5节有图.pptx',3,5),(78,'78蓝色2点第4章第1节有图.pptx',4,1),(78,'78蓝色2点第4章第3节有图.pptx',4,3),(78,'78蓝色2点第4章第5节有图.pptx',4,5),(78,'78蓝色2点第5章第1节有图.pptx',5,1),(78,'78蓝色2点第5章第3节有图.pptx',5,3),(78,'78蓝色2点第5章第5节有图.pptx',5,5),(78,'78蓝色2点第6章第1节有图.pptx',6,1),(78,'78蓝色2点第6章第3节有图.pptx',6,3),(78,'78蓝色2点第6章第5节有图.pptx',6,5),(79,'79黄色2点第1章第1节有图.pptx',1,1),(79,'79黄色2点第1章第3节有图.pptx',1,3),(79,'79黄色2点第1章第5节有图.pptx',1,5),(79,'79黄色2点第2章第1节有图.pptx',2,1),(79,'79黄色2点第2章第3节有图.pptx',2,3),(79,'79黄色2点第2章第5节有图.pptx',2,5),(79,'79黄色2点第3章第1节有图.pptx',3,1),(79,'79黄色2点第3章第3节有图.pptx',3,3),(79,'79黄色2点第3章第5节有图.pptx',3,5),(79,'79黄色2点第4章第1节有图.pptx',4,1),(79,'79黄色2点第4章第3节有图.pptx',4,3),(79,'79黄色2点第4章第5节有图.pptx',4,5),(79,'79黄色2点第5章第1节有图.pptx',5,1),(79,'79黄色2点第5章第3节有图.pptx',5,3),(79,'79黄色2点第5章第5节有图.pptx',5,5),(79,'79黄色2点第6章第1节有图.pptx',6,1),(79,'79黄色2点第6章第3节有图.pptx',6,3),(79,'79黄色2点第6章第5节有图.pptx',6,5),(80,'80黑色2点第1章第1节有图.pptx',1,1),(80,'80黑色2点第1章第3节有图.pptx',1,3),(80,'80黑色2点第1章第5节有图.pptx',1,5),(80,'80黑色2点第2章第1节有图.pptx',2,1),(80,'80黑色2点第2章第3节有图.pptx',2,3),(80,'80黑色2点第2章第5节有图.pptx',2,5),(80,'80黑色2点第3章第1节有图.pptx',3,1),(80,'80黑色2点第3章第3节有图.pptx',3,3),(80,'80黑色2点第3章第5节有图.pptx',3,5),(80,'80黑色2点第4章第1节有图.pptx',4,1),(80,'80黑色2点第4章第3节有图.pptx',4,3),(80,'80黑色2点第4章第5节有图.pptx',4,5),(80,'80黑色2点第5章第1节有图.pptx',5,1),(80,'80黑色2点第5章第3节有图.pptx',5,3),(80,'80黑色2点第5章第5节有图.pptx',5,5),(80,'80黑色2点第6章第1节有图.pptx',6,1),(80,'80黑色2点第6章第3节有图.pptx',6,3),(80,'80黑色2点第6章第5节有图.pptx',6,5),(81,'81橙色2点第1章第1节有图.pptx',1,1),(81,'81橙色2点第1章第3节有图.pptx',1,3),(81,'81橙色2点第1章第5节有图.pptx',1,5),(81,'81橙色2点第2章第1节有图.pptx',2,1),(81,'81橙色2点第2章第3节有图.pptx',2,3),(81,'81橙色2点第2章第5节有图.pptx',2,5),(81,'81橙色2点第3章第1节有图.pptx',3,1),(81,'81橙色2点第3章第3节有图.pptx',3,3),(81,'81橙色2点第3章第5节有图.pptx',3,5),(81,'81橙色2点第4章第1节有图.pptx',4,1),(81,'81橙色2点第4章第3节有图.pptx',4,3),(81,'81橙色2点第4章第5节有图.pptx',4,5),(81,'81橙色2点第5章第1节有图.pptx',5,1),(81,'81橙色2点第5章第3节有图.pptx',5,3),(81,'81橙色2点第5章第5节有图.pptx',5,5),(81,'81橙色2点第6章第1节有图.pptx',6,1),(81,'81橙色2点第6章第3节有图.pptx',6,3),(81,'81橙色2点第6章第5节有图.pptx',6,5),(82,'82白色2点第1章第1节有图.pptx',1,1),(82,'82白色2点第1章第3节有图.pptx',1,3),(82,'82白色2点第1章第5节有图.pptx',1,5),(82,'82白色2点第2章第1节有图.pptx',2,1),(82,'82白色2点第2章第3节有图.pptx',2,3),(82,'82白色2点第2章第5节有图.pptx',2,5),(82,'82白色2点第3章第1节有图.pptx',3,1),(82,'82白色2点第3章第3节有图.pptx',3,3),(82,'82白色2点第3章第5节有图.pptx',3,5),(82,'82白色2点第4章第1节有图.pptx',4,1),(82,'82白色2点第4章第3节有图.pptx',4,3),(82,'82白色2点第4章第5节有图.pptx',4,5),(82,'82白色2点第5章第1节有图.pptx',5,1),(82,'82白色2点第5章第3节有图.pptx',5,3),(82,'82白色2点第5章第5节有图.pptx',5,5),(82,'82白色2点第6章第1节有图.pptx',6,1),(82,'82白色2点第6章第3节有图.pptx',6,3),(82,'82白色2点第6章第5节有图.pptx',6,5),(83,'83粉色2点第1章第1节有图.pptx',1,1),(83,'83粉色2点第1章第3节有图.pptx',1,3),(83,'83粉色2点第1章第5节有图.pptx',1,5),(83,'83粉色2点第2章第1节有图.pptx',2,1),(83,'83粉色2点第2章第3节有图.pptx',2,3),(83,'83粉色2点第2章第5节有图.pptx',2,5),(83,'83粉色2点第3章第1节有图.pptx',3,1),(83,'83粉色2点第3章第3节有图.pptx',3,3),(83,'83粉色2点第3章第5节有图.pptx',3,5),(83,'83粉色2点第4章第1节有图.pptx',4,1),(83,'83粉色2点第4章第3节有图.pptx',4,3),(83,'83粉色2点第4章第5节有图.pptx',4,5),(83,'83粉色2点第5章第1节有图.pptx',5,1),(83,'83粉色2点第5章第3节有图.pptx',5,3),(83,'83粉色2点第5章第5节有图.pptx',5,5),(83,'83粉色2点第6章第1节有图.pptx',6,1),(83,'83粉色2点第6章第3节有图.pptx',6,3),(83,'83粉色2点第6章第5节有图.pptx',6,5),(84,'84紫色2点第1章第1节有图.pptx',1,1),(84,'84紫色2点第1章第3节有图.pptx',1,3),(84,'84紫色2点第1章第5节有图.pptx',1,5),(84,'84紫色2点第2章第1节有图.pptx',2,1),(84,'84紫色2点第2章第3节有图.pptx',2,3),(84,'84紫色2点第2章第5节有图.pptx',2,5),(84,'84紫色2点第3章第1节有图.pptx',3,1),(84,'84紫色2点第3章第3节有图.pptx',3,3),(84,'84紫色2点第3章第5节有图.pptx',3,5),(84,'84紫色2点第4章第1节有图.pptx',4,1),(84,'84紫色2点第4章第3节有图.pptx',4,3),(84,'84紫色2点第4章第5节有图.pptx',4,5),(84,'84紫色2点第5章第1节有图.pptx',5,1),(84,'84紫色2点第5章第3节有图.pptx',5,3),(84,'84紫色2点第5章第5节有图.pptx',5,5),(84,'84紫色2点第6章第1节有图.pptx',6,1),(84,'84紫色2点第6章第3节有图.pptx',6,3),(84,'84紫色2点第6章第5节有图.pptx',6,5),(85,'85红色2点第1章第1节有图.pptx',1,1),(85,'85红色2点第1章第3节有图.pptx',1,3),(85,'85红色2点第1章第5节有图.pptx',1,5),(85,'85红色2点第2章第1节有图.pptx',2,1),(85,'85红色2点第2章第3节有图.pptx',2,3),(85,'85红色2点第2章第5节有图.pptx',2,5),(85,'85红色2点第3章第1节有图.pptx',3,1),(85,'85红色2点第3章第3节有图.pptx',3,3),(85,'85红色2点第3章第5节有图.pptx',3,5),(85,'85红色2点第4章第1节有图.pptx',4,1),(85,'85红色2点第4章第3节有图.pptx',4,3),(85,'85红色2点第4章第5节有图.pptx',4,5),(85,'85红色2点第5章第1节有图.pptx',5,1),(85,'85红色2点第5章第3节有图.pptx',5,3),(85,'85红色2点第5章第5节有图.pptx',5,5),(85,'85红色2点第6章第1节有图.pptx',6,1),(85,'85红色2点第6章第3节有图.pptx',6,3),(85,'85红色2点第6章第5节有图.pptx',6,5),(86,'86绿色2点第1章第1节有图.pptx',1,1),(86,'86绿色2点第1章第3节有图.pptx',1,3),(86,'86绿色2点第1章第5节有图.pptx',1,5),(86,'86绿色2点第2章第1节有图.pptx',2,1),(86,'86绿色2点第2章第3节有图.pptx',2,3),(86,'86绿色2点第2章第5节有图.pptx',2,5),(86,'86绿色2点第3章第1节有图.pptx',3,1),(86,'86绿色2点第3章第3节有图.pptx',3,3),(86,'86绿色2点第3章第5节有图.pptx',3,5),(86,'86绿色2点第4章第1节有图.pptx',4,1),(86,'86绿色2点第4章第3节有图.pptx',4,3),(86,'86绿色2点第4章第5节有图.pptx',4,5),(86,'86绿色2点第5章第1节有图.pptx',5,1),(86,'86绿色2点第5章第3节有图.pptx',5,3),(86,'86绿色2点第5章第5节有图.pptx',5,5),(86,'86绿色2点第6章第1节有图.pptx',6,1),(86,'86绿色2点第6章第3节有图.pptx',6,3),(86,'86绿色2点第6章第5节有图.pptx',6,5),(87,'87蓝色2点第1章第1节有图.pptx',1,1),(87,'87蓝色2点第1章第3节有图.pptx',1,3),(87,'87蓝色2点第1章第5节有图.pptx',1,5),(87,'87蓝色2点第2章第1节有图.pptx',2,1),(87,'87蓝色2点第2章第3节有图.pptx',2,3),(87,'87蓝色2点第2章第5节有图.pptx',2,5),(87,'87蓝色2点第3章第1节有图.pptx',3,1),(87,'87蓝色2点第3章第3节有图.pptx',3,3),(87,'87蓝色2点第3章第5节有图.pptx',3,5),(87,'87蓝色2点第4章第1节有图.pptx',4,1),(87,'87蓝色2点第4章第3节有图.pptx',4,3),(87,'87蓝色2点第4章第5节有图.pptx',4,5),(87,'87蓝色2点第5章第1节有图.pptx',5,1),(87,'87蓝色2点第5章第3节有图.pptx',5,3),(87,'87蓝色2点第5章第5节有图.pptx',5,5),(87,'87蓝色2点第6章第1节有图.pptx',6,1),(87,'87蓝色2点第6章第3节有图.pptx',6,3),(87,'87蓝色2点第6章第5节有图.pptx',6,5),(88,'88黄色2点第1章第1节有图.pptx',1,1),(88,'88黄色2点第1章第3节有图.pptx',1,3),(88,'88黄色2点第1章第5节有图.pptx',1,5),(88,'88黄色2点第2章第1节有图.pptx',2,1),(88,'88黄色2点第2章第3节有图.pptx',2,3),(88,'88黄色2点第2章第5节有图.pptx',2,5),(88,'88黄色2点第3章第1节有图.pptx',3,1),(88,'88黄色2点第3章第3节有图.pptx',3,3),(88,'88黄色2点第3章第5节有图.pptx',3,5),(88,'88黄色2点第4章第1节有图.pptx',4,1),(88,'88黄色2点第4章第3节有图.pptx',4,3),(88,'88黄色2点第4章第5节有图.pptx',4,5),(88,'88黄色2点第5章第1节有图.pptx',5,1),(88,'88黄色2点第5章第3节有图.pptx',5,3),(88,'88黄色2点第5章第5节有图.pptx',5,5),(88,'88黄色2点第6章第1节有图.pptx',6,1),(88,'88黄色2点第6章第3节有图.pptx',6,3),(88,'88黄色2点第6章第5节有图.pptx',6,5),(89,'89黑色2点第1章第1节有图.pptx',1,1),(89,'89黑色2点第1章第3节有图.pptx',1,3),(89,'89黑色2点第1章第5节有图.pptx',1,5),(89,'89黑色2点第2章第1节有图.pptx',2,1),(89,'89黑色2点第2章第3节有图.pptx',2,3),(89,'89黑色2点第2章第5节有图.pptx',2,5),(89,'89黑色2点第3章第1节有图.pptx',3,1),(89,'89黑色2点第3章第3节有图.pptx',3,3),(89,'89黑色2点第3章第5节有图.pptx',3,5),(89,'89黑色2点第4章第1节有图.pptx',4,1),(89,'89黑色2点第4章第3节有图.pptx',4,3),(89,'89黑色2点第4章第5节有图.pptx',4,5),(89,'89黑色2点第5章第1节有图.pptx',5,1),(89,'89黑色2点第5章第3节有图.pptx',5,3),(89,'89黑色2点第5章第5节有图.pptx',5,5),(89,'89黑色2点第6章第1节有图.pptx',6,1),(89,'89黑色2点第6章第3节有图.pptx',6,3),(89,'89黑色2点第6章第5节有图.pptx',6,5),(90,'90橙色2点第1章第1节有图.pptx',1,1),(90,'90橙色2点第1章第3节有图.pptx',1,3),(90,'90橙色2点第1章第5节有图.pptx',1,5),(90,'90橙色2点第2章第1节有图.pptx',2,1),(90,'90橙色2点第2章第3节有图.pptx',2,3),(90,'90橙色2点第2章第5节有图.pptx',2,5),(90,'90橙色2点第3章第1节有图.pptx',3,1),(90,'90橙色2点第3章第3节有图.pptx',3,3),(90,'90橙色2点第3章第5节有图.pptx',3,5),(90,'90橙色2点第4章第1节有图.pptx',4,1),(90,'90橙色2点第4章第3节有图.pptx',4,3),(90,'90橙色2点第4章第5节有图.pptx',4,5),(90,'90橙色2点第5章第1节有图.pptx',5,1),(90,'90橙色2点第5章第3节有图.pptx',5,3),(90,'90橙色2点第5章第5节有图.pptx',5,5),(90,'90橙色2点第6章第1节有图.pptx',6,1),(90,'90橙色2点第6章第3节有图.pptx',6,3),(90,'90橙色2点第6章第5节有图.pptx',6,5),(91,'91白色2点第1章第1节有图.pptx',1,1),(91,'91白色2点第1章第3节有图.pptx',1,3),(91,'91白色2点第1章第5节有图.pptx',1,5),(91,'91白色2点第2章第1节有图.pptx',2,1),(91,'91白色2点第2章第3节有图.pptx',2,3),(91,'91白色2点第2章第5节有图.pptx',2,5),(91,'91白色2点第3章第1节有图.pptx',3,1),(91,'91白色2点第3章第3节有图.pptx',3,3),(91,'91白色2点第3章第5节有图.pptx',3,5),(91,'91白色2点第4章第1节有图.pptx',4,1),(91,'91白色2点第4章第3节有图.pptx',4,3),(91,'91白色2点第4章第5节有图.pptx',4,5),(91,'91白色2点第5章第1节有图.pptx',5,1),(91,'91白色2点第5章第3节有图.pptx',5,3),(91,'91白色2点第5章第5节有图.pptx',5,5),(91,'91白色2点第6章第1节有图.pptx',6,1),(91,'91白色2点第6章第3节有图.pptx',6,3),(91,'91白色2点第6章第5节有图.pptx',6,5),(92,'92粉色2点第1章第1节有图.pptx',1,1),(92,'92粉色2点第1章第3节有图.pptx',1,3),(92,'92粉色2点第1章第5节有图.pptx',1,5),(92,'92粉色2点第2章第1节有图.pptx',2,1),(92,'92粉色2点第2章第3节有图.pptx',2,3),(92,'92粉色2点第2章第5节有图.pptx',2,5),(92,'92粉色2点第3章第1节有图.pptx',3,1),(92,'92粉色2点第3章第3节有图.pptx',3,3),(92,'92粉色2点第3章第5节有图.pptx',3,5),(92,'92粉色2点第4章第1节有图.pptx',4,1),(92,'92粉色2点第4章第3节有图.pptx',4,3),(92,'92粉色2点第4章第5节有图.pptx',4,5),(92,'92粉色2点第5章第1节有图.pptx',5,1),(92,'92粉色2点第5章第3节有图.pptx',5,3),(92,'92粉色2点第5章第5节有图.pptx',5,5),(92,'92粉色2点第6章第1节有图.pptx',6,1),(92,'92粉色2点第6章第3节有图.pptx',6,3),(92,'92粉色2点第6章第5节有图.pptx',6,5),(93,'93紫色2点第1章第1节有图.pptx',1,1),(93,'93紫色2点第1章第3节有图.pptx',1,3),(93,'93紫色2点第1章第5节有图.pptx',1,5),(93,'93紫色2点第2章第1节有图.pptx',2,1),(93,'93紫色2点第2章第3节有图.pptx',2,3),(93,'93紫色2点第2章第5节有图.pptx',2,5),(93,'93紫色2点第3章第1节有图.pptx',3,1),(93,'93紫色2点第3章第3节有图.pptx',3,3),(93,'93紫色2点第3章第5节有图.pptx',3,5),(93,'93紫色2点第4章第1节有图.pptx',4,1),(93,'93紫色2点第4章第3节有图.pptx',4,3),(93,'93紫色2点第4章第5节有图.pptx',4,5),(93,'93紫色2点第5章第1节有图.pptx',5,1),(93,'93紫色2点第5章第3节有图.pptx',5,3),(93,'93紫色2点第5章第5节有图.pptx',5,5),(93,'93紫色2点第6章第1节有图.pptx',6,1),(93,'93紫色2点第6章第3节有图.pptx',6,3),(93,'93紫色2点第6章第5节有图.pptx',6,5),(94,'94红色2点第1章第1节有图.pptx',1,1),(94,'94红色2点第1章第3节有图.pptx',1,3),(94,'94红色2点第1章第5节有图.pptx',1,5),(94,'94红色2点第2章第1节有图.pptx',2,1),(94,'94红色2点第2章第3节有图.pptx',2,3),(94,'94红色2点第2章第5节有图.pptx',2,5),(94,'94红色2点第3章第1节有图.pptx',3,1),(94,'94红色2点第3章第3节有图.pptx',3,3),(94,'94红色2点第3章第5节有图.pptx',3,5),(94,'94红色2点第4章第1节有图.pptx',4,1),(94,'94红色2点第4章第3节有图.pptx',4,3),(94,'94红色2点第4章第5节有图.pptx',4,5),(94,'94红色2点第5章第1节有图.pptx',5,1),(94,'94红色2点第5章第3节有图.pptx',5,3),(94,'94红色2点第5章第5节有图.pptx',5,5),(94,'94红色2点第6章第1节有图.pptx',6,1),(94,'94红色2点第6章第3节有图.pptx',6,3),(94,'94红色2点第6章第5节有图.pptx',6,5),(95,'95绿色2点第1章第1节有图.pptx',1,1),(95,'95绿色2点第1章第3节有图.pptx',1,3),(95,'95绿色2点第1章第5节有图.pptx',1,5),(95,'95绿色2点第2章第1节有图.pptx',2,1),(95,'95绿色2点第2章第3节有图.pptx',2,3),(95,'95绿色2点第2章第5节有图.pptx',2,5),(95,'95绿色2点第3章第1节有图.pptx',3,1),(95,'95绿色2点第3章第3节有图.pptx',3,3),(95,'95绿色2点第3章第5节有图.pptx',3,5),(95,'95绿色2点第4章第1节有图.pptx',4,1),(95,'95绿色2点第4章第3节有图.pptx',4,3),(95,'95绿色2点第4章第5节有图.pptx',4,5),(95,'95绿色2点第5章第1节有图.pptx',5,1),(95,'95绿色2点第5章第3节有图.pptx',5,3),(95,'95绿色2点第5章第5节有图.pptx',5,5),(95,'95绿色2点第6章第1节有图.pptx',6,1),(95,'95绿色2点第6章第3节有图.pptx',6,3),(95,'95绿色2点第6章第5节有图.pptx',6,5),(96,'96蓝色2点第1章第1节有图.pptx',1,1),(96,'96蓝色2点第1章第3节有图.pptx',1,3),(96,'96蓝色2点第1章第5节有图.pptx',1,5),(96,'96蓝色2点第2章第1节有图.pptx',2,1),(96,'96蓝色2点第2章第3节有图.pptx',2,3),(96,'96蓝色2点第2章第5节有图.pptx',2,5),(96,'96蓝色2点第3章第1节有图.pptx',3,1),(96,'96蓝色2点第3章第3节有图.pptx',3,3),(96,'96蓝色2点第3章第5节有图.pptx',3,5),(96,'96蓝色2点第4章第1节有图.pptx',4,1),(96,'96蓝色2点第4章第3节有图.pptx',4,3),(96,'96蓝色2点第4章第5节有图.pptx',4,5),(96,'96蓝色2点第5章第1节有图.pptx',5,1),(96,'96蓝色2点第5章第3节有图.pptx',5,3),(96,'96蓝色2点第5章第5节有图.pptx',5,5),(96,'96蓝色2点第6章第1节有图.pptx',6,1),(96,'96蓝色2点第6章第3节有图.pptx',6,3),(96,'96蓝色2点第6章第5节有图.pptx',6,5),(97,'97黄色2点第1章第1节有图.pptx',1,1),(97,'97黄色2点第1章第3节有图.pptx',1,3),(97,'97黄色2点第1章第5节有图.pptx',1,5),(97,'97黄色2点第2章第1节有图.pptx',2,1),(97,'97黄色2点第2章第3节有图.pptx',2,3),(97,'97黄色2点第2章第5节有图.pptx',2,5),(97,'97黄色2点第3章第1节有图.pptx',3,1),(97,'97黄色2点第3章第3节有图.pptx',3,3),(97,'97黄色2点第3章第5节有图.pptx',3,5),(97,'97黄色2点第4章第1节有图.pptx',4,1),(97,'97黄色2点第4章第3节有图.pptx',4,3),(97,'97黄色2点第4章第5节有图.pptx',4,5),(97,'97黄色2点第5章第1节有图.pptx',5,1),(97,'97黄色2点第5章第3节有图.pptx',5,3),(97,'97黄色2点第5章第5节有图.pptx',5,5),(97,'97黄色2点第6章第1节有图.pptx',6,1),(97,'97黄色2点第6章第3节有图.pptx',6,3),(97,'97黄色2点第6章第5节有图.pptx',6,5),(98,'98黑色2点第1章第1节有图.pptx',1,1),(98,'98黑色2点第1章第3节有图.pptx',1,3),(98,'98黑色2点第1章第5节有图.pptx',1,5),(98,'98黑色2点第2章第1节有图.pptx',2,1),(98,'98黑色2点第2章第3节有图.pptx',2,3),(98,'98黑色2点第2章第5节有图.pptx',2,5),(98,'98黑色2点第3章第1节有图.pptx',3,1),(98,'98黑色2点第3章第3节有图.pptx',3,3),(98,'98黑色2点第3章第5节有图.pptx',3,5),(98,'98黑色2点第4章第1节有图.pptx',4,1),(98,'98黑色2点第4章第3节有图.pptx',4,3),(98,'98黑色2点第4章第5节有图.pptx',4,5),(98,'98黑色2点第5章第1节有图.pptx',5,1),(98,'98黑色2点第5章第3节有图.pptx',5,3),(98,'98黑色2点第5章第5节有图.pptx',5,5),(98,'98黑色2点第6章第1节有图.pptx',6,1),(98,'98黑色2点第6章第3节有图.pptx',6,3),(98,'98黑色2点第6章第5节有图.pptx',6,5),(99,'99橙色2点第1章第1节有图.pptx',1,1),(99,'99橙色2点第1章第3节有图.pptx',1,3),(99,'99橙色2点第1章第5节有图.pptx',1,5),(99,'99橙色2点第2章第1节有图.pptx',2,1),(99,'99橙色2点第2章第3节有图.pptx',2,3),(99,'99橙色2点第2章第5节有图.pptx',2,5),(99,'99橙色2点第3章第1节有图.pptx',3,1),(99,'99橙色2点第3章第3节有图.pptx',3,3),(99,'99橙色2点第3章第5节有图.pptx',3,5),(99,'99橙色2点第4章第1节有图.pptx',4,1),(99,'99橙色2点第4章第3节有图.pptx',4,3),(99,'99橙色2点第4章第5节有图.pptx',4,5),(99,'99橙色2点第5章第1节有图.pptx',5,1),(99,'99橙色2点第5章第3节有图.pptx',5,3),(99,'99橙色2点第5章第5节有图.pptx',5,5),(99,'99橙色2点第6章第1节有图.pptx',6,1),(99,'99橙色2点第6章第3节有图.pptx',6,3),(99,'99橙色2点第6章第5节有图.pptx',6,5),(100,'100白色2点第1章第1节有图.pptx',1,1),(100,'100白色2点第1章第3节有图.pptx',1,3),(100,'100白色2点第1章第5节有图.pptx',1,5),(100,'100白色2点第2章第1节有图.pptx',2,1),(100,'100白色2点第2章第3节有图.pptx',2,3),(100,'100白色2点第2章第5节有图.pptx',2,5),(100,'100白色2点第3章第1节有图.pptx',3,1),(100,'100白色2点第3章第3节有图.pptx',3,3),(100,'100白色2点第3章第5节有图.pptx',3,5),(100,'100白色2点第4章第1节有图.pptx',4,1),(100,'100白色2点第4章第3节有图.pptx',4,3),(100,'100白色2点第4章第5节有图.pptx',4,5),(100,'100白色2点第5章第1节有图.pptx',5,1),(100,'100白色2点第5章第3节有图.pptx',5,3),(100,'100白色2点第5章第5节有图.pptx',5,5),(100,'100白色2点第6章第1节有图.pptx',6,1),(100,'100白色2点第6章第3节有图.pptx',6,3),(100,'100白色2点第6章第5节有图.pptx',6,5),(101,'101粉色2点第1章第1节有图.pptx',1,1),(101,'101粉色2点第1章第3节有图.pptx',1,3),(101,'101粉色2点第1章第5节有图.pptx',1,5),(101,'101粉色2点第2章第1节有图.pptx',2,1),(101,'101粉色2点第2章第3节有图.pptx',2,3),(101,'101粉色2点第2章第5节有图.pptx',2,5),(101,'101粉色2点第3章第1节有图.pptx',3,1),(101,'101粉色2点第3章第3节有图.pptx',3,3),(101,'101粉色2点第3章第5节有图.pptx',3,5),(101,'101粉色2点第4章第1节有图.pptx',4,1),(101,'101粉色2点第4章第3节有图.pptx',4,3),(101,'101粉色2点第4章第5节有图.pptx',4,5),(101,'101粉色2点第5章第1节有图.pptx',5,1),(101,'101粉色2点第5章第3节有图.pptx',5,3),(101,'101粉色2点第5章第5节有图.pptx',5,5),(101,'101粉色2点第6章第1节有图.pptx',6,1),(101,'101粉色2点第6章第3节有图.pptx',6,3),(101,'101粉色2点第6章第5节有图.pptx',6,5),(102,'102紫色2点第1章第1节有图.pptx',1,1),(102,'102紫色2点第1章第3节有图.pptx',1,3),(102,'102紫色2点第1章第5节有图.pptx',1,5),(102,'102紫色2点第2章第1节有图.pptx',2,1),(102,'102紫色2点第2章第3节有图.pptx',2,3),(102,'102紫色2点第2章第5节有图.pptx',2,5),(102,'102紫色2点第3章第1节有图.pptx',3,1),(102,'102紫色2点第3章第3节有图.pptx',3,3),(102,'102紫色2点第3章第5节有图.pptx',3,5),(102,'102紫色2点第4章第1节有图.pptx',4,1),(102,'102紫色2点第4章第3节有图.pptx',4,3),(102,'102紫色2点第4章第5节有图.pptx',4,5),(102,'102紫色2点第5章第1节有图.pptx',5,1),(102,'102紫色2点第5章第3节有图.pptx',5,3),(102,'102紫色2点第5章第5节有图.pptx',5,5),(102,'102紫色2点第6章第1节有图.pptx',6,1),(102,'102紫色2点第6章第3节有图.pptx',6,3),(102,'102紫色2点第6章第5节有图.pptx',6,5),(103,'103红色2点第1章第1节有图.pptx',1,1),(103,'103红色2点第1章第3节有图.pptx',1,3),(103,'103红色2点第1章第5节有图.pptx',1,5),(103,'103红色2点第2章第1节有图.pptx',2,1),(103,'103红色2点第2章第3节有图.pptx',2,3),(103,'103红色2点第2章第5节有图.pptx',2,5),(103,'103红色2点第3章第1节有图.pptx',3,1),(103,'103红色2点第3章第3节有图.pptx',3,3),(103,'103红色2点第3章第5节有图.pptx',3,5),(103,'103红色2点第4章第1节有图.pptx',4,1),(103,'103红色2点第4章第3节有图.pptx',4,3),(103,'103红色2点第4章第5节有图.pptx',4,5),(103,'103红色2点第5章第1节有图.pptx',5,1),(103,'103红色2点第5章第3节有图.pptx',5,3),(103,'103红色2点第5章第5节有图.pptx',5,5),(103,'103红色2点第6章第1节有图.pptx',6,1),(103,'103红色2点第6章第3节有图.pptx',6,3),(103,'103红色2点第6章第5节有图.pptx',6,5),(104,'104绿色2点第1章第1节有图.pptx',1,1),(104,'104绿色2点第1章第3节有图.pptx',1,3),(104,'104绿色2点第1章第5节有图.pptx',1,5),(104,'104绿色2点第2章第1节有图.pptx',2,1),(104,'104绿色2点第2章第3节有图.pptx',2,3),(104,'104绿色2点第2章第5节有图.pptx',2,5),(104,'104绿色2点第3章第1节有图.pptx',3,1),(104,'104绿色2点第3章第3节有图.pptx',3,3),(104,'104绿色2点第3章第5节有图.pptx',3,5),(104,'104绿色2点第4章第1节有图.pptx',4,1),(104,'104绿色2点第4章第3节有图.pptx',4,3),(104,'104绿色2点第4章第5节有图.pptx',4,5),(104,'104绿色2点第5章第1节有图.pptx',5,1),(104,'104绿色2点第5章第3节有图.pptx',5,3),(104,'104绿色2点第5章第5节有图.pptx',5,5),(104,'104绿色2点第6章第1节有图.pptx',6,1),(104,'104绿色2点第6章第3节有图.pptx',6,3),(104,'104绿色2点第6章第5节有图.pptx',6,5),(105,'105蓝色2点第1章第1节有图.pptx',1,1),(105,'105蓝色2点第1章第3节有图.pptx',1,3),(105,'105蓝色2点第1章第5节有图.pptx',1,5),(105,'105蓝色2点第2章第1节有图.pptx',2,1),(105,'105蓝色2点第2章第3节有图.pptx',2,3),(105,'105蓝色2点第2章第5节有图.pptx',2,5),(105,'105蓝色2点第3章第1节有图.pptx',3,1),(105,'105蓝色2点第3章第3节有图.pptx',3,3),(105,'105蓝色2点第3章第5节有图.pptx',3,5),(105,'105蓝色2点第4章第1节有图.pptx',4,1),(105,'105蓝色2点第4章第3节有图.pptx',4,3),(105,'105蓝色2点第4章第5节有图.pptx',4,5),(105,'105蓝色2点第5章第1节有图.pptx',5,1),(105,'105蓝色2点第5章第3节有图.pptx',5,3),(105,'105蓝色2点第5章第5节有图.pptx',5,5),(105,'105蓝色2点第6章第1节有图.pptx',6,1),(105,'105蓝色2点第6章第3节有图.pptx',6,3),(105,'105蓝色2点第6章第5节有图.pptx',6,5),(106,'106黄色2点第1章第1节有图.pptx',1,1),(106,'106黄色2点第1章第3节有图.pptx',1,3),(106,'106黄色2点第1章第5节有图.pptx',1,5),(106,'106黄色2点第2章第1节有图.pptx',2,1),(106,'106黄色2点第2章第3节有图.pptx',2,3),(106,'106黄色2点第2章第5节有图.pptx',2,5),(106,'106黄色2点第3章第1节有图.pptx',3,1),(106,'106黄色2点第3章第3节有图.pptx',3,3),(106,'106黄色2点第3章第5节有图.pptx',3,5),(106,'106黄色2点第4章第1节有图.pptx',4,1),(106,'106黄色2点第4章第3节有图.pptx',4,3),(106,'106黄色2点第4章第5节有图.pptx',4,5),(106,'106黄色2点第5章第1节有图.pptx',5,1),(106,'106黄色2点第5章第3节有图.pptx',5,3),(106,'106黄色2点第5章第5节有图.pptx',5,5),(106,'106黄色2点第6章第1节有图.pptx',6,1),(106,'106黄色2点第6章第3节有图.pptx',6,3),(106,'106黄色2点第6章第5节有图.pptx',6,5),(107,'107黑色2点第1章第1节有图.pptx',1,1),(107,'107黑色2点第1章第3节有图.pptx',1,3),(107,'107黑色2点第1章第5节有图.pptx',1,5),(107,'107黑色2点第2章第1节有图.pptx',2,1),(107,'107黑色2点第2章第3节有图.pptx',2,3),(107,'107黑色2点第2章第5节有图.pptx',2,5),(107,'107黑色2点第3章第1节有图.pptx',3,1),(107,'107黑色2点第3章第3节有图.pptx',3,3),(107,'107黑色2点第3章第5节有图.pptx',3,5),(107,'107黑色2点第4章第1节有图.pptx',4,1),(107,'107黑色2点第4章第3节有图.pptx',4,3),(107,'107黑色2点第4章第5节有图.pptx',4,5),(107,'107黑色2点第5章第1节有图.pptx',5,1),(107,'107黑色2点第5章第3节有图.pptx',5,3),(107,'107黑色2点第5章第5节有图.pptx',5,5),(107,'107黑色2点第6章第1节有图.pptx',6,1),(107,'107黑色2点第6章第3节有图.pptx',6,3),(107,'107黑色2点第6章第5节有图.pptx',6,5),(126,'126橙色1点第1章第1节有图.pptx',1,1),(126,'126橙色1点第1章第2节有图.pptx',1,2),(126,'126橙色1点第1章第3节有图.pptx',1,3),(126,'126橙色1点第1章第4节有图.pptx',1,4),(126,'126橙色1点第1章第5节有图.pptx',1,5),(126,'126橙色1点第1章第6节有图.pptx',1,6),(126,'126橙色1点第2章第1节有图.pptx',2,1),(126,'126橙色1点第2章第2节有图.pptx',2,2),(126,'126橙色1点第2章第3节有图.pptx',2,3),(126,'126橙色1点第2章第4节有图.pptx',2,4),(126,'126橙色1点第2章第5节有图.pptx',2,5),(126,'126橙色1点第2章第6节有图.pptx',2,6),(126,'126橙色1点第3章第1节有图.pptx',3,1),(126,'126橙色1点第3章第2节有图.pptx',3,2),(126,'126橙色1点第3章第3节有图.pptx',3,3),(126,'126橙色1点第3章第4节有图.pptx',3,4),(126,'126橙色1点第3章第5节有图.pptx',3,5),(126,'126橙色1点第3章第6节有图.pptx',3,6),(126,'126橙色1点第4章第1节有图.pptx',4,1),(126,'126橙色1点第4章第2节有图.pptx',4,2),(126,'126橙色1点第4章第3节有图.pptx',4,3),(126,'126橙色1点第4章第4节有图.pptx',4,4),(126,'126橙色1点第4章第5节有图.pptx',4,5),(126,'126橙色1点第4章第6节有图.pptx',4,6),(126,'126橙色1点第5章第1节有图.pptx',5,1),(126,'126橙色1点第5章第2节有图.pptx',5,2),(126,'126橙色1点第5章第3节有图.pptx',5,3),(126,'126橙色1点第5章第4节有图.pptx',5,4),(126,'126橙色1点第5章第5节有图.pptx',5,5),(126,'126橙色1点第5章第6节有图.pptx',5,6),(126,'126橙色1点第6章第1节有图.pptx',6,1),(126,'126橙色1点第6章第2节有图.pptx',6,2),(126,'126橙色1点第6章第3节有图.pptx',6,3),(126,'126橙色1点第6章第4节有图.pptx',6,4),(126,'126橙色1点第6章第5节有图.pptx',6,5),(126,'126橙色1点第6章第6节有图.pptx',6,6),(127,'127白色1点第1章第1节有图.pptx',1,1),(127,'127白色1点第1章第2节有图.pptx',1,2),(127,'127白色1点第1章第3节有图.pptx',1,3),(127,'127白色1点第1章第4节有图.pptx',1,4),(127,'127白色1点第1章第5节有图.pptx',1,5),(127,'127白色1点第1章第6节有图.pptx',1,6),(127,'127白色1点第2章第1节有图.pptx',2,1),(127,'127白色1点第2章第2节有图.pptx',2,2),(127,'127白色1点第2章第3节有图.pptx',2,3),(127,'127白色1点第2章第4节有图.pptx',2,4),(127,'127白色1点第2章第5节有图.pptx',2,5),(127,'127白色1点第2章第6节有图.pptx',2,6),(127,'127白色1点第3章第1节有图.pptx',3,1),(127,'127白色1点第3章第2节有图.pptx',3,2),(127,'127白色1点第3章第3节有图.pptx',3,3),(127,'127白色1点第3章第4节有图.pptx',3,4),(127,'127白色1点第3章第5节有图.pptx',3,5),(127,'127白色1点第3章第6节有图.pptx',3,6),(127,'127白色1点第4章第1节有图.pptx',4,1),(127,'127白色1点第4章第2节有图.pptx',4,2),(127,'127白色1点第4章第3节有图.pptx',4,3),(127,'127白色1点第4章第4节有图.pptx',4,4),(127,'127白色1点第4章第5节有图.pptx',4,5),(127,'127白色1点第4章第6节有图.pptx',4,6),(127,'127白色1点第5章第1节有图.pptx',5,1),(127,'127白色1点第5章第2节有图.pptx',5,2),(127,'127白色1点第5章第3节有图.pptx',5,3),(127,'127白色1点第5章第4节有图.pptx',5,4),(127,'127白色1点第5章第5节有图.pptx',5,5),(127,'127白色1点第5章第6节有图.pptx',5,6),(127,'127白色1点第6章第1节有图.pptx',6,1),(127,'127白色1点第6章第2节有图.pptx',6,2),(127,'127白色1点第6章第3节有图.pptx',6,3),(127,'127白色1点第6章第4节有图.pptx',6,4),(127,'127白色1点第6章第5节有图.pptx',6,5),(127,'127白色1点第6章第6节有图.pptx',6,6),(128,'128粉色1点第1章第1节有图.pptx',1,1),(128,'128粉色1点第1章第2节有图.pptx',1,2),(128,'128粉色1点第1章第3节有图.pptx',1,3),(128,'128粉色1点第1章第4节有图.pptx',1,4),(128,'128粉色1点第1章第5节有图.pptx',1,5),(128,'128粉色1点第1章第6节有图.pptx',1,6),(128,'128粉色1点第2章第1节有图.pptx',2,1),(128,'128粉色1点第2章第2节有图.pptx',2,2),(128,'128粉色1点第2章第3节有图.pptx',2,3),(128,'128粉色1点第2章第4节有图.pptx',2,4),(128,'128粉色1点第2章第5节有图.pptx',2,5),(128,'128粉色1点第2章第6节有图.pptx',2,6),(128,'128粉色1点第3章第1节有图.pptx',3,1),(128,'128粉色1点第3章第2节有图.pptx',3,2),(128,'128粉色1点第3章第3节有图.pptx',3,3),(128,'128粉色1点第3章第4节有图.pptx',3,4),(128,'128粉色1点第3章第5节有图.pptx',3,5),(128,'128粉色1点第3章第6节有图.pptx',3,6),(128,'128粉色1点第4章第1节有图.pptx',4,1),(128,'128粉色1点第4章第2节有图.pptx',4,2),(128,'128粉色1点第4章第3节有图.pptx',4,3),(128,'128粉色1点第4章第4节有图.pptx',4,4),(128,'128粉色1点第4章第5节有图.pptx',4,5),(128,'128粉色1点第4章第6节有图.pptx',4,6),(128,'128粉色1点第5章第1节有图.pptx',5,1),(128,'128粉色1点第5章第2节有图.pptx',5,2),(128,'128粉色1点第5章第3节有图.pptx',5,3),(128,'128粉色1点第5章第4节有图.pptx',5,4),(128,'128粉色1点第5章第5节有图.pptx',5,5),(128,'128粉色1点第5章第6节有图.pptx',5,6),(128,'128粉色1点第6章第1节有图.pptx',6,1),(128,'128粉色1点第6章第2节有图.pptx',6,2),(128,'128粉色1点第6章第3节有图.pptx',6,3),(128,'128粉色1点第6章第4节有图.pptx',6,4),(128,'128粉色1点第6章第5节有图.pptx',6,5),(128,'128粉色1点第6章第6节有图.pptx',6,6),(129,'129紫色1点第1章第1节有图.pptx',1,1),(129,'129紫色1点第1章第2节有图.pptx',1,2),(129,'129紫色1点第1章第3节有图.pptx',1,3),(129,'129紫色1点第1章第4节有图.pptx',1,4),(129,'129紫色1点第1章第5节有图.pptx',1,5),(129,'129紫色1点第1章第6节有图.pptx',1,6),(129,'129紫色1点第2章第1节有图.pptx',2,1),(129,'129紫色1点第2章第2节有图.pptx',2,2),(129,'129紫色1点第2章第3节有图.pptx',2,3),(129,'129紫色1点第2章第4节有图.pptx',2,4),(129,'129紫色1点第2章第5节有图.pptx',2,5),(129,'129紫色1点第2章第6节有图.pptx',2,6),(129,'129紫色1点第3章第1节有图.pptx',3,1),(129,'129紫色1点第3章第2节有图.pptx',3,2),(129,'129紫色1点第3章第3节有图.pptx',3,3),(129,'129紫色1点第3章第4节有图.pptx',3,4),(129,'129紫色1点第3章第5节有图.pptx',3,5),(129,'129紫色1点第3章第6节有图.pptx',3,6),(129,'129紫色1点第4章第1节有图.pptx',4,1),(129,'129紫色1点第4章第2节有图.pptx',4,2),(129,'129紫色1点第4章第3节有图.pptx',4,3),(129,'129紫色1点第4章第4节有图.pptx',4,4),(129,'129紫色1点第4章第5节有图.pptx',4,5),(129,'129紫色1点第4章第6节有图.pptx',4,6),(129,'129紫色1点第5章第1节有图.pptx',5,1),(129,'129紫色1点第5章第2节有图.pptx',5,2),(129,'129紫色1点第5章第3节有图.pptx',5,3),(129,'129紫色1点第5章第4节有图.pptx',5,4),(129,'129紫色1点第5章第5节有图.pptx',5,5),(129,'129紫色1点第5章第6节有图.pptx',5,6),(129,'129紫色1点第6章第1节有图.pptx',6,1),(129,'129紫色1点第6章第2节有图.pptx',6,2),(129,'129紫色1点第6章第3节有图.pptx',6,3),(129,'129紫色1点第6章第4节有图.pptx',6,4),(129,'129紫色1点第6章第5节有图.pptx',6,5),(129,'129紫色1点第6章第6节有图.pptx',6,6),(130,'130红色1点第1章第1节有图.pptx',1,1),(130,'130红色1点第1章第2节有图.pptx',1,2),(130,'130红色1点第1章第3节有图.pptx',1,3),(130,'130红色1点第1章第4节有图.pptx',1,4),(130,'130红色1点第1章第5节有图.pptx',1,5),(130,'130红色1点第1章第6节有图.pptx',1,6),(130,'130红色1点第2章第1节有图.pptx',2,1),(130,'130红色1点第2章第2节有图.pptx',2,2),(130,'130红色1点第2章第3节有图.pptx',2,3),(130,'130红色1点第2章第4节有图.pptx',2,4),(130,'130红色1点第2章第5节有图.pptx',2,5),(130,'130红色1点第2章第6节有图.pptx',2,6),(130,'130红色1点第3章第1节有图.pptx',3,1),(130,'130红色1点第3章第2节有图.pptx',3,2),(130,'130红色1点第3章第3节有图.pptx',3,3),(130,'130红色1点第3章第4节有图.pptx',3,4),(130,'130红色1点第3章第5节有图.pptx',3,5),(130,'130红色1点第3章第6节有图.pptx',3,6),(130,'130红色1点第4章第1节有图.pptx',4,1),(130,'130红色1点第4章第2节有图.pptx',4,2),(130,'130红色1点第4章第3节有图.pptx',4,3),(130,'130红色1点第4章第4节有图.pptx',4,4),(130,'130红色1点第4章第5节有图.pptx',4,5),(130,'130红色1点第4章第6节有图.pptx',4,6),(130,'130红色1点第5章第1节有图.pptx',5,1),(130,'130红色1点第5章第2节有图.pptx',5,2),(130,'130红色1点第5章第3节有图.pptx',5,3),(130,'130红色1点第5章第4节有图.pptx',5,4),(130,'130红色1点第5章第5节有图.pptx',5,5),(130,'130红色1点第5章第6节有图.pptx',5,6),(130,'130红色1点第6章第1节有图.pptx',6,1),(130,'130红色1点第6章第2节有图.pptx',6,2),(130,'130红色1点第6章第3节有图.pptx',6,3),(130,'130红色1点第6章第4节有图.pptx',6,4),(130,'130红色1点第6章第5节有图.pptx',6,5),(130,'130红色1点第6章第6节有图.pptx',6,6),(131,'131绿色1点第1章第1节有图.pptx',1,1),(131,'131绿色1点第1章第2节有图.pptx',1,2),(131,'131绿色1点第1章第3节有图.pptx',1,3),(131,'131绿色1点第1章第4节有图.pptx',1,4),(131,'131绿色1点第1章第5节有图.pptx',1,5),(131,'131绿色1点第1章第6节有图.pptx',1,6),(131,'131绿色1点第2章第1节有图.pptx',2,1),(131,'131绿色1点第2章第2节有图.pptx',2,2),(131,'131绿色1点第2章第3节有图.pptx',2,3),(131,'131绿色1点第2章第4节有图.pptx',2,4),(131,'131绿色1点第2章第5节有图.pptx',2,5),(131,'131绿色1点第2章第6节有图.pptx',2,6),(131,'131绿色1点第3章第1节有图.pptx',3,1),(131,'131绿色1点第3章第2节有图.pptx',3,2),(131,'131绿色1点第3章第3节有图.pptx',3,3),(131,'131绿色1点第3章第4节有图.pptx',3,4),(131,'131绿色1点第3章第5节有图.pptx',3,5),(131,'131绿色1点第3章第6节有图.pptx',3,6),(131,'131绿色1点第4章第1节有图.pptx',4,1),(131,'131绿色1点第4章第2节有图.pptx',4,2),(131,'131绿色1点第4章第3节有图.pptx',4,3),(131,'131绿色1点第4章第4节有图.pptx',4,4),(131,'131绿色1点第4章第5节有图.pptx',4,5),(131,'131绿色1点第4章第6节有图.pptx',4,6),(131,'131绿色1点第5章第1节有图.pptx',5,1),(131,'131绿色1点第5章第2节有图.pptx',5,2),(131,'131绿色1点第5章第3节有图.pptx',5,3),(131,'131绿色1点第5章第4节有图.pptx',5,4),(131,'131绿色1点第5章第5节有图.pptx',5,5),(131,'131绿色1点第5章第6节有图.pptx',5,6),(131,'131绿色1点第6章第1节有图.pptx',6,1),(131,'131绿色1点第6章第2节有图.pptx',6,2),(131,'131绿色1点第6章第3节有图.pptx',6,3),(131,'131绿色1点第6章第4节有图.pptx',6,4),(131,'131绿色1点第6章第5节有图.pptx',6,5),(131,'131绿色1点第6章第6节有图.pptx',6,6),(132,'132蓝色1点第1章第1节有图.pptx',1,1),(132,'132蓝色1点第1章第2节有图.pptx',1,2),(132,'132蓝色1点第1章第3节有图.pptx',1,3),(132,'132蓝色1点第1章第4节有图.pptx',1,4),(132,'132蓝色1点第1章第5节有图.pptx',1,5),(132,'132蓝色1点第1章第6节有图.pptx',1,6),(132,'132蓝色1点第2章第1节有图.pptx',2,1),(132,'132蓝色1点第2章第2节有图.pptx',2,2),(132,'132蓝色1点第2章第3节有图.pptx',2,3),(132,'132蓝色1点第2章第4节有图.pptx',2,4),(132,'132蓝色1点第2章第5节有图.pptx',2,5),(132,'132蓝色1点第2章第6节有图.pptx',2,6),(132,'132蓝色1点第3章第1节有图.pptx',3,1),(132,'132蓝色1点第3章第2节有图.pptx',3,2),(132,'132蓝色1点第3章第3节有图.pptx',3,3),(132,'132蓝色1点第3章第4节有图.pptx',3,4),(132,'132蓝色1点第3章第5节有图.pptx',3,5),(132,'132蓝色1点第3章第6节有图.pptx',3,6),(132,'132蓝色1点第4章第1节有图.pptx',4,1),(132,'132蓝色1点第4章第2节有图.pptx',4,2),(132,'132蓝色1点第4章第3节有图.pptx',4,3),(132,'132蓝色1点第4章第4节有图.pptx',4,4),(132,'132蓝色1点第4章第5节有图.pptx',4,5),(132,'132蓝色1点第4章第6节有图.pptx',4,6),(132,'132蓝色1点第5章第1节有图.pptx',5,1),(132,'132蓝色1点第5章第2节有图.pptx',5,2),(132,'132蓝色1点第5章第3节有图.pptx',5,3),(132,'132蓝色1点第5章第4节有图.pptx',5,4),(132,'132蓝色1点第5章第5节有图.pptx',5,5),(132,'132蓝色1点第5章第6节有图.pptx',5,6),(132,'132蓝色1点第6章第1节有图.pptx',6,1),(132,'132蓝色1点第6章第2节有图.pptx',6,2),(132,'132蓝色1点第6章第3节有图.pptx',6,3),(132,'132蓝色1点第6章第4节有图.pptx',6,4),(132,'132蓝色1点第6章第5节有图.pptx',6,5),(132,'132蓝色1点第6章第6节有图.pptx',6,6),(133,'133黄色1点第1章第1节有图.pptx',1,1),(133,'133黄色1点第1章第2节有图.pptx',1,2),(133,'133黄色1点第1章第3节有图.pptx',1,3),(133,'133黄色1点第1章第4节有图.pptx',1,4),(133,'133黄色1点第1章第5节有图.pptx',1,5),(133,'133黄色1点第1章第6节有图.pptx',1,6),(133,'133黄色1点第2章第1节有图.pptx',2,1),(133,'133黄色1点第2章第2节有图.pptx',2,2),(133,'133黄色1点第2章第3节有图.pptx',2,3),(133,'133黄色1点第2章第4节有图.pptx',2,4),(133,'133黄色1点第2章第5节有图.pptx',2,5),(133,'133黄色1点第2章第6节有图.pptx',2,6),(133,'133黄色1点第3章第1节有图.pptx',3,1),(133,'133黄色1点第3章第2节有图.pptx',3,2),(133,'133黄色1点第3章第3节有图.pptx',3,3),(133,'133黄色1点第3章第4节有图.pptx',3,4),(133,'133黄色1点第3章第5节有图.pptx',3,5),(133,'133黄色1点第3章第6节有图.pptx',3,6),(133,'133黄色1点第4章第1节有图.pptx',4,1),(133,'133黄色1点第4章第2节有图.pptx',4,2),(133,'133黄色1点第4章第3节有图.pptx',4,3),(133,'133黄色1点第4章第4节有图.pptx',4,4),(133,'133黄色1点第4章第5节有图.pptx',4,5),(133,'133黄色1点第4章第6节有图.pptx',4,6),(133,'133黄色1点第5章第1节有图.pptx',5,1),(133,'133黄色1点第5章第2节有图.pptx',5,2),(133,'133黄色1点第5章第3节有图.pptx',5,3),(133,'133黄色1点第5章第4节有图.pptx',5,4),(133,'133黄色1点第5章第5节有图.pptx',5,5),(133,'133黄色1点第5章第6节有图.pptx',5,6),(133,'133黄色1点第6章第1节有图.pptx',6,1),(133,'133黄色1点第6章第2节有图.pptx',6,2),(133,'133黄色1点第6章第3节有图.pptx',6,3),(133,'133黄色1点第6章第4节有图.pptx',6,4),(133,'133黄色1点第6章第5节有图.pptx',6,5),(133,'133黄色1点第6章第6节有图.pptx',6,6),(134,'134黑色1点第1章第1节有图.pptx',1,1),(134,'134黑色1点第1章第2节有图.pptx',1,2),(134,'134黑色1点第1章第3节有图.pptx',1,3),(134,'134黑色1点第1章第4节有图.pptx',1,4),(134,'134黑色1点第1章第5节有图.pptx',1,5),(134,'134黑色1点第1章第6节有图.pptx',1,6),(134,'134黑色1点第2章第1节有图.pptx',2,1),(134,'134黑色1点第2章第2节有图.pptx',2,2),(134,'134黑色1点第2章第3节有图.pptx',2,3),(134,'134黑色1点第2章第4节有图.pptx',2,4),(134,'134黑色1点第2章第5节有图.pptx',2,5),(134,'134黑色1点第2章第6节有图.pptx',2,6),(134,'134黑色1点第3章第1节有图.pptx',3,1),(134,'134黑色1点第3章第2节有图.pptx',3,2),(134,'134黑色1点第3章第3节有图.pptx',3,3),(134,'134黑色1点第3章第4节有图.pptx',3,4),(134,'134黑色1点第3章第5节有图.pptx',3,5),(134,'134黑色1点第3章第6节有图.pptx',3,6),(134,'134黑色1点第4章第1节有图.pptx',4,1),(134,'134黑色1点第4章第2节有图.pptx',4,2),(134,'134黑色1点第4章第3节有图.pptx',4,3),(134,'134黑色1点第4章第4节有图.pptx',4,4),(134,'134黑色1点第4章第5节有图.pptx',4,5),(134,'134黑色1点第4章第6节有图.pptx',4,6),(134,'134黑色1点第5章第1节有图.pptx',5,1),(134,'134黑色1点第5章第2节有图.pptx',5,2),(134,'134黑色1点第5章第3节有图.pptx',5,3),(134,'134黑色1点第5章第4节有图.pptx',5,4),(134,'134黑色1点第5章第5节有图.pptx',5,5),(134,'134黑色1点第5章第6节有图.pptx',5,6),(134,'134黑色1点第6章第1节有图.pptx',6,1),(134,'134黑色1点第6章第2节有图.pptx',6,2),(134,'134黑色1点第6章第3节有图.pptx',6,3),(134,'134黑色1点第6章第4节有图.pptx',6,4),(134,'134黑色1点第6章第5节有图.pptx',6,5),(134,'134黑色1点第6章第6节有图.pptx',6,6),(135,'135橙色1点第1章第1节有图.pptx',1,1),(135,'135橙色1点第1章第2节有图.pptx',1,2),(135,'135橙色1点第1章第3节有图.pptx',1,3),(135,'135橙色1点第1章第4节有图.pptx',1,4),(135,'135橙色1点第1章第5节有图.pptx',1,5),(135,'135橙色1点第1章第6节有图.pptx',1,6),(135,'135橙色1点第2章第1节有图.pptx',2,1),(135,'135橙色1点第2章第2节有图.pptx',2,2),(135,'135橙色1点第2章第3节有图.pptx',2,3),(135,'135橙色1点第2章第4节有图.pptx',2,4),(135,'135橙色1点第2章第5节有图.pptx',2,5),(135,'135橙色1点第2章第6节有图.pptx',2,6),(135,'135橙色1点第3章第1节有图.pptx',3,1),(135,'135橙色1点第3章第2节有图.pptx',3,2),(135,'135橙色1点第3章第3节有图.pptx',3,3),(135,'135橙色1点第3章第4节有图.pptx',3,4),(135,'135橙色1点第3章第5节有图.pptx',3,5),(135,'135橙色1点第3章第6节有图.pptx',3,6),(135,'135橙色1点第4章第1节有图.pptx',4,1),(135,'135橙色1点第4章第2节有图.pptx',4,2),(135,'135橙色1点第4章第3节有图.pptx',4,3),(135,'135橙色1点第4章第4节有图.pptx',4,4),(135,'135橙色1点第4章第5节有图.pptx',4,5),(135,'135橙色1点第4章第6节有图.pptx',4,6),(135,'135橙色1点第5章第1节有图.pptx',5,1),(135,'135橙色1点第5章第2节有图.pptx',5,2),(135,'135橙色1点第5章第3节有图.pptx',5,3),(135,'135橙色1点第5章第4节有图.pptx',5,4),(135,'135橙色1点第5章第5节有图.pptx',5,5),(135,'135橙色1点第5章第6节有图.pptx',5,6),(135,'135橙色1点第6章第1节有图.pptx',6,1),(135,'135橙色1点第6章第2节有图.pptx',6,2),(135,'135橙色1点第6章第3节有图.pptx',6,3),(135,'135橙色1点第6章第4节有图.pptx',6,4),(135,'135橙色1点第6章第5节有图.pptx',6,5),(135,'135橙色1点第6章第6节有图.pptx',6,6),(136,'136白色1点第1章第1节有图.pptx',1,1),(136,'136白色1点第1章第2节有图.pptx',1,2),(136,'136白色1点第1章第3节有图.pptx',1,3),(136,'136白色1点第1章第4节有图.pptx',1,4),(136,'136白色1点第1章第5节有图.pptx',1,5),(136,'136白色1点第1章第6节有图.pptx',1,6),(136,'136白色1点第2章第1节有图.pptx',2,1),(136,'136白色1点第2章第2节有图.pptx',2,2),(136,'136白色1点第2章第3节有图.pptx',2,3),(136,'136白色1点第2章第4节有图.pptx',2,4),(136,'136白色1点第2章第5节有图.pptx',2,5),(136,'136白色1点第2章第6节有图.pptx',2,6),(136,'136白色1点第3章第1节有图.pptx',3,1),(136,'136白色1点第3章第2节有图.pptx',3,2),(136,'136白色1点第3章第3节有图.pptx',3,3),(136,'136白色1点第3章第4节有图.pptx',3,4),(136,'136白色1点第3章第5节有图.pptx',3,5),(136,'136白色1点第3章第6节有图.pptx',3,6),(136,'136白色1点第4章第1节有图.pptx',4,1),(136,'136白色1点第4章第2节有图.pptx',4,2),(136,'136白色1点第4章第3节有图.pptx',4,3),(136,'136白色1点第4章第4节有图.pptx',4,4),(136,'136白色1点第4章第5节有图.pptx',4,5),(136,'136白色1点第4章第6节有图.pptx',4,6),(136,'136白色1点第5章第1节有图.pptx',5,1),(136,'136白色1点第5章第2节有图.pptx',5,2),(136,'136白色1点第5章第3节有图.pptx',5,3),(136,'136白色1点第5章第4节有图.pptx',5,4),(136,'136白色1点第5章第5节有图.pptx',5,5),(136,'136白色1点第5章第6节有图.pptx',5,6),(136,'136白色1点第6章第1节有图.pptx',6,1),(136,'136白色1点第6章第2节有图.pptx',6,2),(136,'136白色1点第6章第3节有图.pptx',6,3),(136,'136白色1点第6章第4节有图.pptx',6,4),(136,'136白色1点第6章第5节有图.pptx',6,5),(136,'136白色1点第6章第6节有图.pptx',6,6),(137,'137粉色1点第1章第1节有图.pptx',1,1),(137,'137粉色1点第1章第2节有图.pptx',1,2),(137,'137粉色1点第1章第3节有图.pptx',1,3),(137,'137粉色1点第1章第4节有图.pptx',1,4),(137,'137粉色1点第1章第5节有图.pptx',1,5),(137,'137粉色1点第1章第6节有图.pptx',1,6),(137,'137粉色1点第2章第1节有图.pptx',2,1),(137,'137粉色1点第2章第2节有图.pptx',2,2),(137,'137粉色1点第2章第3节有图.pptx',2,3),(137,'137粉色1点第2章第4节有图.pptx',2,4),(137,'137粉色1点第2章第5节有图.pptx',2,5),(137,'137粉色1点第2章第6节有图.pptx',2,6),(137,'137粉色1点第3章第1节有图.pptx',3,1),(137,'137粉色1点第3章第2节有图.pptx',3,2),(137,'137粉色1点第3章第3节有图.pptx',3,3),(137,'137粉色1点第3章第4节有图.pptx',3,4),(137,'137粉色1点第3章第5节有图.pptx',3,5),(137,'137粉色1点第3章第6节有图.pptx',3,6),(137,'137粉色1点第4章第1节有图.pptx',4,1),(137,'137粉色1点第4章第2节有图.pptx',4,2),(137,'137粉色1点第4章第3节有图.pptx',4,3),(137,'137粉色1点第4章第4节有图.pptx',4,4),(137,'137粉色1点第4章第5节有图.pptx',4,5),(137,'137粉色1点第4章第6节有图.pptx',4,6),(137,'137粉色1点第5章第1节有图.pptx',5,1),(137,'137粉色1点第5章第2节有图.pptx',5,2),(137,'137粉色1点第5章第3节有图.pptx',5,3),(137,'137粉色1点第5章第4节有图.pptx',5,4),(137,'137粉色1点第5章第5节有图.pptx',5,5),(137,'137粉色1点第5章第6节有图.pptx',5,6),(137,'137粉色1点第6章第1节有图.pptx',6,1),(137,'137粉色1点第6章第2节有图.pptx',6,2),(137,'137粉色1点第6章第3节有图.pptx',6,3),(137,'137粉色1点第6章第4节有图.pptx',6,4),(137,'137粉色1点第6章第5节有图.pptx',6,5),(137,'137粉色1点第6章第6节有图.pptx',6,6),(138,'138紫色1点第1章第1节有图.pptx',1,1),(138,'138紫色1点第1章第2节有图.pptx',1,2),(138,'138紫色1点第1章第3节有图.pptx',1,3),(138,'138紫色1点第1章第4节有图.pptx',1,4),(138,'138紫色1点第1章第5节有图.pptx',1,5),(138,'138紫色1点第1章第6节有图.pptx',1,6),(138,'138紫色1点第2章第1节有图.pptx',2,1),(138,'138紫色1点第2章第2节有图.pptx',2,2),(138,'138紫色1点第2章第3节有图.pptx',2,3),(138,'138紫色1点第2章第4节有图.pptx',2,4),(138,'138紫色1点第2章第5节有图.pptx',2,5),(138,'138紫色1点第2章第6节有图.pptx',2,6),(138,'138紫色1点第3章第1节有图.pptx',3,1),(138,'138紫色1点第3章第2节有图.pptx',3,2),(138,'138紫色1点第3章第3节有图.pptx',3,3),(138,'138紫色1点第3章第4节有图.pptx',3,4),(138,'138紫色1点第3章第5节有图.pptx',3,5),(138,'138紫色1点第3章第6节有图.pptx',3,6),(138,'138紫色1点第4章第1节有图.pptx',4,1),(138,'138紫色1点第4章第2节有图.pptx',4,2),(138,'138紫色1点第4章第3节有图.pptx',4,3),(138,'138紫色1点第4章第4节有图.pptx',4,4),(138,'138紫色1点第4章第5节有图.pptx',4,5),(138,'138紫色1点第4章第6节有图.pptx',4,6),(138,'138紫色1点第5章第1节有图.pptx',5,1),(138,'138紫色1点第5章第2节有图.pptx',5,2),(138,'138紫色1点第5章第3节有图.pptx',5,3),(138,'138紫色1点第5章第4节有图.pptx',5,4),(138,'138紫色1点第5章第5节有图.pptx',5,5),(138,'138紫色1点第5章第6节有图.pptx',5,6),(138,'138紫色1点第6章第1节有图.pptx',6,1),(138,'138紫色1点第6章第2节有图.pptx',6,2),(138,'138紫色1点第6章第3节有图.pptx',6,3),(138,'138紫色1点第6章第4节有图.pptx',6,4),(138,'138紫色1点第6章第5节有图.pptx',6,5),(138,'138紫色1点第6章第6节有图.pptx',6,6),(139,'139红色1点第1章第1节有图.pptx',1,1),(139,'139红色1点第1章第2节有图.pptx',1,2),(139,'139红色1点第1章第3节有图.pptx',1,3),(139,'139红色1点第1章第4节有图.pptx',1,4),(139,'139红色1点第1章第5节有图.pptx',1,5),(139,'139红色1点第1章第6节有图.pptx',1,6),(139,'139红色1点第2章第1节有图.pptx',2,1),(139,'139红色1点第2章第2节有图.pptx',2,2),(139,'139红色1点第2章第3节有图.pptx',2,3),(139,'139红色1点第2章第4节有图.pptx',2,4),(139,'139红色1点第2章第5节有图.pptx',2,5),(139,'139红色1点第2章第6节有图.pptx',2,6),(139,'139红色1点第3章第1节有图.pptx',3,1),(139,'139红色1点第3章第2节有图.pptx',3,2),(139,'139红色1点第3章第3节有图.pptx',3,3),(139,'139红色1点第3章第4节有图.pptx',3,4),(139,'139红色1点第3章第5节有图.pptx',3,5),(139,'139红色1点第3章第6节有图.pptx',3,6),(139,'139红色1点第4章第1节有图.pptx',4,1),(139,'139红色1点第4章第2节有图.pptx',4,2),(139,'139红色1点第4章第3节有图.pptx',4,3),(139,'139红色1点第4章第4节有图.pptx',4,4),(139,'139红色1点第4章第5节有图.pptx',4,5),(139,'139红色1点第4章第6节有图.pptx',4,6),(139,'139红色1点第5章第1节有图.pptx',5,1),(139,'139红色1点第5章第2节有图.pptx',5,2),(139,'139红色1点第5章第3节有图.pptx',5,3),(139,'139红色1点第5章第4节有图.pptx',5,4),(139,'139红色1点第5章第5节有图.pptx',5,5),(139,'139红色1点第5章第6节有图.pptx',5,6),(139,'139红色1点第6章第1节有图.pptx',6,1),(139,'139红色1点第6章第2节有图.pptx',6,2),(139,'139红色1点第6章第3节有图.pptx',6,3),(139,'139红色1点第6章第4节有图.pptx',6,4),(139,'139红色1点第6章第5节有图.pptx',6,5),(139,'139红色1点第6章第6节有图.pptx',6,6),(140,'140绿色1点第1章第1节有图.pptx',1,1),(140,'140绿色1点第1章第2节有图.pptx',1,2),(140,'140绿色1点第1章第3节有图.pptx',1,3),(140,'140绿色1点第1章第4节有图.pptx',1,4),(140,'140绿色1点第1章第5节有图.pptx',1,5),(140,'140绿色1点第1章第6节有图.pptx',1,6),(140,'140绿色1点第2章第1节有图.pptx',2,1),(140,'140绿色1点第2章第2节有图.pptx',2,2),(140,'140绿色1点第2章第3节有图.pptx',2,3),(140,'140绿色1点第2章第4节有图.pptx',2,4),(140,'140绿色1点第2章第5节有图.pptx',2,5),(140,'140绿色1点第2章第6节有图.pptx',2,6),(140,'140绿色1点第3章第1节有图.pptx',3,1),(140,'140绿色1点第3章第2节有图.pptx',3,2),(140,'140绿色1点第3章第3节有图.pptx',3,3),(140,'140绿色1点第3章第4节有图.pptx',3,4),(140,'140绿色1点第3章第5节有图.pptx',3,5),(140,'140绿色1点第3章第6节有图.pptx',3,6),(140,'140绿色1点第4章第1节有图.pptx',4,1),(140,'140绿色1点第4章第2节有图.pptx',4,2),(140,'140绿色1点第4章第3节有图.pptx',4,3),(140,'140绿色1点第4章第4节有图.pptx',4,4),(140,'140绿色1点第4章第5节有图.pptx',4,5),(140,'140绿色1点第4章第6节有图.pptx',4,6),(140,'140绿色1点第5章第1节有图.pptx',5,1),(140,'140绿色1点第5章第2节有图.pptx',5,2),(140,'140绿色1点第5章第3节有图.pptx',5,3),(140,'140绿色1点第5章第4节有图.pptx',5,4),(140,'140绿色1点第5章第5节有图.pptx',5,5),(140,'140绿色1点第5章第6节有图.pptx',5,6),(140,'140绿色1点第6章第1节有图.pptx',6,1),(140,'140绿色1点第6章第2节有图.pptx',6,2),(140,'140绿色1点第6章第3节有图.pptx',6,3),(140,'140绿色1点第6章第4节有图.pptx',6,4),(140,'140绿色1点第6章第5节有图.pptx',6,5),(140,'140绿色1点第6章第6节有图.pptx',6,6),(141,'141蓝色1点第1章第1节有图.pptx',1,1),(141,'141蓝色1点第1章第2节有图.pptx',1,2),(141,'141蓝色1点第1章第3节有图.pptx',1,3),(141,'141蓝色1点第1章第4节有图.pptx',1,4),(141,'141蓝色1点第1章第5节有图.pptx',1,5),(141,'141蓝色1点第1章第6节有图.pptx',1,6),(141,'141蓝色1点第2章第1节有图.pptx',2,1),(141,'141蓝色1点第2章第2节有图.pptx',2,2),(141,'141蓝色1点第2章第3节有图.pptx',2,3),(141,'141蓝色1点第2章第4节有图.pptx',2,4),(141,'141蓝色1点第2章第5节有图.pptx',2,5),(141,'141蓝色1点第2章第6节有图.pptx',2,6),(141,'141蓝色1点第3章第1节有图.pptx',3,1),(141,'141蓝色1点第3章第2节有图.pptx',3,2),(141,'141蓝色1点第3章第3节有图.pptx',3,3),(141,'141蓝色1点第3章第4节有图.pptx',3,4),(141,'141蓝色1点第3章第5节有图.pptx',3,5),(141,'141蓝色1点第3章第6节有图.pptx',3,6),(141,'141蓝色1点第4章第1节有图.pptx',4,1),(141,'141蓝色1点第4章第2节有图.pptx',4,2),(141,'141蓝色1点第4章第3节有图.pptx',4,3),(141,'141蓝色1点第4章第4节有图.pptx',4,4),(141,'141蓝色1点第4章第5节有图.pptx',4,5),(141,'141蓝色1点第4章第6节有图.pptx',4,6),(141,'141蓝色1点第5章第1节有图.pptx',5,1),(141,'141蓝色1点第5章第2节有图.pptx',5,2),(141,'141蓝色1点第5章第3节有图.pptx',5,3),(141,'141蓝色1点第5章第4节有图.pptx',5,4),(141,'141蓝色1点第5章第5节有图.pptx',5,5),(141,'141蓝色1点第5章第6节有图.pptx',5,6),(141,'141蓝色1点第6章第1节有图.pptx',6,1),(141,'141蓝色1点第6章第2节有图.pptx',6,2),(141,'141蓝色1点第6章第3节有图.pptx',6,3),(141,'141蓝色1点第6章第4节有图.pptx',6,4),(141,'141蓝色1点第6章第5节有图.pptx',6,5),(141,'141蓝色1点第6章第6节有图.pptx',6,6),(142,'142黄色1点第1章第1节有图.pptx',1,1),(142,'142黄色1点第1章第2节有图.pptx',1,2),(142,'142黄色1点第1章第3节有图.pptx',1,3),(142,'142黄色1点第1章第4节有图.pptx',1,4),(142,'142黄色1点第1章第5节有图.pptx',1,5),(142,'142黄色1点第1章第6节有图.pptx',1,6),(142,'142黄色1点第2章第1节有图.pptx',2,1),(142,'142黄色1点第2章第2节有图.pptx',2,2),(142,'142黄色1点第2章第3节有图.pptx',2,3),(142,'142黄色1点第2章第4节有图.pptx',2,4),(142,'142黄色1点第2章第5节有图.pptx',2,5),(142,'142黄色1点第2章第6节有图.pptx',2,6),(142,'142黄色1点第3章第1节有图.pptx',3,1),(142,'142黄色1点第3章第2节有图.pptx',3,2),(142,'142黄色1点第3章第3节有图.pptx',3,3),(142,'142黄色1点第3章第4节有图.pptx',3,4),(142,'142黄色1点第3章第5节有图.pptx',3,5),(142,'142黄色1点第3章第6节有图.pptx',3,6),(142,'142黄色1点第4章第1节有图.pptx',4,1),(142,'142黄色1点第4章第2节有图.pptx',4,2),(142,'142黄色1点第4章第3节有图.pptx',4,3),(142,'142黄色1点第4章第4节有图.pptx',4,4),(142,'142黄色1点第4章第5节有图.pptx',4,5),(142,'142黄色1点第4章第6节有图.pptx',4,6),(142,'142黄色1点第5章第1节有图.pptx',5,1),(142,'142黄色1点第5章第2节有图.pptx',5,2),(142,'142黄色1点第5章第3节有图.pptx',5,3),(142,'142黄色1点第5章第4节有图.pptx',5,4),(142,'142黄色1点第5章第5节有图.pptx',5,5),(142,'142黄色1点第5章第6节有图.pptx',5,6),(142,'142黄色1点第6章第1节有图.pptx',6,1),(142,'142黄色1点第6章第2节有图.pptx',6,2),(142,'142黄色1点第6章第3节有图.pptx',6,3),(142,'142黄色1点第6章第4节有图.pptx',6,4),(142,'142黄色1点第6章第5节有图.pptx',6,5),(142,'142黄色1点第6章第6节有图.pptx',6,6),(143,'143黑色1点第1章第1节有图.pptx',1,1),(143,'143黑色1点第1章第2节有图.pptx',1,2),(143,'143黑色1点第1章第3节有图.pptx',1,3),(143,'143黑色1点第1章第4节有图.pptx',1,4),(143,'143黑色1点第1章第5节有图.pptx',1,5),(143,'143黑色1点第1章第6节有图.pptx',1,6),(143,'143黑色1点第2章第1节有图.pptx',2,1),(143,'143黑色1点第2章第2节有图.pptx',2,2),(143,'143黑色1点第2章第3节有图.pptx',2,3),(143,'143黑色1点第2章第4节有图.pptx',2,4),(143,'143黑色1点第2章第5节有图.pptx',2,5),(143,'143黑色1点第2章第6节有图.pptx',2,6),(143,'143黑色1点第3章第1节有图.pptx',3,1),(143,'143黑色1点第3章第2节有图.pptx',3,2),(143,'143黑色1点第3章第3节有图.pptx',3,3),(143,'143黑色1点第3章第4节有图.pptx',3,4),(143,'143黑色1点第3章第5节有图.pptx',3,5),(143,'143黑色1点第3章第6节有图.pptx',3,6),(143,'143黑色1点第4章第1节有图.pptx',4,1),(143,'143黑色1点第4章第2节有图.pptx',4,2),(143,'143黑色1点第4章第3节有图.pptx',4,3),(143,'143黑色1点第4章第4节有图.pptx',4,4),(143,'143黑色1点第4章第5节有图.pptx',4,5),(143,'143黑色1点第4章第6节有图.pptx',4,6),(143,'143黑色1点第5章第1节有图.pptx',5,1),(143,'143黑色1点第5章第2节有图.pptx',5,2),(143,'143黑色1点第5章第3节有图.pptx',5,3),(143,'143黑色1点第5章第4节有图.pptx',5,4),(143,'143黑色1点第5章第5节有图.pptx',5,5),(143,'143黑色1点第5章第6节有图.pptx',5,6),(143,'143黑色1点第6章第1节有图.pptx',6,1),(143,'143黑色1点第6章第2节有图.pptx',6,2),(143,'143黑色1点第6章第3节有图.pptx',6,3),(143,'143黑色1点第6章第4节有图.pptx',6,4),(143,'143黑色1点第6章第5节有图.pptx',6,5),(143,'143黑色1点第6章第6节有图.pptx',6,6),(144,'144橙色1点第1章第1节有图.pptx',1,1),(144,'144橙色1点第1章第2节有图.pptx',1,2),(144,'144橙色1点第1章第3节有图.pptx',1,3),(144,'144橙色1点第1章第4节有图.pptx',1,4),(144,'144橙色1点第1章第5节有图.pptx',1,5),(144,'144橙色1点第1章第6节有图.pptx',1,6),(144,'144橙色1点第2章第1节有图.pptx',2,1),(144,'144橙色1点第2章第2节有图.pptx',2,2),(144,'144橙色1点第2章第3节有图.pptx',2,3),(144,'144橙色1点第2章第4节有图.pptx',2,4),(144,'144橙色1点第2章第5节有图.pptx',2,5),(144,'144橙色1点第2章第6节有图.pptx',2,6),(144,'144橙色1点第3章第1节有图.pptx',3,1),(144,'144橙色1点第3章第2节有图.pptx',3,2),(144,'144橙色1点第3章第3节有图.pptx',3,3),(144,'144橙色1点第3章第4节有图.pptx',3,4),(144,'144橙色1点第3章第5节有图.pptx',3,5),(144,'144橙色1点第3章第6节有图.pptx',3,6),(144,'144橙色1点第4章第1节有图.pptx',4,1),(144,'144橙色1点第4章第2节有图.pptx',4,2),(144,'144橙色1点第4章第3节有图.pptx',4,3),(144,'144橙色1点第4章第4节有图.pptx',4,4),(144,'144橙色1点第4章第5节有图.pptx',4,5),(144,'144橙色1点第4章第6节有图.pptx',4,6),(144,'144橙色1点第5章第1节有图.pptx',5,1),(144,'144橙色1点第5章第2节有图.pptx',5,2),(144,'144橙色1点第5章第3节有图.pptx',5,3),(144,'144橙色1点第5章第4节有图.pptx',5,4),(144,'144橙色1点第5章第5节有图.pptx',5,5),(144,'144橙色1点第5章第6节有图.pptx',5,6),(144,'144橙色1点第6章第1节有图.pptx',6,1),(144,'144橙色1点第6章第2节有图.pptx',6,2),(144,'144橙色1点第6章第3节有图.pptx',6,3),(144,'144橙色1点第6章第4节有图.pptx',6,4),(144,'144橙色1点第6章第5节有图.pptx',6,5),(144,'144橙色1点第6章第6节有图.pptx',6,6),(145,'145白色1点第1章第1节有图.pptx',1,1),(145,'145白色1点第1章第2节有图.pptx',1,2),(145,'145白色1点第1章第3节有图.pptx',1,3),(145,'145白色1点第1章第4节有图.pptx',1,4),(145,'145白色1点第1章第5节有图.pptx',1,5),(145,'145白色1点第1章第6节有图.pptx',1,6),(145,'145白色1点第2章第1节有图.pptx',2,1),(145,'145白色1点第2章第2节有图.pptx',2,2),(145,'145白色1点第2章第3节有图.pptx',2,3),(145,'145白色1点第2章第4节有图.pptx',2,4),(145,'145白色1点第2章第5节有图.pptx',2,5),(145,'145白色1点第2章第6节有图.pptx',2,6),(145,'145白色1点第3章第1节有图.pptx',3,1),(145,'145白色1点第3章第2节有图.pptx',3,2),(145,'145白色1点第3章第3节有图.pptx',3,3),(145,'145白色1点第3章第4节有图.pptx',3,4),(145,'145白色1点第3章第5节有图.pptx',3,5),(145,'145白色1点第3章第6节有图.pptx',3,6),(145,'145白色1点第4章第1节有图.pptx',4,1),(145,'145白色1点第4章第2节有图.pptx',4,2),(145,'145白色1点第4章第3节有图.pptx',4,3),(145,'145白色1点第4章第4节有图.pptx',4,4),(145,'145白色1点第4章第5节有图.pptx',4,5),(145,'145白色1点第4章第6节有图.pptx',4,6),(145,'145白色1点第5章第1节有图.pptx',5,1),(145,'145白色1点第5章第2节有图.pptx',5,2),(145,'145白色1点第5章第3节有图.pptx',5,3),(145,'145白色1点第5章第4节有图.pptx',5,4),(145,'145白色1点第5章第5节有图.pptx',5,5),(145,'145白色1点第5章第6节有图.pptx',5,6),(145,'145白色1点第6章第1节有图.pptx',6,1),(145,'145白色1点第6章第2节有图.pptx',6,2),(145,'145白色1点第6章第3节有图.pptx',6,3),(145,'145白色1点第6章第4节有图.pptx',6,4),(145,'145白色1点第6章第5节有图.pptx',6,5),(145,'145白色1点第6章第6节有图.pptx',6,6),(146,'146粉色1点第1章第1节有图.pptx',1,1),(146,'146粉色1点第1章第2节有图.pptx',1,2),(146,'146粉色1点第1章第3节有图.pptx',1,3),(146,'146粉色1点第1章第4节有图.pptx',1,4),(146,'146粉色1点第1章第5节有图.pptx',1,5),(146,'146粉色1点第1章第6节有图.pptx',1,6),(146,'146粉色1点第2章第1节有图.pptx',2,1),(146,'146粉色1点第2章第2节有图.pptx',2,2),(146,'146粉色1点第2章第3节有图.pptx',2,3),(146,'146粉色1点第2章第4节有图.pptx',2,4),(146,'146粉色1点第2章第5节有图.pptx',2,5),(146,'146粉色1点第2章第6节有图.pptx',2,6),(146,'146粉色1点第3章第1节有图.pptx',3,1),(146,'146粉色1点第3章第2节有图.pptx',3,2),(146,'146粉色1点第3章第3节有图.pptx',3,3),(146,'146粉色1点第3章第4节有图.pptx',3,4),(146,'146粉色1点第3章第5节有图.pptx',3,5),(146,'146粉色1点第3章第6节有图.pptx',3,6),(146,'146粉色1点第4章第1节有图.pptx',4,1),(146,'146粉色1点第4章第2节有图.pptx',4,2),(146,'146粉色1点第4章第3节有图.pptx',4,3),(146,'146粉色1点第4章第4节有图.pptx',4,4),(146,'146粉色1点第4章第5节有图.pptx',4,5),(146,'146粉色1点第4章第6节有图.pptx',4,6),(146,'146粉色1点第5章第1节有图.pptx',5,1),(146,'146粉色1点第5章第2节有图.pptx',5,2),(146,'146粉色1点第5章第3节有图.pptx',5,3),(146,'146粉色1点第5章第4节有图.pptx',5,4),(146,'146粉色1点第5章第5节有图.pptx',5,5),(146,'146粉色1点第5章第6节有图.pptx',5,6),(146,'146粉色1点第6章第1节有图.pptx',6,1),(146,'146粉色1点第6章第2节有图.pptx',6,2),(146,'146粉色1点第6章第3节有图.pptx',6,3),(146,'146粉色1点第6章第4节有图.pptx',6,4),(146,'146粉色1点第6章第5节有图.pptx',6,5),(146,'146粉色1点第6章第6节有图.pptx',6,6),(147,'147紫色1点第1章第1节有图.pptx',1,1),(147,'147紫色1点第1章第2节有图.pptx',1,2),(147,'147紫色1点第1章第3节有图.pptx',1,3),(147,'147紫色1点第1章第4节有图.pptx',1,4),(147,'147紫色1点第1章第5节有图.pptx',1,5),(147,'147紫色1点第1章第6节有图.pptx',1,6),(147,'147紫色1点第2章第1节有图.pptx',2,1),(147,'147紫色1点第2章第2节有图.pptx',2,2),(147,'147紫色1点第2章第3节有图.pptx',2,3),(147,'147紫色1点第2章第4节有图.pptx',2,4),(147,'147紫色1点第2章第5节有图.pptx',2,5),(147,'147紫色1点第2章第6节有图.pptx',2,6),(147,'147紫色1点第3章第1节有图.pptx',3,1),(147,'147紫色1点第3章第2节有图.pptx',3,2),(147,'147紫色1点第3章第3节有图.pptx',3,3),(147,'147紫色1点第3章第4节有图.pptx',3,4),(147,'147紫色1点第3章第5节有图.pptx',3,5),(147,'147紫色1点第3章第6节有图.pptx',3,6),(147,'147紫色1点第4章第1节有图.pptx',4,1),(147,'147紫色1点第4章第2节有图.pptx',4,2),(147,'147紫色1点第4章第3节有图.pptx',4,3),(147,'147紫色1点第4章第4节有图.pptx',4,4),(147,'147紫色1点第4章第5节有图.pptx',4,5),(147,'147紫色1点第4章第6节有图.pptx',4,6),(147,'147紫色1点第5章第1节有图.pptx',5,1),(147,'147紫色1点第5章第2节有图.pptx',5,2),(147,'147紫色1点第5章第3节有图.pptx',5,3),(147,'147紫色1点第5章第4节有图.pptx',5,4),(147,'147紫色1点第5章第5节有图.pptx',5,5),(147,'147紫色1点第5章第6节有图.pptx',5,6),(147,'147紫色1点第6章第1节有图.pptx',6,1),(147,'147紫色1点第6章第2节有图.pptx',6,2),(147,'147紫色1点第6章第3节有图.pptx',6,3),(147,'147紫色1点第6章第4节有图.pptx',6,4),(147,'147紫色1点第6章第5节有图.pptx',6,5),(147,'147紫色1点第6章第6节有图.pptx',6,6),(148,'148红色1点第1章第1节有图.pptx',1,1),(148,'148红色1点第1章第2节有图.pptx',1,2),(148,'148红色1点第1章第3节有图.pptx',1,3),(148,'148红色1点第1章第4节有图.pptx',1,4),(148,'148红色1点第1章第5节有图.pptx',1,5),(148,'148红色1点第1章第6节有图.pptx',1,6),(148,'148红色1点第2章第1节有图.pptx',2,1),(148,'148红色1点第2章第2节有图.pptx',2,2),(148,'148红色1点第2章第3节有图.pptx',2,3),(148,'148红色1点第2章第4节有图.pptx',2,4),(148,'148红色1点第2章第5节有图.pptx',2,5),(148,'148红色1点第2章第6节有图.pptx',2,6),(148,'148红色1点第3章第1节有图.pptx',3,1),(148,'148红色1点第3章第2节有图.pptx',3,2),(148,'148红色1点第3章第3节有图.pptx',3,3),(148,'148红色1点第3章第4节有图.pptx',3,4),(148,'148红色1点第3章第5节有图.pptx',3,5),(148,'148红色1点第3章第6节有图.pptx',3,6),(148,'148红色1点第4章第1节有图.pptx',4,1),(148,'148红色1点第4章第2节有图.pptx',4,2),(148,'148红色1点第4章第3节有图.pptx',4,3),(148,'148红色1点第4章第4节有图.pptx',4,4),(148,'148红色1点第4章第5节有图.pptx',4,5),(148,'148红色1点第4章第6节有图.pptx',4,6),(148,'148红色1点第5章第1节有图.pptx',5,1),(148,'148红色1点第5章第2节有图.pptx',5,2),(148,'148红色1点第5章第3节有图.pptx',5,3),(148,'148红色1点第5章第4节有图.pptx',5,4),(148,'148红色1点第5章第5节有图.pptx',5,5),(148,'148红色1点第5章第6节有图.pptx',5,6),(148,'148红色1点第6章第1节有图.pptx',6,1),(148,'148红色1点第6章第2节有图.pptx',6,2),(148,'148红色1点第6章第3节有图.pptx',6,3),(148,'148红色1点第6章第4节有图.pptx',6,4),(148,'148红色1点第6章第5节有图.pptx',6,5),(148,'148红色1点第6章第6节有图.pptx',6,6),(149,'149绿色1点第1章第1节有图.pptx',1,1),(149,'149绿色1点第1章第2节有图.pptx',1,2),(149,'149绿色1点第1章第3节有图.pptx',1,3),(149,'149绿色1点第1章第4节有图.pptx',1,4),(149,'149绿色1点第1章第5节有图.pptx',1,5),(149,'149绿色1点第1章第6节有图.pptx',1,6),(149,'149绿色1点第2章第1节有图.pptx',2,1),(149,'149绿色1点第2章第2节有图.pptx',2,2),(149,'149绿色1点第2章第3节有图.pptx',2,3),(149,'149绿色1点第2章第4节有图.pptx',2,4),(149,'149绿色1点第2章第5节有图.pptx',2,5),(149,'149绿色1点第2章第6节有图.pptx',2,6),(149,'149绿色1点第3章第1节有图.pptx',3,1),(149,'149绿色1点第3章第2节有图.pptx',3,2),(149,'149绿色1点第3章第3节有图.pptx',3,3),(149,'149绿色1点第3章第4节有图.pptx',3,4),(149,'149绿色1点第3章第5节有图.pptx',3,5),(149,'149绿色1点第3章第6节有图.pptx',3,6),(149,'149绿色1点第4章第1节有图.pptx',4,1),(149,'149绿色1点第4章第2节有图.pptx',4,2),(149,'149绿色1点第4章第3节有图.pptx',4,3),(149,'149绿色1点第4章第4节有图.pptx',4,4),(149,'149绿色1点第4章第5节有图.pptx',4,5),(149,'149绿色1点第4章第6节有图.pptx',4,6),(149,'149绿色1点第5章第1节有图.pptx',5,1),(149,'149绿色1点第5章第2节有图.pptx',5,2),(149,'149绿色1点第5章第3节有图.pptx',5,3),(149,'149绿色1点第5章第4节有图.pptx',5,4),(149,'149绿色1点第5章第5节有图.pptx',5,5),(149,'149绿色1点第5章第6节有图.pptx',5,6),(149,'149绿色1点第6章第1节有图.pptx',6,1),(149,'149绿色1点第6章第2节有图.pptx',6,2),(149,'149绿色1点第6章第3节有图.pptx',6,3),(149,'149绿色1点第6章第4节有图.pptx',6,4),(149,'149绿色1点第6章第5节有图.pptx',6,5),(149,'149绿色1点第6章第6节有图.pptx',6,6),(150,'150蓝色1点第1章第1节有图.pptx',1,1),(150,'150蓝色1点第1章第2节有图.pptx',1,2),(150,'150蓝色1点第1章第3节有图.pptx',1,3),(150,'150蓝色1点第1章第4节有图.pptx',1,4),(150,'150蓝色1点第1章第5节有图.pptx',1,5),(150,'150蓝色1点第1章第6节有图.pptx',1,6),(150,'150蓝色1点第2章第1节有图.pptx',2,1),(150,'150蓝色1点第2章第2节有图.pptx',2,2),(150,'150蓝色1点第2章第3节有图.pptx',2,3),(150,'150蓝色1点第2章第4节有图.pptx',2,4),(150,'150蓝色1点第2章第5节有图.pptx',2,5),(150,'150蓝色1点第2章第6节有图.pptx',2,6),(150,'150蓝色1点第3章第1节有图.pptx',3,1),(150,'150蓝色1点第3章第2节有图.pptx',3,2),(150,'150蓝色1点第3章第3节有图.pptx',3,3),(150,'150蓝色1点第3章第4节有图.pptx',3,4),(150,'150蓝色1点第3章第5节有图.pptx',3,5),(150,'150蓝色1点第3章第6节有图.pptx',3,6),(150,'150蓝色1点第4章第1节有图.pptx',4,1),(150,'150蓝色1点第4章第2节有图.pptx',4,2),(150,'150蓝色1点第4章第3节有图.pptx',4,3),(150,'150蓝色1点第4章第4节有图.pptx',4,4),(150,'150蓝色1点第4章第5节有图.pptx',4,5),(150,'150蓝色1点第4章第6节有图.pptx',4,6),(150,'150蓝色1点第5章第1节有图.pptx',5,1),(150,'150蓝色1点第5章第2节有图.pptx',5,2),(150,'150蓝色1点第5章第3节有图.pptx',5,3),(150,'150蓝色1点第5章第4节有图.pptx',5,4),(150,'150蓝色1点第5章第5节有图.pptx',5,5),(150,'150蓝色1点第5章第6节有图.pptx',5,6),(150,'150蓝色1点第6章第1节有图.pptx',6,1),(150,'150蓝色1点第6章第2节有图.pptx',6,2),(150,'150蓝色1点第6章第3节有图.pptx',6,3),(150,'150蓝色1点第6章第4节有图.pptx',6,4),(150,'150蓝色1点第6章第5节有图.pptx',6,5),(150,'150蓝色1点第6章第6节有图.pptx',6,6),(151,'151黄色1点第1章第1节有图.pptx',1,1),(151,'151黄色1点第1章第2节有图.pptx',1,2),(151,'151黄色1点第1章第3节有图.pptx',1,3),(151,'151黄色1点第1章第4节有图.pptx',1,4),(151,'151黄色1点第1章第5节有图.pptx',1,5),(151,'151黄色1点第1章第6节有图.pptx',1,6),(151,'151黄色1点第2章第1节有图.pptx',2,1),(151,'151黄色1点第2章第2节有图.pptx',2,2),(151,'151黄色1点第2章第3节有图.pptx',2,3),(151,'151黄色1点第2章第4节有图.pptx',2,4),(151,'151黄色1点第2章第5节有图.pptx',2,5),(151,'151黄色1点第2章第6节有图.pptx',2,6),(151,'151黄色1点第3章第1节有图.pptx',3,1),(151,'151黄色1点第3章第2节有图.pptx',3,2),(151,'151黄色1点第3章第3节有图.pptx',3,3),(151,'151黄色1点第3章第4节有图.pptx',3,4),(151,'151黄色1点第3章第5节有图.pptx',3,5),(151,'151黄色1点第3章第6节有图.pptx',3,6),(151,'151黄色1点第4章第1节有图.pptx',4,1),(151,'151黄色1点第4章第2节有图.pptx',4,2),(151,'151黄色1点第4章第3节有图.pptx',4,3),(151,'151黄色1点第4章第4节有图.pptx',4,4),(151,'151黄色1点第4章第5节有图.pptx',4,5),(151,'151黄色1点第4章第6节有图.pptx',4,6),(151,'151黄色1点第5章第1节有图.pptx',5,1),(151,'151黄色1点第5章第2节有图.pptx',5,2),(151,'151黄色1点第5章第3节有图.pptx',5,3),(151,'151黄色1点第5章第4节有图.pptx',5,4),(151,'151黄色1点第5章第5节有图.pptx',5,5),(151,'151黄色1点第5章第6节有图.pptx',5,6),(151,'151黄色1点第6章第1节有图.pptx',6,1),(151,'151黄色1点第6章第2节有图.pptx',6,2),(151,'151黄色1点第6章第3节有图.pptx',6,3),(151,'151黄色1点第6章第4节有图.pptx',6,4),(151,'151黄色1点第6章第5节有图.pptx',6,5),(151,'151黄色1点第6章第6节有图.pptx',6,6),(152,'152黑色1点第1章第1节有图.pptx',1,1),(152,'152黑色1点第1章第2节有图.pptx',1,2),(152,'152黑色1点第1章第3节有图.pptx',1,3),(152,'152黑色1点第1章第4节有图.pptx',1,4),(152,'152黑色1点第1章第5节有图.pptx',1,5),(152,'152黑色1点第1章第6节有图.pptx',1,6),(152,'152黑色1点第2章第1节有图.pptx',2,1),(152,'152黑色1点第2章第2节有图.pptx',2,2),(152,'152黑色1点第2章第3节有图.pptx',2,3),(152,'152黑色1点第2章第4节有图.pptx',2,4),(152,'152黑色1点第2章第5节有图.pptx',2,5),(152,'152黑色1点第2章第6节有图.pptx',2,6),(152,'152黑色1点第3章第1节有图.pptx',3,1),(152,'152黑色1点第3章第2节有图.pptx',3,2),(152,'152黑色1点第3章第3节有图.pptx',3,3),(152,'152黑色1点第3章第4节有图.pptx',3,4),(152,'152黑色1点第3章第5节有图.pptx',3,5),(152,'152黑色1点第3章第6节有图.pptx',3,6),(152,'152黑色1点第4章第1节有图.pptx',4,1),(152,'152黑色1点第4章第2节有图.pptx',4,2),(152,'152黑色1点第4章第3节有图.pptx',4,3),(152,'152黑色1点第4章第4节有图.pptx',4,4),(152,'152黑色1点第4章第5节有图.pptx',4,5),(152,'152黑色1点第4章第6节有图.pptx',4,6),(152,'152黑色1点第5章第1节有图.pptx',5,1),(152,'152黑色1点第5章第2节有图.pptx',5,2),(152,'152黑色1点第5章第3节有图.pptx',5,3),(152,'152黑色1点第5章第4节有图.pptx',5,4),(152,'152黑色1点第5章第5节有图.pptx',5,5),(152,'152黑色1点第5章第6节有图.pptx',5,6),(152,'152黑色1点第6章第1节有图.pptx',6,1),(152,'152黑色1点第6章第2节有图.pptx',6,2),(152,'152黑色1点第6章第3节有图.pptx',6,3),(152,'152黑色1点第6章第4节有图.pptx',6,4),(152,'152黑色1点第6章第5节有图.pptx',6,5),(152,'152黑色1点第6章第6节有图.pptx',6,6),(153,'153橙色1点第1章第1节有图.pptx',1,1),(153,'153橙色1点第1章第2节有图.pptx',1,2),(153,'153橙色1点第1章第3节有图.pptx',1,3),(153,'153橙色1点第1章第4节有图.pptx',1,4),(153,'153橙色1点第1章第5节有图.pptx',1,5),(153,'153橙色1点第1章第6节有图.pptx',1,6),(153,'153橙色1点第2章第1节有图.pptx',2,1),(153,'153橙色1点第2章第2节有图.pptx',2,2),(153,'153橙色1点第2章第3节有图.pptx',2,3),(153,'153橙色1点第2章第4节有图.pptx',2,4),(153,'153橙色1点第2章第5节有图.pptx',2,5),(153,'153橙色1点第2章第6节有图.pptx',2,6),(153,'153橙色1点第3章第1节有图.pptx',3,1),(153,'153橙色1点第3章第2节有图.pptx',3,2),(153,'153橙色1点第3章第3节有图.pptx',3,3),(153,'153橙色1点第3章第4节有图.pptx',3,4),(153,'153橙色1点第3章第5节有图.pptx',3,5),(153,'153橙色1点第3章第6节有图.pptx',3,6),(153,'153橙色1点第4章第1节有图.pptx',4,1),(153,'153橙色1点第4章第2节有图.pptx',4,2),(153,'153橙色1点第4章第3节有图.pptx',4,3),(153,'153橙色1点第4章第4节有图.pptx',4,4),(153,'153橙色1点第4章第5节有图.pptx',4,5),(153,'153橙色1点第4章第6节有图.pptx',4,6),(153,'153橙色1点第5章第1节有图.pptx',5,1),(153,'153橙色1点第5章第2节有图.pptx',5,2),(153,'153橙色1点第5章第3节有图.pptx',5,3),(153,'153橙色1点第5章第4节有图.pptx',5,4),(153,'153橙色1点第5章第5节有图.pptx',5,5),(153,'153橙色1点第5章第6节有图.pptx',5,6),(153,'153橙色1点第6章第1节有图.pptx',6,1),(153,'153橙色1点第6章第2节有图.pptx',6,2),(153,'153橙色1点第6章第3节有图.pptx',6,3),(153,'153橙色1点第6章第4节有图.pptx',6,4),(153,'153橙色1点第6章第5节有图.pptx',6,5),(153,'153橙色1点第6章第6节有图.pptx',6,6),(154,'154白色1点第1章第1节有图.pptx',1,1),(154,'154白色1点第1章第2节有图.pptx',1,2),(154,'154白色1点第1章第3节有图.pptx',1,3),(154,'154白色1点第1章第4节有图.pptx',1,4),(154,'154白色1点第1章第5节有图.pptx',1,5),(154,'154白色1点第1章第6节有图.pptx',1,6),(154,'154白色1点第2章第1节有图.pptx',2,1),(154,'154白色1点第2章第2节有图.pptx',2,2),(154,'154白色1点第2章第3节有图.pptx',2,3),(154,'154白色1点第2章第4节有图.pptx',2,4),(154,'154白色1点第2章第5节有图.pptx',2,5),(154,'154白色1点第2章第6节有图.pptx',2,6),(154,'154白色1点第3章第1节有图.pptx',3,1),(154,'154白色1点第3章第2节有图.pptx',3,2),(154,'154白色1点第3章第3节有图.pptx',3,3),(154,'154白色1点第3章第4节有图.pptx',3,4),(154,'154白色1点第3章第5节有图.pptx',3,5),(154,'154白色1点第3章第6节有图.pptx',3,6),(154,'154白色1点第4章第1节有图.pptx',4,1),(154,'154白色1点第4章第2节有图.pptx',4,2),(154,'154白色1点第4章第3节有图.pptx',4,3),(154,'154白色1点第4章第4节有图.pptx',4,4),(154,'154白色1点第4章第5节有图.pptx',4,5),(154,'154白色1点第4章第6节有图.pptx',4,6),(154,'154白色1点第5章第1节有图.pptx',5,1),(154,'154白色1点第5章第2节有图.pptx',5,2),(154,'154白色1点第5章第3节有图.pptx',5,3),(154,'154白色1点第5章第4节有图.pptx',5,4),(154,'154白色1点第5章第5节有图.pptx',5,5),(154,'154白色1点第5章第6节有图.pptx',5,6),(154,'154白色1点第6章第1节有图.pptx',6,1),(154,'154白色1点第6章第2节有图.pptx',6,2),(154,'154白色1点第6章第3节有图.pptx',6,3),(154,'154白色1点第6章第4节有图.pptx',6,4),(154,'154白色1点第6章第5节有图.pptx',6,5),(154,'154白色1点第6章第6节有图.pptx',6,6),(155,'155粉色1点第1章第1节有图.pptx',1,1),(155,'155粉色1点第1章第2节有图.pptx',1,2),(155,'155粉色1点第1章第3节有图.pptx',1,3),(155,'155粉色1点第1章第4节有图.pptx',1,4),(155,'155粉色1点第1章第5节有图.pptx',1,5),(155,'155粉色1点第1章第6节有图.pptx',1,6),(155,'155粉色1点第2章第1节有图.pptx',2,1),(155,'155粉色1点第2章第2节有图.pptx',2,2),(155,'155粉色1点第2章第3节有图.pptx',2,3),(155,'155粉色1点第2章第4节有图.pptx',2,4),(155,'155粉色1点第2章第5节有图.pptx',2,5),(155,'155粉色1点第2章第6节有图.pptx',2,6),(155,'155粉色1点第3章第1节有图.pptx',3,1),(155,'155粉色1点第3章第2节有图.pptx',3,2),(155,'155粉色1点第3章第3节有图.pptx',3,3),(155,'155粉色1点第3章第4节有图.pptx',3,4),(155,'155粉色1点第3章第5节有图.pptx',3,5),(155,'155粉色1点第3章第6节有图.pptx',3,6),(155,'155粉色1点第4章第1节有图.pptx',4,1),(155,'155粉色1点第4章第2节有图.pptx',4,2),(155,'155粉色1点第4章第3节有图.pptx',4,3),(155,'155粉色1点第4章第4节有图.pptx',4,4),(155,'155粉色1点第4章第5节有图.pptx',4,5),(155,'155粉色1点第4章第6节有图.pptx',4,6),(155,'155粉色1点第5章第1节有图.pptx',5,1),(155,'155粉色1点第5章第2节有图.pptx',5,2),(155,'155粉色1点第5章第3节有图.pptx',5,3),(155,'155粉色1点第5章第4节有图.pptx',5,4),(155,'155粉色1点第5章第5节有图.pptx',5,5),(155,'155粉色1点第5章第6节有图.pptx',5,6),(155,'155粉色1点第6章第1节有图.pptx',6,1),(155,'155粉色1点第6章第2节有图.pptx',6,2),(155,'155粉色1点第6章第3节有图.pptx',6,3),(155,'155粉色1点第6章第4节有图.pptx',6,4),(155,'155粉色1点第6章第5节有图.pptx',6,5),(155,'155粉色1点第6章第6节有图.pptx',6,6),(156,'156紫色1点第1章第1节有图.pptx',1,1),(156,'156紫色1点第1章第2节有图.pptx',1,2),(156,'156紫色1点第1章第3节有图.pptx',1,3),(156,'156紫色1点第1章第4节有图.pptx',1,4),(156,'156紫色1点第1章第5节有图.pptx',1,5),(156,'156紫色1点第1章第6节有图.pptx',1,6),(156,'156紫色1点第2章第1节有图.pptx',2,1),(156,'156紫色1点第2章第2节有图.pptx',2,2),(156,'156紫色1点第2章第3节有图.pptx',2,3),(156,'156紫色1点第2章第4节有图.pptx',2,4),(156,'156紫色1点第2章第5节有图.pptx',2,5),(156,'156紫色1点第2章第6节有图.pptx',2,6),(156,'156紫色1点第3章第1节有图.pptx',3,1),(156,'156紫色1点第3章第2节有图.pptx',3,2),(156,'156紫色1点第3章第3节有图.pptx',3,3),(156,'156紫色1点第3章第4节有图.pptx',3,4),(156,'156紫色1点第3章第5节有图.pptx',3,5),(156,'156紫色1点第3章第6节有图.pptx',3,6),(156,'156紫色1点第4章第1节有图.pptx',4,1),(156,'156紫色1点第4章第2节有图.pptx',4,2),(156,'156紫色1点第4章第3节有图.pptx',4,3),(156,'156紫色1点第4章第4节有图.pptx',4,4),(156,'156紫色1点第4章第5节有图.pptx',4,5),(156,'156紫色1点第4章第6节有图.pptx',4,6),(156,'156紫色1点第5章第1节有图.pptx',5,1),(156,'156紫色1点第5章第2节有图.pptx',5,2),(156,'156紫色1点第5章第3节有图.pptx',5,3),(156,'156紫色1点第5章第4节有图.pptx',5,4),(156,'156紫色1点第5章第5节有图.pptx',5,5),(156,'156紫色1点第5章第6节有图.pptx',5,6),(156,'156紫色1点第6章第1节有图.pptx',6,1),(156,'156紫色1点第6章第2节有图.pptx',6,2),(156,'156紫色1点第6章第3节有图.pptx',6,3),(156,'156紫色1点第6章第4节有图.pptx',6,4),(156,'156紫色1点第6章第5节有图.pptx',6,5),(156,'156紫色1点第6章第6节有图.pptx',6,6),(157,'157红色1点第1章第1节有图.pptx',1,1),(157,'157红色1点第1章第2节有图.pptx',1,2),(157,'157红色1点第1章第3节有图.pptx',1,3),(157,'157红色1点第1章第4节有图.pptx',1,4),(157,'157红色1点第1章第5节有图.pptx',1,5),(157,'157红色1点第1章第6节有图.pptx',1,6),(157,'157红色1点第2章第1节有图.pptx',2,1),(157,'157红色1点第2章第2节有图.pptx',2,2),(157,'157红色1点第2章第3节有图.pptx',2,3),(157,'157红色1点第2章第4节有图.pptx',2,4),(157,'157红色1点第2章第5节有图.pptx',2,5),(157,'157红色1点第2章第6节有图.pptx',2,6),(157,'157红色1点第3章第1节有图.pptx',3,1),(157,'157红色1点第3章第2节有图.pptx',3,2),(157,'157红色1点第3章第3节有图.pptx',3,3),(157,'157红色1点第3章第4节有图.pptx',3,4),(157,'157红色1点第3章第5节有图.pptx',3,5),(157,'157红色1点第3章第6节有图.pptx',3,6),(157,'157红色1点第4章第1节有图.pptx',4,1),(157,'157红色1点第4章第2节有图.pptx',4,2),(157,'157红色1点第4章第3节有图.pptx',4,3),(157,'157红色1点第4章第4节有图.pptx',4,4),(157,'157红色1点第4章第5节有图.pptx',4,5),(157,'157红色1点第4章第6节有图.pptx',4,6),(157,'157红色1点第5章第1节有图.pptx',5,1),(157,'157红色1点第5章第2节有图.pptx',5,2),(157,'157红色1点第5章第3节有图.pptx',5,3),(157,'157红色1点第5章第4节有图.pptx',5,4),(157,'157红色1点第5章第5节有图.pptx',5,5),(157,'157红色1点第5章第6节有图.pptx',5,6),(157,'157红色1点第6章第1节有图.pptx',6,1),(157,'157红色1点第6章第2节有图.pptx',6,2),(157,'157红色1点第6章第3节有图.pptx',6,3),(157,'157红色1点第6章第4节有图.pptx',6,4),(157,'157红色1点第6章第5节有图.pptx',6,5),(157,'157红色1点第6章第6节有图.pptx',6,6),(158,'158绿色1点第1章第1节有图.pptx',1,1),(158,'158绿色1点第1章第2节有图.pptx',1,2),(158,'158绿色1点第1章第3节有图.pptx',1,3),(158,'158绿色1点第1章第4节有图.pptx',1,4),(158,'158绿色1点第1章第5节有图.pptx',1,5),(158,'158绿色1点第1章第6节有图.pptx',1,6),(158,'158绿色1点第2章第1节有图.pptx',2,1),(158,'158绿色1点第2章第2节有图.pptx',2,2),(158,'158绿色1点第2章第3节有图.pptx',2,3),(158,'158绿色1点第2章第4节有图.pptx',2,4),(158,'158绿色1点第2章第5节有图.pptx',2,5),(158,'158绿色1点第2章第6节有图.pptx',2,6),(158,'158绿色1点第3章第1节有图.pptx',3,1),(158,'158绿色1点第3章第2节有图.pptx',3,2),(158,'158绿色1点第3章第3节有图.pptx',3,3),(158,'158绿色1点第3章第4节有图.pptx',3,4),(158,'158绿色1点第3章第5节有图.pptx',3,5),(158,'158绿色1点第3章第6节有图.pptx',3,6),(158,'158绿色1点第4章第1节有图.pptx',4,1),(158,'158绿色1点第4章第2节有图.pptx',4,2),(158,'158绿色1点第4章第3节有图.pptx',4,3),(158,'158绿色1点第4章第4节有图.pptx',4,4),(158,'158绿色1点第4章第5节有图.pptx',4,5),(158,'158绿色1点第4章第6节有图.pptx',4,6),(158,'158绿色1点第5章第1节有图.pptx',5,1),(158,'158绿色1点第5章第2节有图.pptx',5,2),(158,'158绿色1点第5章第3节有图.pptx',5,3),(158,'158绿色1点第5章第4节有图.pptx',5,4),(158,'158绿色1点第5章第5节有图.pptx',5,5),(158,'158绿色1点第5章第6节有图.pptx',5,6),(158,'158绿色1点第6章第1节有图.pptx',6,1),(158,'158绿色1点第6章第2节有图.pptx',6,2),(158,'158绿色1点第6章第3节有图.pptx',6,3),(158,'158绿色1点第6章第4节有图.pptx',6,4),(158,'158绿色1点第6章第5节有图.pptx',6,5),(158,'158绿色1点第6章第6节有图.pptx',6,6),(159,'159蓝色1点第1章第1节有图.pptx',1,1),(159,'159蓝色1点第1章第2节有图.pptx',1,2),(159,'159蓝色1点第1章第3节有图.pptx',1,3),(159,'159蓝色1点第1章第4节有图.pptx',1,4),(159,'159蓝色1点第1章第5节有图.pptx',1,5),(159,'159蓝色1点第1章第6节有图.pptx',1,6),(159,'159蓝色1点第2章第1节有图.pptx',2,1),(159,'159蓝色1点第2章第2节有图.pptx',2,2),(159,'159蓝色1点第2章第3节有图.pptx',2,3),(159,'159蓝色1点第2章第4节有图.pptx',2,4),(159,'159蓝色1点第2章第5节有图.pptx',2,5),(159,'159蓝色1点第2章第6节有图.pptx',2,6),(159,'159蓝色1点第3章第1节有图.pptx',3,1),(159,'159蓝色1点第3章第2节有图.pptx',3,2),(159,'159蓝色1点第3章第3节有图.pptx',3,3),(159,'159蓝色1点第3章第4节有图.pptx',3,4),(159,'159蓝色1点第3章第5节有图.pptx',3,5),(159,'159蓝色1点第3章第6节有图.pptx',3,6),(159,'159蓝色1点第4章第1节有图.pptx',4,1),(159,'159蓝色1点第4章第2节有图.pptx',4,2),(159,'159蓝色1点第4章第3节有图.pptx',4,3),(159,'159蓝色1点第4章第4节有图.pptx',4,4),(159,'159蓝色1点第4章第5节有图.pptx',4,5),(159,'159蓝色1点第4章第6节有图.pptx',4,6),(159,'159蓝色1点第5章第1节有图.pptx',5,1),(159,'159蓝色1点第5章第2节有图.pptx',5,2),(159,'159蓝色1点第5章第3节有图.pptx',5,3),(159,'159蓝色1点第5章第4节有图.pptx',5,4),(159,'159蓝色1点第5章第5节有图.pptx',5,5),(159,'159蓝色1点第5章第6节有图.pptx',5,6),(159,'159蓝色1点第6章第1节有图.pptx',6,1),(159,'159蓝色1点第6章第2节有图.pptx',6,2),(159,'159蓝色1点第6章第3节有图.pptx',6,3),(159,'159蓝色1点第6章第4节有图.pptx',6,4),(159,'159蓝色1点第6章第5节有图.pptx',6,5),(159,'159蓝色1点第6章第6节有图.pptx',6,6),(160,'160黄色1点第1章第1节有图.pptx',1,1),(160,'160黄色1点第1章第2节有图.pptx',1,2),(160,'160黄色1点第1章第3节有图.pptx',1,3),(160,'160黄色1点第1章第4节有图.pptx',1,4),(160,'160黄色1点第1章第5节有图.pptx',1,5),(160,'160黄色1点第1章第6节有图.pptx',1,6),(160,'160黄色1点第2章第1节有图.pptx',2,1),(160,'160黄色1点第2章第2节有图.pptx',2,2),(160,'160黄色1点第2章第3节有图.pptx',2,3),(160,'160黄色1点第2章第4节有图.pptx',2,4),(160,'160黄色1点第2章第5节有图.pptx',2,5),(160,'160黄色1点第2章第6节有图.pptx',2,6),(160,'160黄色1点第3章第1节有图.pptx',3,1),(160,'160黄色1点第3章第2节有图.pptx',3,2),(160,'160黄色1点第3章第3节有图.pptx',3,3),(160,'160黄色1点第3章第4节有图.pptx',3,4),(160,'160黄色1点第3章第5节有图.pptx',3,5),(160,'160黄色1点第3章第6节有图.pptx',3,6),(160,'160黄色1点第4章第1节有图.pptx',4,1),(160,'160黄色1点第4章第2节有图.pptx',4,2),(160,'160黄色1点第4章第3节有图.pptx',4,3),(160,'160黄色1点第4章第4节有图.pptx',4,4),(160,'160黄色1点第4章第5节有图.pptx',4,5),(160,'160黄色1点第4章第6节有图.pptx',4,6),(160,'160黄色1点第5章第1节有图.pptx',5,1),(160,'160黄色1点第5章第2节有图.pptx',5,2),(160,'160黄色1点第5章第3节有图.pptx',5,3),(160,'160黄色1点第5章第4节有图.pptx',5,4),(160,'160黄色1点第5章第5节有图.pptx',5,5),(160,'160黄色1点第5章第6节有图.pptx',5,6),(160,'160黄色1点第6章第1节有图.pptx',6,1),(160,'160黄色1点第6章第2节有图.pptx',6,2),(160,'160黄色1点第6章第3节有图.pptx',6,3),(160,'160黄色1点第6章第4节有图.pptx',6,4),(160,'160黄色1点第6章第5节有图.pptx',6,5),(160,'160黄色1点第6章第6节有图.pptx',6,6),(161,'161黑色1点第1章第1节有图.pptx',1,1),(161,'161黑色1点第1章第2节有图.pptx',1,2),(161,'161黑色1点第1章第3节有图.pptx',1,3),(161,'161黑色1点第1章第4节有图.pptx',1,4),(161,'161黑色1点第1章第5节有图.pptx',1,5),(161,'161黑色1点第1章第6节有图.pptx',1,6),(161,'161黑色1点第2章第1节有图.pptx',2,1),(161,'161黑色1点第2章第2节有图.pptx',2,2),(161,'161黑色1点第2章第3节有图.pptx',2,3),(161,'161黑色1点第2章第4节有图.pptx',2,4),(161,'161黑色1点第2章第5节有图.pptx',2,5),(161,'161黑色1点第2章第6节有图.pptx',2,6),(161,'161黑色1点第3章第1节有图.pptx',3,1),(161,'161黑色1点第3章第2节有图.pptx',3,2),(161,'161黑色1点第3章第3节有图.pptx',3,3),(161,'161黑色1点第3章第4节有图.pptx',3,4),(161,'161黑色1点第3章第5节有图.pptx',3,5),(161,'161黑色1点第3章第6节有图.pptx',3,6),(161,'161黑色1点第4章第1节有图.pptx',4,1),(161,'161黑色1点第4章第2节有图.pptx',4,2),(161,'161黑色1点第4章第3节有图.pptx',4,3),(161,'161黑色1点第4章第4节有图.pptx',4,4),(161,'161黑色1点第4章第5节有图.pptx',4,5),(161,'161黑色1点第4章第6节有图.pptx',4,6),(161,'161黑色1点第5章第1节有图.pptx',5,1),(161,'161黑色1点第5章第2节有图.pptx',5,2),(161,'161黑色1点第5章第3节有图.pptx',5,3),(161,'161黑色1点第5章第4节有图.pptx',5,4),(161,'161黑色1点第5章第5节有图.pptx',5,5),(161,'161黑色1点第5章第6节有图.pptx',5,6),(161,'161黑色1点第6章第1节有图.pptx',6,1),(161,'161黑色1点第6章第2节有图.pptx',6,2),(161,'161黑色1点第6章第3节有图.pptx',6,3),(161,'161黑色1点第6章第4节有图.pptx',6,4),(161,'161黑色1点第6章第5节有图.pptx',6,5),(161,'161黑色1点第6章第6节有图.pptx',6,6),(162,'162橙色1点第1章第1节有图.pptx',1,1),(162,'162橙色1点第1章第2节有图.pptx',1,2),(162,'162橙色1点第1章第3节有图.pptx',1,3),(162,'162橙色1点第1章第4节有图.pptx',1,4),(162,'162橙色1点第1章第5节有图.pptx',1,5),(162,'162橙色1点第1章第6节有图.pptx',1,6),(162,'162橙色1点第2章第1节有图.pptx',2,1),(162,'162橙色1点第2章第2节有图.pptx',2,2),(162,'162橙色1点第2章第3节有图.pptx',2,3),(162,'162橙色1点第2章第4节有图.pptx',2,4),(162,'162橙色1点第2章第5节有图.pptx',2,5),(162,'162橙色1点第2章第6节有图.pptx',2,6),(162,'162橙色1点第3章第1节有图.pptx',3,1),(162,'162橙色1点第3章第2节有图.pptx',3,2),(162,'162橙色1点第3章第3节有图.pptx',3,3),(162,'162橙色1点第3章第4节有图.pptx',3,4),(162,'162橙色1点第3章第5节有图.pptx',3,5),(162,'162橙色1点第3章第6节有图.pptx',3,6),(162,'162橙色1点第4章第1节有图.pptx',4,1),(162,'162橙色1点第4章第2节有图.pptx',4,2),(162,'162橙色1点第4章第3节有图.pptx',4,3),(162,'162橙色1点第4章第4节有图.pptx',4,4),(162,'162橙色1点第4章第5节有图.pptx',4,5),(162,'162橙色1点第4章第6节有图.pptx',4,6),(162,'162橙色1点第5章第1节有图.pptx',5,1),(162,'162橙色1点第5章第2节有图.pptx',5,2),(162,'162橙色1点第5章第3节有图.pptx',5,3),(162,'162橙色1点第5章第4节有图.pptx',5,4),(162,'162橙色1点第5章第5节有图.pptx',5,5),(162,'162橙色1点第5章第6节有图.pptx',5,6),(162,'162橙色1点第6章第1节有图.pptx',6,1),(162,'162橙色1点第6章第2节有图.pptx',6,2),(162,'162橙色1点第6章第3节有图.pptx',6,3),(162,'162橙色1点第6章第4节有图.pptx',6,4),(162,'162橙色1点第6章第5节有图.pptx',6,5),(162,'162橙色1点第6章第6节有图.pptx',6,6),(163,'163白色1点第1章第1节有图.pptx',1,1),(163,'163白色1点第1章第2节有图.pptx',1,2),(163,'163白色1点第1章第3节有图.pptx',1,3),(163,'163白色1点第1章第4节有图.pptx',1,4),(163,'163白色1点第1章第5节有图.pptx',1,5),(163,'163白色1点第1章第6节有图.pptx',1,6),(163,'163白色1点第2章第1节有图.pptx',2,1),(163,'163白色1点第2章第2节有图.pptx',2,2),(163,'163白色1点第2章第3节有图.pptx',2,3),(163,'163白色1点第2章第4节有图.pptx',2,4),(163,'163白色1点第2章第5节有图.pptx',2,5),(163,'163白色1点第2章第6节有图.pptx',2,6),(163,'163白色1点第3章第1节有图.pptx',3,1),(163,'163白色1点第3章第2节有图.pptx',3,2),(163,'163白色1点第3章第3节有图.pptx',3,3),(163,'163白色1点第3章第4节有图.pptx',3,4),(163,'163白色1点第3章第5节有图.pptx',3,5),(163,'163白色1点第3章第6节有图.pptx',3,6),(163,'163白色1点第4章第1节有图.pptx',4,1),(163,'163白色1点第4章第2节有图.pptx',4,2),(163,'163白色1点第4章第3节有图.pptx',4,3),(163,'163白色1点第4章第4节有图.pptx',4,4),(163,'163白色1点第4章第5节有图.pptx',4,5),(163,'163白色1点第4章第6节有图.pptx',4,6),(163,'163白色1点第5章第1节有图.pptx',5,1),(163,'163白色1点第5章第2节有图.pptx',5,2),(163,'163白色1点第5章第3节有图.pptx',5,3),(163,'163白色1点第5章第4节有图.pptx',5,4),(163,'163白色1点第5章第5节有图.pptx',5,5),(163,'163白色1点第5章第6节有图.pptx',5,6),(163,'163白色1点第6章第1节有图.pptx',6,1),(163,'163白色1点第6章第2节有图.pptx',6,2),(163,'163白色1点第6章第3节有图.pptx',6,3),(163,'163白色1点第6章第4节有图.pptx',6,4),(163,'163白色1点第6章第5节有图.pptx',6,5),(163,'163白色1点第6章第6节有图.pptx',6,6),(164,'164粉色1点第1章第1节有图.pptx',1,1),(164,'164粉色1点第1章第2节有图.pptx',1,2),(164,'164粉色1点第1章第3节有图.pptx',1,3),(164,'164粉色1点第1章第4节有图.pptx',1,4),(164,'164粉色1点第1章第5节有图.pptx',1,5),(164,'164粉色1点第1章第6节有图.pptx',1,6),(164,'164粉色1点第2章第1节有图.pptx',2,1),(164,'164粉色1点第2章第2节有图.pptx',2,2),(164,'164粉色1点第2章第3节有图.pptx',2,3),(164,'164粉色1点第2章第4节有图.pptx',2,4),(164,'164粉色1点第2章第5节有图.pptx',2,5),(164,'164粉色1点第2章第6节有图.pptx',2,6),(164,'164粉色1点第3章第1节有图.pptx',3,1),(164,'164粉色1点第3章第2节有图.pptx',3,2),(164,'164粉色1点第3章第3节有图.pptx',3,3),(164,'164粉色1点第3章第4节有图.pptx',3,4),(164,'164粉色1点第3章第5节有图.pptx',3,5),(164,'164粉色1点第3章第6节有图.pptx',3,6),(164,'164粉色1点第4章第1节有图.pptx',4,1),(164,'164粉色1点第4章第2节有图.pptx',4,2),(164,'164粉色1点第4章第3节有图.pptx',4,3),(164,'164粉色1点第4章第4节有图.pptx',4,4),(164,'164粉色1点第4章第5节有图.pptx',4,5),(164,'164粉色1点第4章第6节有图.pptx',4,6),(164,'164粉色1点第5章第1节有图.pptx',5,1),(164,'164粉色1点第5章第2节有图.pptx',5,2),(164,'164粉色1点第5章第3节有图.pptx',5,3),(164,'164粉色1点第5章第4节有图.pptx',5,4),(164,'164粉色1点第5章第5节有图.pptx',5,5),(164,'164粉色1点第5章第6节有图.pptx',5,6),(164,'164粉色1点第6章第1节有图.pptx',6,1),(164,'164粉色1点第6章第2节有图.pptx',6,2),(164,'164粉色1点第6章第3节有图.pptx',6,3),(164,'164粉色1点第6章第4节有图.pptx',6,4),(164,'164粉色1点第6章第5节有图.pptx',6,5),(164,'164粉色1点第6章第6节有图.pptx',6,6),(165,'165紫色1点第1章第1节有图.pptx',1,1),(165,'165紫色1点第1章第2节有图.pptx',1,2),(165,'165紫色1点第1章第3节有图.pptx',1,3),(165,'165紫色1点第1章第4节有图.pptx',1,4),(165,'165紫色1点第1章第5节有图.pptx',1,5),(165,'165紫色1点第1章第6节有图.pptx',1,6),(165,'165紫色1点第2章第1节有图.pptx',2,1),(165,'165紫色1点第2章第2节有图.pptx',2,2),(165,'165紫色1点第2章第3节有图.pptx',2,3),(165,'165紫色1点第2章第4节有图.pptx',2,4),(165,'165紫色1点第2章第5节有图.pptx',2,5),(165,'165紫色1点第2章第6节有图.pptx',2,6),(165,'165紫色1点第3章第1节有图.pptx',3,1),(165,'165紫色1点第3章第2节有图.pptx',3,2),(165,'165紫色1点第3章第3节有图.pptx',3,3),(165,'165紫色1点第3章第4节有图.pptx',3,4),(165,'165紫色1点第3章第5节有图.pptx',3,5),(165,'165紫色1点第3章第6节有图.pptx',3,6),(165,'165紫色1点第4章第1节有图.pptx',4,1),(165,'165紫色1点第4章第2节有图.pptx',4,2),(165,'165紫色1点第4章第3节有图.pptx',4,3),(165,'165紫色1点第4章第4节有图.pptx',4,4),(165,'165紫色1点第4章第5节有图.pptx',4,5),(165,'165紫色1点第4章第6节有图.pptx',4,6),(165,'165紫色1点第5章第1节有图.pptx',5,1),(165,'165紫色1点第5章第2节有图.pptx',5,2),(165,'165紫色1点第5章第3节有图.pptx',5,3),(165,'165紫色1点第5章第4节有图.pptx',5,4),(165,'165紫色1点第5章第5节有图.pptx',5,5),(165,'165紫色1点第5章第6节有图.pptx',5,6),(165,'165紫色1点第6章第1节有图.pptx',6,1),(165,'165紫色1点第6章第2节有图.pptx',6,2),(165,'165紫色1点第6章第3节有图.pptx',6,3),(165,'165紫色1点第6章第4节有图.pptx',6,4),(165,'165紫色1点第6章第5节有图.pptx',6,5),(165,'165紫色1点第6章第6节有图.pptx',6,6),(166,'166红色1点第1章第1节有图.pptx',1,1),(166,'166红色1点第1章第2节有图.pptx',1,2),(166,'166红色1点第1章第3节有图.pptx',1,3),(166,'166红色1点第1章第4节有图.pptx',1,4),(166,'166红色1点第1章第5节有图.pptx',1,5),(166,'166红色1点第1章第6节有图.pptx',1,6),(166,'166红色1点第2章第1节有图.pptx',2,1),(166,'166红色1点第2章第2节有图.pptx',2,2),(166,'166红色1点第2章第3节有图.pptx',2,3),(166,'166红色1点第2章第4节有图.pptx',2,4),(166,'166红色1点第2章第5节有图.pptx',2,5),(166,'166红色1点第2章第6节有图.pptx',2,6),(166,'166红色1点第3章第1节有图.pptx',3,1),(166,'166红色1点第3章第2节有图.pptx',3,2),(166,'166红色1点第3章第3节有图.pptx',3,3),(166,'166红色1点第3章第4节有图.pptx',3,4),(166,'166红色1点第3章第5节有图.pptx',3,5),(166,'166红色1点第3章第6节有图.pptx',3,6),(166,'166红色1点第4章第1节有图.pptx',4,1),(166,'166红色1点第4章第2节有图.pptx',4,2),(166,'166红色1点第4章第3节有图.pptx',4,3),(166,'166红色1点第4章第4节有图.pptx',4,4),(166,'166红色1点第4章第5节有图.pptx',4,5),(166,'166红色1点第4章第6节有图.pptx',4,6),(166,'166红色1点第5章第1节有图.pptx',5,1),(166,'166红色1点第5章第2节有图.pptx',5,2),(166,'166红色1点第5章第3节有图.pptx',5,3),(166,'166红色1点第5章第4节有图.pptx',5,4),(166,'166红色1点第5章第5节有图.pptx',5,5),(166,'166红色1点第5章第6节有图.pptx',5,6),(166,'166红色1点第6章第1节有图.pptx',6,1),(166,'166红色1点第6章第2节有图.pptx',6,2),(166,'166红色1点第6章第3节有图.pptx',6,3),(166,'166红色1点第6章第4节有图.pptx',6,4),(166,'166红色1点第6章第5节有图.pptx',6,5),(166,'166红色1点第6章第6节有图.pptx',6,6),(167,'167绿色1点第1章第1节有图.pptx',1,1),(167,'167绿色1点第1章第2节有图.pptx',1,2),(167,'167绿色1点第1章第3节有图.pptx',1,3),(167,'167绿色1点第1章第4节有图.pptx',1,4),(167,'167绿色1点第1章第5节有图.pptx',1,5),(167,'167绿色1点第1章第6节有图.pptx',1,6),(167,'167绿色1点第2章第1节有图.pptx',2,1),(167,'167绿色1点第2章第2节有图.pptx',2,2),(167,'167绿色1点第2章第3节有图.pptx',2,3),(167,'167绿色1点第2章第4节有图.pptx',2,4),(167,'167绿色1点第2章第5节有图.pptx',2,5),(167,'167绿色1点第2章第6节有图.pptx',2,6),(167,'167绿色1点第3章第1节有图.pptx',3,1),(167,'167绿色1点第3章第2节有图.pptx',3,2),(167,'167绿色1点第3章第3节有图.pptx',3,3),(167,'167绿色1点第3章第4节有图.pptx',3,4),(167,'167绿色1点第3章第5节有图.pptx',3,5),(167,'167绿色1点第3章第6节有图.pptx',3,6),(167,'167绿色1点第4章第1节有图.pptx',4,1),(167,'167绿色1点第4章第2节有图.pptx',4,2),(167,'167绿色1点第4章第3节有图.pptx',4,3),(167,'167绿色1点第4章第4节有图.pptx',4,4),(167,'167绿色1点第4章第5节有图.pptx',4,5),(167,'167绿色1点第4章第6节有图.pptx',4,6),(167,'167绿色1点第5章第1节有图.pptx',5,1),(167,'167绿色1点第5章第2节有图.pptx',5,2),(167,'167绿色1点第5章第3节有图.pptx',5,3),(167,'167绿色1点第5章第4节有图.pptx',5,4),(167,'167绿色1点第5章第5节有图.pptx',5,5),(167,'167绿色1点第5章第6节有图.pptx',5,6),(167,'167绿色1点第6章第1节有图.pptx',6,1),(167,'167绿色1点第6章第2节有图.pptx',6,2),(167,'167绿色1点第6章第3节有图.pptx',6,3),(167,'167绿色1点第6章第4节有图.pptx',6,4),(167,'167绿色1点第6章第5节有图.pptx',6,5),(167,'167绿色1点第6章第6节有图.pptx',6,6),(168,'168蓝色1点第1章第1节有图.pptx',1,1),(168,'168蓝色1点第1章第2节有图.pptx',1,2),(168,'168蓝色1点第1章第3节有图.pptx',1,3),(168,'168蓝色1点第1章第4节有图.pptx',1,4),(168,'168蓝色1点第1章第5节有图.pptx',1,5),(168,'168蓝色1点第1章第6节有图.pptx',1,6),(168,'168蓝色1点第2章第1节有图.pptx',2,1),(168,'168蓝色1点第2章第2节有图.pptx',2,2),(168,'168蓝色1点第2章第3节有图.pptx',2,3),(168,'168蓝色1点第2章第4节有图.pptx',2,4),(168,'168蓝色1点第2章第5节有图.pptx',2,5),(168,'168蓝色1点第2章第6节有图.pptx',2,6),(168,'168蓝色1点第3章第1节有图.pptx',3,1),(168,'168蓝色1点第3章第2节有图.pptx',3,2),(168,'168蓝色1点第3章第3节有图.pptx',3,3),(168,'168蓝色1点第3章第4节有图.pptx',3,4),(168,'168蓝色1点第3章第5节有图.pptx',3,5),(168,'168蓝色1点第3章第6节有图.pptx',3,6),(168,'168蓝色1点第4章第1节有图.pptx',4,1),(168,'168蓝色1点第4章第2节有图.pptx',4,2),(168,'168蓝色1点第4章第3节有图.pptx',4,3),(168,'168蓝色1点第4章第4节有图.pptx',4,4),(168,'168蓝色1点第4章第5节有图.pptx',4,5),(168,'168蓝色1点第4章第6节有图.pptx',4,6),(168,'168蓝色1点第5章第1节有图.pptx',5,1),(168,'168蓝色1点第5章第2节有图.pptx',5,2),(168,'168蓝色1点第5章第3节有图.pptx',5,3),(168,'168蓝色1点第5章第4节有图.pptx',5,4),(168,'168蓝色1点第5章第5节有图.pptx',5,5),(168,'168蓝色1点第5章第6节有图.pptx',5,6),(168,'168蓝色1点第6章第1节有图.pptx',6,1),(168,'168蓝色1点第6章第2节有图.pptx',6,2),(168,'168蓝色1点第6章第3节有图.pptx',6,3),(168,'168蓝色1点第6章第4节有图.pptx',6,4),(168,'168蓝色1点第6章第5节有图.pptx',6,5),(168,'168蓝色1点第6章第6节有图.pptx',6,6),(169,'169黄色1点第1章第1节有图.pptx',1,1),(169,'169黄色1点第1章第2节有图.pptx',1,2),(169,'169黄色1点第1章第3节有图.pptx',1,3),(169,'169黄色1点第1章第4节有图.pptx',1,4),(169,'169黄色1点第1章第5节有图.pptx',1,5),(169,'169黄色1点第1章第6节有图.pptx',1,6),(169,'169黄色1点第2章第1节有图.pptx',2,1),(169,'169黄色1点第2章第2节有图.pptx',2,2),(169,'169黄色1点第2章第3节有图.pptx',2,3),(169,'169黄色1点第2章第4节有图.pptx',2,4),(169,'169黄色1点第2章第5节有图.pptx',2,5),(169,'169黄色1点第2章第6节有图.pptx',2,6),(169,'169黄色1点第3章第1节有图.pptx',3,1),(169,'169黄色1点第3章第2节有图.pptx',3,2),(169,'169黄色1点第3章第3节有图.pptx',3,3),(169,'169黄色1点第3章第4节有图.pptx',3,4),(169,'169黄色1点第3章第5节有图.pptx',3,5),(169,'169黄色1点第3章第6节有图.pptx',3,6),(169,'169黄色1点第4章第1节有图.pptx',4,1),(169,'169黄色1点第4章第2节有图.pptx',4,2),(169,'169黄色1点第4章第3节有图.pptx',4,3),(169,'169黄色1点第4章第4节有图.pptx',4,4),(169,'169黄色1点第4章第5节有图.pptx',4,5),(169,'169黄色1点第4章第6节有图.pptx',4,6),(169,'169黄色1点第5章第1节有图.pptx',5,1),(169,'169黄色1点第5章第2节有图.pptx',5,2),(169,'169黄色1点第5章第3节有图.pptx',5,3),(169,'169黄色1点第5章第4节有图.pptx',5,4),(169,'169黄色1点第5章第5节有图.pptx',5,5),(169,'169黄色1点第5章第6节有图.pptx',5,6),(169,'169黄色1点第6章第1节有图.pptx',6,1),(169,'169黄色1点第6章第2节有图.pptx',6,2),(169,'169黄色1点第6章第3节有图.pptx',6,3),(169,'169黄色1点第6章第4节有图.pptx',6,4),(169,'169黄色1点第6章第5节有图.pptx',6,5),(169,'169黄色1点第6章第6节有图.pptx',6,6),(170,'170黑色1点第1章第1节有图.pptx',1,1),(170,'170黑色1点第1章第2节有图.pptx',1,2),(170,'170黑色1点第1章第3节有图.pptx',1,3),(170,'170黑色1点第1章第4节有图.pptx',1,4),(170,'170黑色1点第1章第5节有图.pptx',1,5),(170,'170黑色1点第1章第6节有图.pptx',1,6),(170,'170黑色1点第2章第1节有图.pptx',2,1),(170,'170黑色1点第2章第2节有图.pptx',2,2),(170,'170黑色1点第2章第3节有图.pptx',2,3),(170,'170黑色1点第2章第4节有图.pptx',2,4),(170,'170黑色1点第2章第5节有图.pptx',2,5),(170,'170黑色1点第2章第6节有图.pptx',2,6),(170,'170黑色1点第3章第1节有图.pptx',3,1),(170,'170黑色1点第3章第2节有图.pptx',3,2),(170,'170黑色1点第3章第3节有图.pptx',3,3),(170,'170黑色1点第3章第4节有图.pptx',3,4),(170,'170黑色1点第3章第5节有图.pptx',3,5),(170,'170黑色1点第3章第6节有图.pptx',3,6),(170,'170黑色1点第4章第1节有图.pptx',4,1),(170,'170黑色1点第4章第2节有图.pptx',4,2),(170,'170黑色1点第4章第3节有图.pptx',4,3),(170,'170黑色1点第4章第4节有图.pptx',4,4),(170,'170黑色1点第4章第5节有图.pptx',4,5),(170,'170黑色1点第4章第6节有图.pptx',4,6),(170,'170黑色1点第5章第1节有图.pptx',5,1),(170,'170黑色1点第5章第2节有图.pptx',5,2),(170,'170黑色1点第5章第3节有图.pptx',5,3),(170,'170黑色1点第5章第4节有图.pptx',5,4),(170,'170黑色1点第5章第5节有图.pptx',5,5),(170,'170黑色1点第5章第6节有图.pptx',5,6),(170,'170黑色1点第6章第1节有图.pptx',6,1),(170,'170黑色1点第6章第2节有图.pptx',6,2),(170,'170黑色1点第6章第3节有图.pptx',6,3),(170,'170黑色1点第6章第4节有图.pptx',6,4),(170,'170黑色1点第6章第5节有图.pptx',6,5),(170,'170黑色1点第6章第6节有图.pptx',6,6),(171,'171橙色1点第1章第1节有图.pptx',1,1),(171,'171橙色1点第1章第2节有图.pptx',1,2),(171,'171橙色1点第1章第3节有图.pptx',1,3),(171,'171橙色1点第1章第4节有图.pptx',1,4),(171,'171橙色1点第1章第5节有图.pptx',1,5),(171,'171橙色1点第1章第6节有图.pptx',1,6),(171,'171橙色1点第2章第1节有图.pptx',2,1),(171,'171橙色1点第2章第2节有图.pptx',2,2),(171,'171橙色1点第2章第3节有图.pptx',2,3),(171,'171橙色1点第2章第4节有图.pptx',2,4),(171,'171橙色1点第2章第5节有图.pptx',2,5),(171,'171橙色1点第2章第6节有图.pptx',2,6),(171,'171橙色1点第3章第1节有图.pptx',3,1),(171,'171橙色1点第3章第2节有图.pptx',3,2),(171,'171橙色1点第3章第3节有图.pptx',3,3),(171,'171橙色1点第3章第4节有图.pptx',3,4),(171,'171橙色1点第3章第5节有图.pptx',3,5),(171,'171橙色1点第3章第6节有图.pptx',3,6),(171,'171橙色1点第4章第1节有图.pptx',4,1),(171,'171橙色1点第4章第2节有图.pptx',4,2),(171,'171橙色1点第4章第3节有图.pptx',4,3),(171,'171橙色1点第4章第4节有图.pptx',4,4),(171,'171橙色1点第4章第5节有图.pptx',4,5),(171,'171橙色1点第4章第6节有图.pptx',4,6),(171,'171橙色1点第5章第1节有图.pptx',5,1),(171,'171橙色1点第5章第2节有图.pptx',5,2),(171,'171橙色1点第5章第3节有图.pptx',5,3),(171,'171橙色1点第5章第4节有图.pptx',5,4),(171,'171橙色1点第5章第5节有图.pptx',5,5),(171,'171橙色1点第5章第6节有图.pptx',5,6),(171,'171橙色1点第6章第1节有图.pptx',6,1),(171,'171橙色1点第6章第2节有图.pptx',6,2),(171,'171橙色1点第6章第3节有图.pptx',6,3),(171,'171橙色1点第6章第4节有图.pptx',6,4),(171,'171橙色1点第6章第5节有图.pptx',6,5),(171,'171橙色1点第6章第6节有图.pptx',6,6),(172,'172白色1点第1章第1节有图.pptx',1,1),(172,'172白色1点第1章第2节有图.pptx',1,2),(172,'172白色1点第1章第3节有图.pptx',1,3),(172,'172白色1点第1章第4节有图.pptx',1,4),(172,'172白色1点第1章第5节有图.pptx',1,5),(172,'172白色1点第1章第6节有图.pptx',1,6),(172,'172白色1点第2章第1节有图.pptx',2,1),(172,'172白色1点第2章第2节有图.pptx',2,2),(172,'172白色1点第2章第3节有图.pptx',2,3),(172,'172白色1点第2章第4节有图.pptx',2,4),(172,'172白色1点第2章第5节有图.pptx',2,5),(172,'172白色1点第2章第6节有图.pptx',2,6),(172,'172白色1点第3章第1节有图.pptx',3,1),(172,'172白色1点第3章第2节有图.pptx',3,2),(172,'172白色1点第3章第3节有图.pptx',3,3),(172,'172白色1点第3章第4节有图.pptx',3,4),(172,'172白色1点第3章第5节有图.pptx',3,5),(172,'172白色1点第3章第6节有图.pptx',3,6),(172,'172白色1点第4章第1节有图.pptx',4,1),(172,'172白色1点第4章第2节有图.pptx',4,2),(172,'172白色1点第4章第3节有图.pptx',4,3),(172,'172白色1点第4章第4节有图.pptx',4,4),(172,'172白色1点第4章第5节有图.pptx',4,5),(172,'172白色1点第4章第6节有图.pptx',4,6),(172,'172白色1点第5章第1节有图.pptx',5,1),(172,'172白色1点第5章第2节有图.pptx',5,2),(172,'172白色1点第5章第3节有图.pptx',5,3),(172,'172白色1点第5章第4节有图.pptx',5,4),(172,'172白色1点第5章第5节有图.pptx',5,5),(172,'172白色1点第5章第6节有图.pptx',5,6),(172,'172白色1点第6章第1节有图.pptx',6,1),(172,'172白色1点第6章第2节有图.pptx',6,2),(172,'172白色1点第6章第3节有图.pptx',6,3),(172,'172白色1点第6章第4节有图.pptx',6,4),(172,'172白色1点第6章第5节有图.pptx',6,5),(172,'172白色1点第6章第6节有图.pptx',6,6),(173,'173粉色1点第1章第1节有图.pptx',1,1),(173,'173粉色1点第1章第2节有图.pptx',1,2),(173,'173粉色1点第1章第3节有图.pptx',1,3),(173,'173粉色1点第1章第4节有图.pptx',1,4),(173,'173粉色1点第1章第5节有图.pptx',1,5),(173,'173粉色1点第1章第6节有图.pptx',1,6),(173,'173粉色1点第2章第1节有图.pptx',2,1),(173,'173粉色1点第2章第2节有图.pptx',2,2),(173,'173粉色1点第2章第3节有图.pptx',2,3),(173,'173粉色1点第2章第4节有图.pptx',2,4),(173,'173粉色1点第2章第5节有图.pptx',2,5),(173,'173粉色1点第2章第6节有图.pptx',2,6),(173,'173粉色1点第3章第1节有图.pptx',3,1),(173,'173粉色1点第3章第2节有图.pptx',3,2),(173,'173粉色1点第3章第3节有图.pptx',3,3),(173,'173粉色1点第3章第4节有图.pptx',3,4),(173,'173粉色1点第3章第5节有图.pptx',3,5),(173,'173粉色1点第3章第6节有图.pptx',3,6),(173,'173粉色1点第4章第1节有图.pptx',4,1),(173,'173粉色1点第4章第2节有图.pptx',4,2),(173,'173粉色1点第4章第3节有图.pptx',4,3),(173,'173粉色1点第4章第4节有图.pptx',4,4),(173,'173粉色1点第4章第5节有图.pptx',4,5),(173,'173粉色1点第4章第6节有图.pptx',4,6),(173,'173粉色1点第5章第1节有图.pptx',5,1),(173,'173粉色1点第5章第2节有图.pptx',5,2),(173,'173粉色1点第5章第3节有图.pptx',5,3),(173,'173粉色1点第5章第4节有图.pptx',5,4),(173,'173粉色1点第5章第5节有图.pptx',5,5),(173,'173粉色1点第5章第6节有图.pptx',5,6),(173,'173粉色1点第6章第1节有图.pptx',6,1),(173,'173粉色1点第6章第2节有图.pptx',6,2),(173,'173粉色1点第6章第3节有图.pptx',6,3),(173,'173粉色1点第6章第4节有图.pptx',6,4),(173,'173粉色1点第6章第5节有图.pptx',6,5),(173,'173粉色1点第6章第6节有图.pptx',6,6),(174,'174紫色1点第1章第1节有图.pptx',1,1),(174,'174紫色1点第1章第2节有图.pptx',1,2),(174,'174紫色1点第1章第3节有图.pptx',1,3),(174,'174紫色1点第1章第4节有图.pptx',1,4),(174,'174紫色1点第1章第5节有图.pptx',1,5),(174,'174紫色1点第1章第6节有图.pptx',1,6),(174,'174紫色1点第2章第1节有图.pptx',2,1),(174,'174紫色1点第2章第2节有图.pptx',2,2),(174,'174紫色1点第2章第3节有图.pptx',2,3),(174,'174紫色1点第2章第4节有图.pptx',2,4),(174,'174紫色1点第2章第5节有图.pptx',2,5),(174,'174紫色1点第2章第6节有图.pptx',2,6),(174,'174紫色1点第3章第1节有图.pptx',3,1),(174,'174紫色1点第3章第2节有图.pptx',3,2),(174,'174紫色1点第3章第3节有图.pptx',3,3),(174,'174紫色1点第3章第4节有图.pptx',3,4),(174,'174紫色1点第3章第5节有图.pptx',3,5),(174,'174紫色1点第3章第6节有图.pptx',3,6),(174,'174紫色1点第4章第1节有图.pptx',4,1),(174,'174紫色1点第4章第2节有图.pptx',4,2),(174,'174紫色1点第4章第3节有图.pptx',4,3),(174,'174紫色1点第4章第4节有图.pptx',4,4),(174,'174紫色1点第4章第5节有图.pptx',4,5),(174,'174紫色1点第4章第6节有图.pptx',4,6),(174,'174紫色1点第5章第1节有图.pptx',5,1),(174,'174紫色1点第5章第2节有图.pptx',5,2),(174,'174紫色1点第5章第3节有图.pptx',5,3),(174,'174紫色1点第5章第4节有图.pptx',5,4),(174,'174紫色1点第5章第5节有图.pptx',5,5),(174,'174紫色1点第5章第6节有图.pptx',5,6),(174,'174紫色1点第6章第1节有图.pptx',6,1),(174,'174紫色1点第6章第2节有图.pptx',6,2),(174,'174紫色1点第6章第3节有图.pptx',6,3),(174,'174紫色1点第6章第4节有图.pptx',6,4),(174,'174紫色1点第6章第5节有图.pptx',6,5),(174,'174紫色1点第6章第6节有图.pptx',6,6),(175,'175红色1点第1章第1节有图.pptx',1,1),(175,'175红色1点第1章第2节有图.pptx',1,2),(175,'175红色1点第1章第3节有图.pptx',1,3),(175,'175红色1点第1章第4节有图.pptx',1,4),(175,'175红色1点第1章第5节有图.pptx',1,5),(175,'175红色1点第1章第6节有图.pptx',1,6),(175,'175红色1点第2章第1节有图.pptx',2,1),(175,'175红色1点第2章第2节有图.pptx',2,2),(175,'175红色1点第2章第3节有图.pptx',2,3),(175,'175红色1点第2章第4节有图.pptx',2,4),(175,'175红色1点第2章第5节有图.pptx',2,5),(175,'175红色1点第2章第6节有图.pptx',2,6),(175,'175红色1点第3章第1节有图.pptx',3,1),(175,'175红色1点第3章第2节有图.pptx',3,2),(175,'175红色1点第3章第3节有图.pptx',3,3),(175,'175红色1点第3章第4节有图.pptx',3,4),(175,'175红色1点第3章第5节有图.pptx',3,5),(175,'175红色1点第3章第6节有图.pptx',3,6),(175,'175红色1点第4章第1节有图.pptx',4,1),(175,'175红色1点第4章第2节有图.pptx',4,2),(175,'175红色1点第4章第3节有图.pptx',4,3),(175,'175红色1点第4章第4节有图.pptx',4,4),(175,'175红色1点第4章第5节有图.pptx',4,5),(175,'175红色1点第4章第6节有图.pptx',4,6),(175,'175红色1点第5章第1节有图.pptx',5,1),(175,'175红色1点第5章第2节有图.pptx',5,2),(175,'175红色1点第5章第3节有图.pptx',5,3),(175,'175红色1点第5章第4节有图.pptx',5,4),(175,'175红色1点第5章第5节有图.pptx',5,5),(175,'175红色1点第5章第6节有图.pptx',5,6),(175,'175红色1点第6章第1节有图.pptx',6,1),(175,'175红色1点第6章第2节有图.pptx',6,2),(175,'175红色1点第6章第3节有图.pptx',6,3),(175,'175红色1点第6章第4节有图.pptx',6,4),(175,'175红色1点第6章第5节有图.pptx',6,5),(175,'175红色1点第6章第6节有图.pptx',6,6),(176,'176绿色1点第1章第1节有图.pptx',1,1),(176,'176绿色1点第1章第2节有图.pptx',1,2),(176,'176绿色1点第1章第3节有图.pptx',1,3),(176,'176绿色1点第1章第4节有图.pptx',1,4),(176,'176绿色1点第1章第5节有图.pptx',1,5),(176,'176绿色1点第1章第6节有图.pptx',1,6),(176,'176绿色1点第2章第1节有图.pptx',2,1),(176,'176绿色1点第2章第2节有图.pptx',2,2),(176,'176绿色1点第2章第3节有图.pptx',2,3),(176,'176绿色1点第2章第4节有图.pptx',2,4),(176,'176绿色1点第2章第5节有图.pptx',2,5),(176,'176绿色1点第2章第6节有图.pptx',2,6),(176,'176绿色1点第3章第1节有图.pptx',3,1),(176,'176绿色1点第3章第2节有图.pptx',3,2),(176,'176绿色1点第3章第3节有图.pptx',3,3),(176,'176绿色1点第3章第4节有图.pptx',3,4),(176,'176绿色1点第3章第5节有图.pptx',3,5),(176,'176绿色1点第3章第6节有图.pptx',3,6),(176,'176绿色1点第4章第1节有图.pptx',4,1),(176,'176绿色1点第4章第2节有图.pptx',4,2),(176,'176绿色1点第4章第3节有图.pptx',4,3),(176,'176绿色1点第4章第4节有图.pptx',4,4),(176,'176绿色1点第4章第5节有图.pptx',4,5),(176,'176绿色1点第4章第6节有图.pptx',4,6),(176,'176绿色1点第5章第1节有图.pptx',5,1),(176,'176绿色1点第5章第2节有图.pptx',5,2),(176,'176绿色1点第5章第3节有图.pptx',5,3),(176,'176绿色1点第5章第4节有图.pptx',5,4),(176,'176绿色1点第5章第5节有图.pptx',5,5),(176,'176绿色1点第5章第6节有图.pptx',5,6),(176,'176绿色1点第6章第1节有图.pptx',6,1),(176,'176绿色1点第6章第2节有图.pptx',6,2),(176,'176绿色1点第6章第3节有图.pptx',6,3),(176,'176绿色1点第6章第4节有图.pptx',6,4),(176,'176绿色1点第6章第5节有图.pptx',6,5),(176,'176绿色1点第6章第6节有图.pptx',6,6),(177,'177蓝色1点第1章第1节有图.pptx',1,1),(177,'177蓝色1点第1章第2节有图.pptx',1,2),(177,'177蓝色1点第1章第3节有图.pptx',1,3),(177,'177蓝色1点第1章第4节有图.pptx',1,4),(177,'177蓝色1点第1章第5节有图.pptx',1,5),(177,'177蓝色1点第1章第6节有图.pptx',1,6),(177,'177蓝色1点第2章第1节有图.pptx',2,1),(177,'177蓝色1点第2章第2节有图.pptx',2,2),(177,'177蓝色1点第2章第3节有图.pptx',2,3),(177,'177蓝色1点第2章第4节有图.pptx',2,4),(177,'177蓝色1点第2章第5节有图.pptx',2,5),(177,'177蓝色1点第2章第6节有图.pptx',2,6),(177,'177蓝色1点第3章第1节有图.pptx',3,1),(177,'177蓝色1点第3章第2节有图.pptx',3,2),(177,'177蓝色1点第3章第3节有图.pptx',3,3),(177,'177蓝色1点第3章第4节有图.pptx',3,4),(177,'177蓝色1点第3章第5节有图.pptx',3,5),(177,'177蓝色1点第3章第6节有图.pptx',3,6),(177,'177蓝色1点第4章第1节有图.pptx',4,1),(177,'177蓝色1点第4章第2节有图.pptx',4,2),(177,'177蓝色1点第4章第3节有图.pptx',4,3),(177,'177蓝色1点第4章第4节有图.pptx',4,4),(177,'177蓝色1点第4章第5节有图.pptx',4,5),(177,'177蓝色1点第4章第6节有图.pptx',4,6),(177,'177蓝色1点第5章第1节有图.pptx',5,1),(177,'177蓝色1点第5章第2节有图.pptx',5,2),(177,'177蓝色1点第5章第3节有图.pptx',5,3),(177,'177蓝色1点第5章第4节有图.pptx',5,4),(177,'177蓝色1点第5章第5节有图.pptx',5,5),(177,'177蓝色1点第5章第6节有图.pptx',5,6),(177,'177蓝色1点第6章第1节有图.pptx',6,1),(177,'177蓝色1点第6章第2节有图.pptx',6,2),(177,'177蓝色1点第6章第3节有图.pptx',6,3),(177,'177蓝色1点第6章第4节有图.pptx',6,4),(177,'177蓝色1点第6章第5节有图.pptx',6,5),(177,'177蓝色1点第6章第6节有图.pptx',6,6),(178,'178黄色1点第1章第1节有图.pptx',1,1),(178,'178黄色1点第1章第2节有图.pptx',1,2),(178,'178黄色1点第1章第3节有图.pptx',1,3),(178,'178黄色1点第1章第4节有图.pptx',1,4),(178,'178黄色1点第1章第5节有图.pptx',1,5),(178,'178黄色1点第1章第6节有图.pptx',1,6),(178,'178黄色1点第2章第1节有图.pptx',2,1),(178,'178黄色1点第2章第2节有图.pptx',2,2),(178,'178黄色1点第2章第3节有图.pptx',2,3),(178,'178黄色1点第2章第4节有图.pptx',2,4),(178,'178黄色1点第2章第5节有图.pptx',2,5),(178,'178黄色1点第2章第6节有图.pptx',2,6),(178,'178黄色1点第3章第1节有图.pptx',3,1),(178,'178黄色1点第3章第2节有图.pptx',3,2),(178,'178黄色1点第3章第3节有图.pptx',3,3),(178,'178黄色1点第3章第4节有图.pptx',3,4),(178,'178黄色1点第3章第5节有图.pptx',3,5),(178,'178黄色1点第3章第6节有图.pptx',3,6),(178,'178黄色1点第4章第1节有图.pptx',4,1),(178,'178黄色1点第4章第2节有图.pptx',4,2),(178,'178黄色1点第4章第3节有图.pptx',4,3),(178,'178黄色1点第4章第4节有图.pptx',4,4),(178,'178黄色1点第4章第5节有图.pptx',4,5),(178,'178黄色1点第4章第6节有图.pptx',4,6),(178,'178黄色1点第5章第1节有图.pptx',5,1),(178,'178黄色1点第5章第2节有图.pptx',5,2),(178,'178黄色1点第5章第3节有图.pptx',5,3),(178,'178黄色1点第5章第4节有图.pptx',5,4),(178,'178黄色1点第5章第5节有图.pptx',5,5),(178,'178黄色1点第5章第6节有图.pptx',5,6),(178,'178黄色1点第6章第1节有图.pptx',6,1),(178,'178黄色1点第6章第2节有图.pptx',6,2),(178,'178黄色1点第6章第3节有图.pptx',6,3),(178,'178黄色1点第6章第4节有图.pptx',6,4),(178,'178黄色1点第6章第5节有图.pptx',6,5),(178,'178黄色1点第6章第6节有图.pptx',6,6),(179,'179黑色1点第1章第1节有图.pptx',1,1),(179,'179黑色1点第1章第2节有图.pptx',1,2),(179,'179黑色1点第1章第3节有图.pptx',1,3),(179,'179黑色1点第1章第4节有图.pptx',1,4),(179,'179黑色1点第1章第5节有图.pptx',1,5),(179,'179黑色1点第1章第6节有图.pptx',1,6),(179,'179黑色1点第2章第1节有图.pptx',2,1),(179,'179黑色1点第2章第2节有图.pptx',2,2),(179,'179黑色1点第2章第3节有图.pptx',2,3),(179,'179黑色1点第2章第4节有图.pptx',2,4),(179,'179黑色1点第2章第5节有图.pptx',2,5),(179,'179黑色1点第2章第6节有图.pptx',2,6),(179,'179黑色1点第3章第1节有图.pptx',3,1),(179,'179黑色1点第3章第2节有图.pptx',3,2),(179,'179黑色1点第3章第3节有图.pptx',3,3),(179,'179黑色1点第3章第4节有图.pptx',3,4),(179,'179黑色1点第3章第5节有图.pptx',3,5),(179,'179黑色1点第3章第6节有图.pptx',3,6),(179,'179黑色1点第4章第1节有图.pptx',4,1),(179,'179黑色1点第4章第2节有图.pptx',4,2),(179,'179黑色1点第4章第3节有图.pptx',4,3),(179,'179黑色1点第4章第4节有图.pptx',4,4),(179,'179黑色1点第4章第5节有图.pptx',4,5),(179,'179黑色1点第4章第6节有图.pptx',4,6),(179,'179黑色1点第5章第1节有图.pptx',5,1),(179,'179黑色1点第5章第2节有图.pptx',5,2),(179,'179黑色1点第5章第3节有图.pptx',5,3),(179,'179黑色1点第5章第4节有图.pptx',5,4),(179,'179黑色1点第5章第5节有图.pptx',5,5),(179,'179黑色1点第5章第6节有图.pptx',5,6),(179,'179黑色1点第6章第1节有图.pptx',6,1),(179,'179黑色1点第6章第2节有图.pptx',6,2),(179,'179黑色1点第6章第3节有图.pptx',6,3),(179,'179黑色1点第6章第4节有图.pptx',6,4),(179,'179黑色1点第6章第5节有图.pptx',6,5),(179,'179黑色1点第6章第6节有图.pptx',6,6),(180,'180橙色1点第1章第1节无图.pptx',1,1),(180,'180橙色1点第1章第2节无图.pptx',1,2),(180,'180橙色1点第1章第3节无图.pptx',1,3),(180,'180橙色1点第1章第4节无图.pptx',1,4),(180,'180橙色1点第1章第5节无图.pptx',1,5),(180,'180橙色1点第1章第6节无图.pptx',1,6),(180,'180橙色1点第2章第1节无图.pptx',2,1),(180,'180橙色1点第2章第2节无图.pptx',2,2),(180,'180橙色1点第2章第3节无图.pptx',2,3),(180,'180橙色1点第2章第4节无图.pptx',2,4),(180,'180橙色1点第2章第5节无图.pptx',2,5),(180,'180橙色1点第2章第6节无图.pptx',2,6),(180,'180橙色1点第3章第1节无图.pptx',3,1),(180,'180橙色1点第3章第2节无图.pptx',3,2),(180,'180橙色1点第3章第3节无图.pptx',3,3),(180,'180橙色1点第3章第4节无图.pptx',3,4),(180,'180橙色1点第3章第5节无图.pptx',3,5),(180,'180橙色1点第3章第6节无图.pptx',3,6),(180,'180橙色1点第4章第1节无图.pptx',4,1),(180,'180橙色1点第4章第2节无图.pptx',4,2),(180,'180橙色1点第4章第3节无图.pptx',4,3),(180,'180橙色1点第4章第4节无图.pptx',4,4),(180,'180橙色1点第4章第5节无图.pptx',4,5),(180,'180橙色1点第4章第6节无图.pptx',4,6),(180,'180橙色1点第5章第1节无图.pptx',5,1),(180,'180橙色1点第5章第2节无图.pptx',5,2),(180,'180橙色1点第5章第3节无图.pptx',5,3),(180,'180橙色1点第5章第4节无图.pptx',5,4),(180,'180橙色1点第5章第5节无图.pptx',5,5),(180,'180橙色1点第5章第6节无图.pptx',5,6),(180,'180橙色1点第6章第1节无图.pptx',6,1),(180,'180橙色1点第6章第2节无图.pptx',6,2),(180,'180橙色1点第6章第3节无图.pptx',6,3),(180,'180橙色1点第6章第4节无图.pptx',6,4),(180,'180橙色1点第6章第5节无图.pptx',6,5),(180,'180橙色1点第6章第6节无图.pptx',6,6),(181,'181白色1点第1章第1节无图.pptx',1,1),(181,'181白色1点第1章第2节无图.pptx',1,2),(181,'181白色1点第1章第3节无图.pptx',1,3),(181,'181白色1点第1章第4节无图.pptx',1,4),(181,'181白色1点第1章第5节无图.pptx',1,5),(181,'181白色1点第1章第6节无图.pptx',1,6),(181,'181白色1点第2章第1节无图.pptx',2,1),(181,'181白色1点第2章第2节无图.pptx',2,2),(181,'181白色1点第2章第3节无图.pptx',2,3),(181,'181白色1点第2章第4节无图.pptx',2,4),(181,'181白色1点第2章第5节无图.pptx',2,5),(181,'181白色1点第2章第6节无图.pptx',2,6),(181,'181白色1点第3章第1节无图.pptx',3,1),(181,'181白色1点第3章第2节无图.pptx',3,2),(181,'181白色1点第3章第3节无图.pptx',3,3),(181,'181白色1点第3章第4节无图.pptx',3,4),(181,'181白色1点第3章第5节无图.pptx',3,5),(181,'181白色1点第3章第6节无图.pptx',3,6),(181,'181白色1点第4章第1节无图.pptx',4,1),(181,'181白色1点第4章第2节无图.pptx',4,2),(181,'181白色1点第4章第3节无图.pptx',4,3),(181,'181白色1点第4章第4节无图.pptx',4,4),(181,'181白色1点第4章第5节无图.pptx',4,5),(181,'181白色1点第4章第6节无图.pptx',4,6),(181,'181白色1点第5章第1节无图.pptx',5,1),(181,'181白色1点第5章第2节无图.pptx',5,2),(181,'181白色1点第5章第3节无图.pptx',5,3),(181,'181白色1点第5章第4节无图.pptx',5,4),(181,'181白色1点第5章第5节无图.pptx',5,5),(181,'181白色1点第5章第6节无图.pptx',5,6),(181,'181白色1点第6章第1节无图.pptx',6,1),(181,'181白色1点第6章第2节无图.pptx',6,2),(181,'181白色1点第6章第3节无图.pptx',6,3),(181,'181白色1点第6章第4节无图.pptx',6,4),(181,'181白色1点第6章第5节无图.pptx',6,5),(181,'181白色1点第6章第6节无图.pptx',6,6),(182,'182粉色1点第1章第1节无图.pptx',1,1),(182,'182粉色1点第1章第2节无图.pptx',1,2),(182,'182粉色1点第1章第3节无图.pptx',1,3),(182,'182粉色1点第1章第4节无图.pptx',1,4),(182,'182粉色1点第1章第5节无图.pptx',1,5),(182,'182粉色1点第1章第6节无图.pptx',1,6),(182,'182粉色1点第2章第1节无图.pptx',2,1),(182,'182粉色1点第2章第2节无图.pptx',2,2),(182,'182粉色1点第2章第3节无图.pptx',2,3),(182,'182粉色1点第2章第4节无图.pptx',2,4),(182,'182粉色1点第2章第5节无图.pptx',2,5),(182,'182粉色1点第2章第6节无图.pptx',2,6),(182,'182粉色1点第3章第1节无图.pptx',3,1),(182,'182粉色1点第3章第2节无图.pptx',3,2),(182,'182粉色1点第3章第3节无图.pptx',3,3),(182,'182粉色1点第3章第4节无图.pptx',3,4),(182,'182粉色1点第3章第5节无图.pptx',3,5),(182,'182粉色1点第3章第6节无图.pptx',3,6),(182,'182粉色1点第4章第1节无图.pptx',4,1),(182,'182粉色1点第4章第2节无图.pptx',4,2),(182,'182粉色1点第4章第3节无图.pptx',4,3),(182,'182粉色1点第4章第4节无图.pptx',4,4),(182,'182粉色1点第4章第5节无图.pptx',4,5),(182,'182粉色1点第4章第6节无图.pptx',4,6),(182,'182粉色1点第5章第1节无图.pptx',5,1),(182,'182粉色1点第5章第2节无图.pptx',5,2),(182,'182粉色1点第5章第3节无图.pptx',5,3),(182,'182粉色1点第5章第4节无图.pptx',5,4),(182,'182粉色1点第5章第5节无图.pptx',5,5),(182,'182粉色1点第5章第6节无图.pptx',5,6),(182,'182粉色1点第6章第1节无图.pptx',6,1),(182,'182粉色1点第6章第2节无图.pptx',6,2),(182,'182粉色1点第6章第3节无图.pptx',6,3),(182,'182粉色1点第6章第4节无图.pptx',6,4),(182,'182粉色1点第6章第5节无图.pptx',6,5),(182,'182粉色1点第6章第6节无图.pptx',6,6),(183,'183紫色1点第1章第1节无图.pptx',1,1),(183,'183紫色1点第1章第2节无图.pptx',1,2),(183,'183紫色1点第1章第3节无图.pptx',1,3),(183,'183紫色1点第1章第4节无图.pptx',1,4),(183,'183紫色1点第1章第5节无图.pptx',1,5),(183,'183紫色1点第1章第6节无图.pptx',1,6),(183,'183紫色1点第2章第1节无图.pptx',2,1),(183,'183紫色1点第2章第2节无图.pptx',2,2),(183,'183紫色1点第2章第3节无图.pptx',2,3),(183,'183紫色1点第2章第4节无图.pptx',2,4),(183,'183紫色1点第2章第5节无图.pptx',2,5),(183,'183紫色1点第2章第6节无图.pptx',2,6),(183,'183紫色1点第3章第1节无图.pptx',3,1),(183,'183紫色1点第3章第2节无图.pptx',3,2),(183,'183紫色1点第3章第3节无图.pptx',3,3),(183,'183紫色1点第3章第4节无图.pptx',3,4),(183,'183紫色1点第3章第5节无图.pptx',3,5),(183,'183紫色1点第3章第6节无图.pptx',3,6),(183,'183紫色1点第4章第1节无图.pptx',4,1),(183,'183紫色1点第4章第2节无图.pptx',4,2),(183,'183紫色1点第4章第3节无图.pptx',4,3),(183,'183紫色1点第4章第4节无图.pptx',4,4),(183,'183紫色1点第4章第5节无图.pptx',4,5),(183,'183紫色1点第4章第6节无图.pptx',4,6),(183,'183紫色1点第5章第1节无图.pptx',5,1),(183,'183紫色1点第5章第2节无图.pptx',5,2),(183,'183紫色1点第5章第3节无图.pptx',5,3),(183,'183紫色1点第5章第4节无图.pptx',5,4),(183,'183紫色1点第5章第5节无图.pptx',5,5),(183,'183紫色1点第5章第6节无图.pptx',5,6),(183,'183紫色1点第6章第1节无图.pptx',6,1),(183,'183紫色1点第6章第2节无图.pptx',6,2),(183,'183紫色1点第6章第3节无图.pptx',6,3),(183,'183紫色1点第6章第4节无图.pptx',6,4),(183,'183紫色1点第6章第5节无图.pptx',6,5),(183,'183紫色1点第6章第6节无图.pptx',6,6),(184,'184红色1点第1章第1节无图.pptx',1,1),(184,'184红色1点第1章第2节无图.pptx',1,2),(184,'184红色1点第1章第3节无图.pptx',1,3),(184,'184红色1点第1章第4节无图.pptx',1,4),(184,'184红色1点第1章第5节无图.pptx',1,5),(184,'184红色1点第1章第6节无图.pptx',1,6),(184,'184红色1点第2章第1节无图.pptx',2,1),(184,'184红色1点第2章第2节无图.pptx',2,2),(184,'184红色1点第2章第3节无图.pptx',2,3),(184,'184红色1点第2章第4节无图.pptx',2,4),(184,'184红色1点第2章第5节无图.pptx',2,5),(184,'184红色1点第2章第6节无图.pptx',2,6),(184,'184红色1点第3章第1节无图.pptx',3,1),(184,'184红色1点第3章第2节无图.pptx',3,2),(184,'184红色1点第3章第3节无图.pptx',3,3),(184,'184红色1点第3章第4节无图.pptx',3,4),(184,'184红色1点第3章第5节无图.pptx',3,5),(184,'184红色1点第3章第6节无图.pptx',3,6),(184,'184红色1点第4章第1节无图.pptx',4,1),(184,'184红色1点第4章第2节无图.pptx',4,2),(184,'184红色1点第4章第3节无图.pptx',4,3),(184,'184红色1点第4章第4节无图.pptx',4,4),(184,'184红色1点第4章第5节无图.pptx',4,5),(184,'184红色1点第4章第6节无图.pptx',4,6),(184,'184红色1点第5章第1节无图.pptx',5,1),(184,'184红色1点第5章第2节无图.pptx',5,2),(184,'184红色1点第5章第3节无图.pptx',5,3),(184,'184红色1点第5章第4节无图.pptx',5,4),(184,'184红色1点第5章第5节无图.pptx',5,5),(184,'184红色1点第5章第6节无图.pptx',5,6),(184,'184红色1点第6章第1节无图.pptx',6,1),(184,'184红色1点第6章第2节无图.pptx',6,2),(184,'184红色1点第6章第3节无图.pptx',6,3),(184,'184红色1点第6章第4节无图.pptx',6,4),(184,'184红色1点第6章第5节无图.pptx',6,5),(184,'184红色1点第6章第6节无图.pptx',6,6),(185,'185绿色1点第1章第1节无图.pptx',1,1),(185,'185绿色1点第1章第2节无图.pptx',1,2),(185,'185绿色1点第1章第3节无图.pptx',1,3),(185,'185绿色1点第1章第4节无图.pptx',1,4),(185,'185绿色1点第1章第5节无图.pptx',1,5),(185,'185绿色1点第1章第6节无图.pptx',1,6),(185,'185绿色1点第2章第1节无图.pptx',2,1),(185,'185绿色1点第2章第2节无图.pptx',2,2),(185,'185绿色1点第2章第3节无图.pptx',2,3),(185,'185绿色1点第2章第4节无图.pptx',2,4),(185,'185绿色1点第2章第5节无图.pptx',2,5),(185,'185绿色1点第2章第6节无图.pptx',2,6),(185,'185绿色1点第3章第1节无图.pptx',3,1),(185,'185绿色1点第3章第2节无图.pptx',3,2),(185,'185绿色1点第3章第3节无图.pptx',3,3),(185,'185绿色1点第3章第4节无图.pptx',3,4),(185,'185绿色1点第3章第5节无图.pptx',3,5),(185,'185绿色1点第3章第6节无图.pptx',3,6),(185,'185绿色1点第4章第1节无图.pptx',4,1),(185,'185绿色1点第4章第2节无图.pptx',4,2),(185,'185绿色1点第4章第3节无图.pptx',4,3),(185,'185绿色1点第4章第4节无图.pptx',4,4),(185,'185绿色1点第4章第5节无图.pptx',4,5),(185,'185绿色1点第4章第6节无图.pptx',4,6),(185,'185绿色1点第5章第1节无图.pptx',5,1),(185,'185绿色1点第5章第2节无图.pptx',5,2),(185,'185绿色1点第5章第3节无图.pptx',5,3),(185,'185绿色1点第5章第4节无图.pptx',5,4),(185,'185绿色1点第5章第5节无图.pptx',5,5),(185,'185绿色1点第5章第6节无图.pptx',5,6),(185,'185绿色1点第6章第1节无图.pptx',6,1),(185,'185绿色1点第6章第2节无图.pptx',6,2),(185,'185绿色1点第6章第3节无图.pptx',6,3),(185,'185绿色1点第6章第4节无图.pptx',6,4),(185,'185绿色1点第6章第5节无图.pptx',6,5),(185,'185绿色1点第6章第6节无图.pptx',6,6),(186,'186蓝色1点第1章第1节无图.pptx',1,1),(186,'186蓝色1点第1章第2节无图.pptx',1,2),(186,'186蓝色1点第1章第3节无图.pptx',1,3),(186,'186蓝色1点第1章第4节无图.pptx',1,4),(186,'186蓝色1点第1章第5节无图.pptx',1,5),(186,'186蓝色1点第1章第6节无图.pptx',1,6),(186,'186蓝色1点第2章第1节无图.pptx',2,1),(186,'186蓝色1点第2章第2节无图.pptx',2,2),(186,'186蓝色1点第2章第3节无图.pptx',2,3),(186,'186蓝色1点第2章第4节无图.pptx',2,4),(186,'186蓝色1点第2章第5节无图.pptx',2,5),(186,'186蓝色1点第2章第6节无图.pptx',2,6),(186,'186蓝色1点第3章第1节无图.pptx',3,1),(186,'186蓝色1点第3章第2节无图.pptx',3,2),(186,'186蓝色1点第3章第3节无图.pptx',3,3),(186,'186蓝色1点第3章第4节无图.pptx',3,4),(186,'186蓝色1点第3章第5节无图.pptx',3,5),(186,'186蓝色1点第3章第6节无图.pptx',3,6),(186,'186蓝色1点第4章第1节无图.pptx',4,1),(186,'186蓝色1点第4章第2节无图.pptx',4,2),(186,'186蓝色1点第4章第3节无图.pptx',4,3),(186,'186蓝色1点第4章第4节无图.pptx',4,4),(186,'186蓝色1点第4章第5节无图.pptx',4,5),(186,'186蓝色1点第4章第6节无图.pptx',4,6),(186,'186蓝色1点第5章第1节无图.pptx',5,1),(186,'186蓝色1点第5章第2节无图.pptx',5,2),(186,'186蓝色1点第5章第3节无图.pptx',5,3),(186,'186蓝色1点第5章第4节无图.pptx',5,4),(186,'186蓝色1点第5章第5节无图.pptx',5,5),(186,'186蓝色1点第5章第6节无图.pptx',5,6),(186,'186蓝色1点第6章第1节无图.pptx',6,1),(186,'186蓝色1点第6章第2节无图.pptx',6,2),(186,'186蓝色1点第6章第3节无图.pptx',6,3),(186,'186蓝色1点第6章第4节无图.pptx',6,4),(186,'186蓝色1点第6章第5节无图.pptx',6,5),(186,'186蓝色1点第6章第6节无图.pptx',6,6),(187,'187黄色1点第1章第1节无图.pptx',1,1),(187,'187黄色1点第1章第2节无图.pptx',1,2),(187,'187黄色1点第1章第3节无图.pptx',1,3),(187,'187黄色1点第1章第4节无图.pptx',1,4),(187,'187黄色1点第1章第5节无图.pptx',1,5),(187,'187黄色1点第1章第6节无图.pptx',1,6),(187,'187黄色1点第2章第1节无图.pptx',2,1),(187,'187黄色1点第2章第2节无图.pptx',2,2),(187,'187黄色1点第2章第3节无图.pptx',2,3),(187,'187黄色1点第2章第4节无图.pptx',2,4),(187,'187黄色1点第2章第5节无图.pptx',2,5),(187,'187黄色1点第2章第6节无图.pptx',2,6),(187,'187黄色1点第3章第1节无图.pptx',3,1),(187,'187黄色1点第3章第2节无图.pptx',3,2),(187,'187黄色1点第3章第3节无图.pptx',3,3),(187,'187黄色1点第3章第4节无图.pptx',3,4),(187,'187黄色1点第3章第5节无图.pptx',3,5),(187,'187黄色1点第3章第6节无图.pptx',3,6),(187,'187黄色1点第4章第1节无图.pptx',4,1),(187,'187黄色1点第4章第2节无图.pptx',4,2),(187,'187黄色1点第4章第3节无图.pptx',4,3),(187,'187黄色1点第4章第4节无图.pptx',4,4),(187,'187黄色1点第4章第5节无图.pptx',4,5),(187,'187黄色1点第4章第6节无图.pptx',4,6),(187,'187黄色1点第5章第1节无图.pptx',5,1),(187,'187黄色1点第5章第2节无图.pptx',5,2),(187,'187黄色1点第5章第3节无图.pptx',5,3),(187,'187黄色1点第5章第4节无图.pptx',5,4),(187,'187黄色1点第5章第5节无图.pptx',5,5),(187,'187黄色1点第5章第6节无图.pptx',5,6),(187,'187黄色1点第6章第1节无图.pptx',6,1),(187,'187黄色1点第6章第2节无图.pptx',6,2),(187,'187黄色1点第6章第3节无图.pptx',6,3),(187,'187黄色1点第6章第4节无图.pptx',6,4),(187,'187黄色1点第6章第5节无图.pptx',6,5),(187,'187黄色1点第6章第6节无图.pptx',6,6),(188,'188黑色1点第1章第1节无图.pptx',1,1),(188,'188黑色1点第1章第2节无图.pptx',1,2),(188,'188黑色1点第1章第3节无图.pptx',1,3),(188,'188黑色1点第1章第4节无图.pptx',1,4),(188,'188黑色1点第1章第5节无图.pptx',1,5),(188,'188黑色1点第1章第6节无图.pptx',1,6),(188,'188黑色1点第2章第1节无图.pptx',2,1),(188,'188黑色1点第2章第2节无图.pptx',2,2),(188,'188黑色1点第2章第3节无图.pptx',2,3),(188,'188黑色1点第2章第4节无图.pptx',2,4),(188,'188黑色1点第2章第5节无图.pptx',2,5),(188,'188黑色1点第2章第6节无图.pptx',2,6),(188,'188黑色1点第3章第1节无图.pptx',3,1),(188,'188黑色1点第3章第2节无图.pptx',3,2),(188,'188黑色1点第3章第3节无图.pptx',3,3),(188,'188黑色1点第3章第4节无图.pptx',3,4),(188,'188黑色1点第3章第5节无图.pptx',3,5),(188,'188黑色1点第3章第6节无图.pptx',3,6),(188,'188黑色1点第4章第1节无图.pptx',4,1),(188,'188黑色1点第4章第2节无图.pptx',4,2),(188,'188黑色1点第4章第3节无图.pptx',4,3),(188,'188黑色1点第4章第4节无图.pptx',4,4),(188,'188黑色1点第4章第5节无图.pptx',4,5),(188,'188黑色1点第4章第6节无图.pptx',4,6),(188,'188黑色1点第5章第1节无图.pptx',5,1),(188,'188黑色1点第5章第2节无图.pptx',5,2),(188,'188黑色1点第5章第3节无图.pptx',5,3),(188,'188黑色1点第5章第4节无图.pptx',5,4),(188,'188黑色1点第5章第5节无图.pptx',5,5),(188,'188黑色1点第5章第6节无图.pptx',5,6),(188,'188黑色1点第6章第1节无图.pptx',6,1),(188,'188黑色1点第6章第2节无图.pptx',6,2),(188,'188黑色1点第6章第3节无图.pptx',6,3),(188,'188黑色1点第6章第4节无图.pptx',6,4),(188,'188黑色1点第6章第5节无图.pptx',6,5),(188,'188黑色1点第6章第6节无图.pptx',6,6),(189,'189橙色1点第1章第1节无图.pptx',1,1),(189,'189橙色1点第1章第2节无图.pptx',1,2),(189,'189橙色1点第1章第3节无图.pptx',1,3),(189,'189橙色1点第1章第4节无图.pptx',1,4),(189,'189橙色1点第1章第5节无图.pptx',1,5),(189,'189橙色1点第1章第6节无图.pptx',1,6),(189,'189橙色1点第2章第1节无图.pptx',2,1),(189,'189橙色1点第2章第2节无图.pptx',2,2),(189,'189橙色1点第2章第3节无图.pptx',2,3),(189,'189橙色1点第2章第4节无图.pptx',2,4),(189,'189橙色1点第2章第5节无图.pptx',2,5),(189,'189橙色1点第2章第6节无图.pptx',2,6),(189,'189橙色1点第3章第1节无图.pptx',3,1),(189,'189橙色1点第3章第2节无图.pptx',3,2),(189,'189橙色1点第3章第3节无图.pptx',3,3),(189,'189橙色1点第3章第4节无图.pptx',3,4),(189,'189橙色1点第3章第5节无图.pptx',3,5),(189,'189橙色1点第3章第6节无图.pptx',3,6),(189,'189橙色1点第4章第1节无图.pptx',4,1),(189,'189橙色1点第4章第2节无图.pptx',4,2),(189,'189橙色1点第4章第3节无图.pptx',4,3),(189,'189橙色1点第4章第4节无图.pptx',4,4),(189,'189橙色1点第4章第5节无图.pptx',4,5),(189,'189橙色1点第4章第6节无图.pptx',4,6),(189,'189橙色1点第5章第1节无图.pptx',5,1),(189,'189橙色1点第5章第2节无图.pptx',5,2),(189,'189橙色1点第5章第3节无图.pptx',5,3),(189,'189橙色1点第5章第4节无图.pptx',5,4),(189,'189橙色1点第5章第5节无图.pptx',5,5),(189,'189橙色1点第5章第6节无图.pptx',5,6),(189,'189橙色1点第6章第1节无图.pptx',6,1),(189,'189橙色1点第6章第2节无图.pptx',6,2),(189,'189橙色1点第6章第3节无图.pptx',6,3),(189,'189橙色1点第6章第4节无图.pptx',6,4),(189,'189橙色1点第6章第5节无图.pptx',6,5),(189,'189橙色1点第6章第6节无图.pptx',6,6),(190,'190白色1点第1章第1节无图.pptx',1,1),(190,'190白色1点第1章第2节无图.pptx',1,2),(190,'190白色1点第1章第3节无图.pptx',1,3),(190,'190白色1点第1章第4节无图.pptx',1,4),(190,'190白色1点第1章第5节无图.pptx',1,5),(190,'190白色1点第1章第6节无图.pptx',1,6),(190,'190白色1点第2章第1节无图.pptx',2,1),(190,'190白色1点第2章第2节无图.pptx',2,2),(190,'190白色1点第2章第3节无图.pptx',2,3),(190,'190白色1点第2章第4节无图.pptx',2,4),(190,'190白色1点第2章第5节无图.pptx',2,5),(190,'190白色1点第2章第6节无图.pptx',2,6),(190,'190白色1点第3章第1节无图.pptx',3,1),(190,'190白色1点第3章第2节无图.pptx',3,2),(190,'190白色1点第3章第3节无图.pptx',3,3),(190,'190白色1点第3章第4节无图.pptx',3,4),(190,'190白色1点第3章第5节无图.pptx',3,5),(190,'190白色1点第3章第6节无图.pptx',3,6),(190,'190白色1点第4章第1节无图.pptx',4,1),(190,'190白色1点第4章第2节无图.pptx',4,2),(190,'190白色1点第4章第3节无图.pptx',4,3),(190,'190白色1点第4章第4节无图.pptx',4,4),(190,'190白色1点第4章第5节无图.pptx',4,5),(190,'190白色1点第4章第6节无图.pptx',4,6),(190,'190白色1点第5章第1节无图.pptx',5,1),(190,'190白色1点第5章第2节无图.pptx',5,2),(190,'190白色1点第5章第3节无图.pptx',5,3),(190,'190白色1点第5章第4节无图.pptx',5,4),(190,'190白色1点第5章第5节无图.pptx',5,5),(190,'190白色1点第5章第6节无图.pptx',5,6),(190,'190白色1点第6章第1节无图.pptx',6,1),(190,'190白色1点第6章第2节无图.pptx',6,2),(190,'190白色1点第6章第3节无图.pptx',6,3),(190,'190白色1点第6章第4节无图.pptx',6,4),(190,'190白色1点第6章第5节无图.pptx',6,5),(190,'190白色1点第6章第6节无图.pptx',6,6),(191,'191粉色1点第1章第1节无图.pptx',1,1),(191,'191粉色1点第1章第2节无图.pptx',1,2),(191,'191粉色1点第1章第3节无图.pptx',1,3),(191,'191粉色1点第1章第4节无图.pptx',1,4),(191,'191粉色1点第1章第5节无图.pptx',1,5),(191,'191粉色1点第1章第6节无图.pptx',1,6),(191,'191粉色1点第2章第1节无图.pptx',2,1),(191,'191粉色1点第2章第2节无图.pptx',2,2),(191,'191粉色1点第2章第3节无图.pptx',2,3),(191,'191粉色1点第2章第4节无图.pptx',2,4),(191,'191粉色1点第2章第5节无图.pptx',2,5),(191,'191粉色1点第2章第6节无图.pptx',2,6),(191,'191粉色1点第3章第1节无图.pptx',3,1),(191,'191粉色1点第3章第2节无图.pptx',3,2),(191,'191粉色1点第3章第3节无图.pptx',3,3),(191,'191粉色1点第3章第4节无图.pptx',3,4),(191,'191粉色1点第3章第5节无图.pptx',3,5),(191,'191粉色1点第3章第6节无图.pptx',3,6),(191,'191粉色1点第4章第1节无图.pptx',4,1),(191,'191粉色1点第4章第2节无图.pptx',4,2),(191,'191粉色1点第4章第3节无图.pptx',4,3),(191,'191粉色1点第4章第4节无图.pptx',4,4),(191,'191粉色1点第4章第5节无图.pptx',4,5),(191,'191粉色1点第4章第6节无图.pptx',4,6),(191,'191粉色1点第5章第1节无图.pptx',5,1),(191,'191粉色1点第5章第2节无图.pptx',5,2),(191,'191粉色1点第5章第3节无图.pptx',5,3),(191,'191粉色1点第5章第4节无图.pptx',5,4),(191,'191粉色1点第5章第5节无图.pptx',5,5),(191,'191粉色1点第5章第6节无图.pptx',5,6),(191,'191粉色1点第6章第1节无图.pptx',6,1),(191,'191粉色1点第6章第2节无图.pptx',6,2),(191,'191粉色1点第6章第3节无图.pptx',6,3),(191,'191粉色1点第6章第4节无图.pptx',6,4),(191,'191粉色1点第6章第5节无图.pptx',6,5),(191,'191粉色1点第6章第6节无图.pptx',6,6),(192,'192紫色1点第1章第1节无图.pptx',1,1),(192,'192紫色1点第1章第2节无图.pptx',1,2),(192,'192紫色1点第1章第3节无图.pptx',1,3),(192,'192紫色1点第1章第4节无图.pptx',1,4),(192,'192紫色1点第1章第5节无图.pptx',1,5),(192,'192紫色1点第1章第6节无图.pptx',1,6),(192,'192紫色1点第2章第1节无图.pptx',2,1),(192,'192紫色1点第2章第2节无图.pptx',2,2),(192,'192紫色1点第2章第3节无图.pptx',2,3),(192,'192紫色1点第2章第4节无图.pptx',2,4),(192,'192紫色1点第2章第5节无图.pptx',2,5),(192,'192紫色1点第2章第6节无图.pptx',2,6),(192,'192紫色1点第3章第1节无图.pptx',3,1),(192,'192紫色1点第3章第2节无图.pptx',3,2),(192,'192紫色1点第3章第3节无图.pptx',3,3),(192,'192紫色1点第3章第4节无图.pptx',3,4),(192,'192紫色1点第3章第5节无图.pptx',3,5),(192,'192紫色1点第3章第6节无图.pptx',3,6),(192,'192紫色1点第4章第1节无图.pptx',4,1),(192,'192紫色1点第4章第2节无图.pptx',4,2),(192,'192紫色1点第4章第3节无图.pptx',4,3),(192,'192紫色1点第4章第4节无图.pptx',4,4),(192,'192紫色1点第4章第5节无图.pptx',4,5),(192,'192紫色1点第4章第6节无图.pptx',4,6),(192,'192紫色1点第5章第1节无图.pptx',5,1),(192,'192紫色1点第5章第2节无图.pptx',5,2),(192,'192紫色1点第5章第3节无图.pptx',5,3),(192,'192紫色1点第5章第4节无图.pptx',5,4),(192,'192紫色1点第5章第5节无图.pptx',5,5),(192,'192紫色1点第5章第6节无图.pptx',5,6),(192,'192紫色1点第6章第1节无图.pptx',6,1),(192,'192紫色1点第6章第2节无图.pptx',6,2),(192,'192紫色1点第6章第3节无图.pptx',6,3),(192,'192紫色1点第6章第4节无图.pptx',6,4),(192,'192紫色1点第6章第5节无图.pptx',6,5),(192,'192紫色1点第6章第6节无图.pptx',6,6),(193,'193红色1点第1章第1节无图.pptx',1,1),(193,'193红色1点第1章第2节无图.pptx',1,2),(193,'193红色1点第1章第3节无图.pptx',1,3),(193,'193红色1点第1章第4节无图.pptx',1,4),(193,'193红色1点第1章第5节无图.pptx',1,5),(193,'193红色1点第1章第6节无图.pptx',1,6),(193,'193红色1点第2章第1节无图.pptx',2,1),(193,'193红色1点第2章第2节无图.pptx',2,2),(193,'193红色1点第2章第3节无图.pptx',2,3),(193,'193红色1点第2章第4节无图.pptx',2,4),(193,'193红色1点第2章第5节无图.pptx',2,5),(193,'193红色1点第2章第6节无图.pptx',2,6),(193,'193红色1点第3章第1节无图.pptx',3,1),(193,'193红色1点第3章第2节无图.pptx',3,2),(193,'193红色1点第3章第3节无图.pptx',3,3),(193,'193红色1点第3章第4节无图.pptx',3,4),(193,'193红色1点第3章第5节无图.pptx',3,5),(193,'193红色1点第3章第6节无图.pptx',3,6),(193,'193红色1点第4章第1节无图.pptx',4,1),(193,'193红色1点第4章第2节无图.pptx',4,2),(193,'193红色1点第4章第3节无图.pptx',4,3),(193,'193红色1点第4章第4节无图.pptx',4,4),(193,'193红色1点第4章第5节无图.pptx',4,5),(193,'193红色1点第4章第6节无图.pptx',4,6),(193,'193红色1点第5章第1节无图.pptx',5,1),(193,'193红色1点第5章第2节无图.pptx',5,2),(193,'193红色1点第5章第3节无图.pptx',5,3),(193,'193红色1点第5章第4节无图.pptx',5,4),(193,'193红色1点第5章第5节无图.pptx',5,5),(193,'193红色1点第5章第6节无图.pptx',5,6),(193,'193红色1点第6章第1节无图.pptx',6,1),(193,'193红色1点第6章第2节无图.pptx',6,2),(193,'193红色1点第6章第3节无图.pptx',6,3),(193,'193红色1点第6章第4节无图.pptx',6,4),(193,'193红色1点第6章第5节无图.pptx',6,5),(193,'193红色1点第6章第6节无图.pptx',6,6),(194,'194绿色1点第1章第1节无图.pptx',1,1),(194,'194绿色1点第1章第2节无图.pptx',1,2),(194,'194绿色1点第1章第3节无图.pptx',1,3),(194,'194绿色1点第1章第4节无图.pptx',1,4),(194,'194绿色1点第1章第5节无图.pptx',1,5),(194,'194绿色1点第1章第6节无图.pptx',1,6),(194,'194绿色1点第2章第1节无图.pptx',2,1),(194,'194绿色1点第2章第2节无图.pptx',2,2),(194,'194绿色1点第2章第3节无图.pptx',2,3),(194,'194绿色1点第2章第4节无图.pptx',2,4),(194,'194绿色1点第2章第5节无图.pptx',2,5),(194,'194绿色1点第2章第6节无图.pptx',2,6),(194,'194绿色1点第3章第1节无图.pptx',3,1),(194,'194绿色1点第3章第2节无图.pptx',3,2),(194,'194绿色1点第3章第3节无图.pptx',3,3),(194,'194绿色1点第3章第4节无图.pptx',3,4),(194,'194绿色1点第3章第5节无图.pptx',3,5),(194,'194绿色1点第3章第6节无图.pptx',3,6),(194,'194绿色1点第4章第1节无图.pptx',4,1),(194,'194绿色1点第4章第2节无图.pptx',4,2),(194,'194绿色1点第4章第3节无图.pptx',4,3),(194,'194绿色1点第4章第4节无图.pptx',4,4),(194,'194绿色1点第4章第5节无图.pptx',4,5),(194,'194绿色1点第4章第6节无图.pptx',4,6),(194,'194绿色1点第5章第1节无图.pptx',5,1),(194,'194绿色1点第5章第2节无图.pptx',5,2),(194,'194绿色1点第5章第3节无图.pptx',5,3),(194,'194绿色1点第5章第4节无图.pptx',5,4),(194,'194绿色1点第5章第5节无图.pptx',5,5),(194,'194绿色1点第5章第6节无图.pptx',5,6),(194,'194绿色1点第6章第1节无图.pptx',6,1),(194,'194绿色1点第6章第2节无图.pptx',6,2),(194,'194绿色1点第6章第3节无图.pptx',6,3),(194,'194绿色1点第6章第4节无图.pptx',6,4),(194,'194绿色1点第6章第5节无图.pptx',6,5),(194,'194绿色1点第6章第6节无图.pptx',6,6),(195,'195蓝色1点第1章第1节无图.pptx',1,1),(195,'195蓝色1点第1章第2节无图.pptx',1,2),(195,'195蓝色1点第1章第3节无图.pptx',1,3),(195,'195蓝色1点第1章第4节无图.pptx',1,4),(195,'195蓝色1点第1章第5节无图.pptx',1,5),(195,'195蓝色1点第1章第6节无图.pptx',1,6),(195,'195蓝色1点第2章第1节无图.pptx',2,1),(195,'195蓝色1点第2章第2节无图.pptx',2,2),(195,'195蓝色1点第2章第3节无图.pptx',2,3),(195,'195蓝色1点第2章第4节无图.pptx',2,4),(195,'195蓝色1点第2章第5节无图.pptx',2,5),(195,'195蓝色1点第2章第6节无图.pptx',2,6),(195,'195蓝色1点第3章第1节无图.pptx',3,1),(195,'195蓝色1点第3章第2节无图.pptx',3,2),(195,'195蓝色1点第3章第3节无图.pptx',3,3),(195,'195蓝色1点第3章第4节无图.pptx',3,4),(195,'195蓝色1点第3章第5节无图.pptx',3,5),(195,'195蓝色1点第3章第6节无图.pptx',3,6),(195,'195蓝色1点第4章第1节无图.pptx',4,1),(195,'195蓝色1点第4章第2节无图.pptx',4,2),(195,'195蓝色1点第4章第3节无图.pptx',4,3),(195,'195蓝色1点第4章第4节无图.pptx',4,4),(195,'195蓝色1点第4章第5节无图.pptx',4,5),(195,'195蓝色1点第4章第6节无图.pptx',4,6),(195,'195蓝色1点第5章第1节无图.pptx',5,1),(195,'195蓝色1点第5章第2节无图.pptx',5,2),(195,'195蓝色1点第5章第3节无图.pptx',5,3),(195,'195蓝色1点第5章第4节无图.pptx',5,4),(195,'195蓝色1点第5章第5节无图.pptx',5,5),(195,'195蓝色1点第5章第6节无图.pptx',5,6),(195,'195蓝色1点第6章第1节无图.pptx',6,1),(195,'195蓝色1点第6章第2节无图.pptx',6,2),(195,'195蓝色1点第6章第3节无图.pptx',6,3),(195,'195蓝色1点第6章第4节无图.pptx',6,4),(195,'195蓝色1点第6章第5节无图.pptx',6,5),(195,'195蓝色1点第6章第6节无图.pptx',6,6),(196,'196黄色1点第1章第1节无图.pptx',1,1),(196,'196黄色1点第1章第2节无图.pptx',1,2),(196,'196黄色1点第1章第3节无图.pptx',1,3),(196,'196黄色1点第1章第4节无图.pptx',1,4),(196,'196黄色1点第1章第5节无图.pptx',1,5),(196,'196黄色1点第1章第6节无图.pptx',1,6),(196,'196黄色1点第2章第1节无图.pptx',2,1),(196,'196黄色1点第2章第2节无图.pptx',2,2),(196,'196黄色1点第2章第3节无图.pptx',2,3),(196,'196黄色1点第2章第4节无图.pptx',2,4),(196,'196黄色1点第2章第5节无图.pptx',2,5),(196,'196黄色1点第2章第6节无图.pptx',2,6),(196,'196黄色1点第3章第1节无图.pptx',3,1),(196,'196黄色1点第3章第2节无图.pptx',3,2),(196,'196黄色1点第3章第3节无图.pptx',3,3),(196,'196黄色1点第3章第4节无图.pptx',3,4),(196,'196黄色1点第3章第5节无图.pptx',3,5),(196,'196黄色1点第3章第6节无图.pptx',3,6),(196,'196黄色1点第4章第1节无图.pptx',4,1),(196,'196黄色1点第4章第2节无图.pptx',4,2),(196,'196黄色1点第4章第3节无图.pptx',4,3),(196,'196黄色1点第4章第4节无图.pptx',4,4),(196,'196黄色1点第4章第5节无图.pptx',4,5),(196,'196黄色1点第4章第6节无图.pptx',4,6),(196,'196黄色1点第5章第1节无图.pptx',5,1),(196,'196黄色1点第5章第2节无图.pptx',5,2),(196,'196黄色1点第5章第3节无图.pptx',5,3),(196,'196黄色1点第5章第4节无图.pptx',5,4),(196,'196黄色1点第5章第5节无图.pptx',5,5),(196,'196黄色1点第5章第6节无图.pptx',5,6),(196,'196黄色1点第6章第1节无图.pptx',6,1),(196,'196黄色1点第6章第2节无图.pptx',6,2),(196,'196黄色1点第6章第3节无图.pptx',6,3),(196,'196黄色1点第6章第4节无图.pptx',6,4),(196,'196黄色1点第6章第5节无图.pptx',6,5),(196,'196黄色1点第6章第6节无图.pptx',6,6),(197,'197黑色1点第1章第1节无图.pptx',1,1),(197,'197黑色1点第1章第2节无图.pptx',1,2),(197,'197黑色1点第1章第3节无图.pptx',1,3),(197,'197黑色1点第1章第4节无图.pptx',1,4),(197,'197黑色1点第1章第5节无图.pptx',1,5),(197,'197黑色1点第1章第6节无图.pptx',1,6),(197,'197黑色1点第2章第1节无图.pptx',2,1),(197,'197黑色1点第2章第2节无图.pptx',2,2),(197,'197黑色1点第2章第3节无图.pptx',2,3),(197,'197黑色1点第2章第4节无图.pptx',2,4),(197,'197黑色1点第2章第5节无图.pptx',2,5),(197,'197黑色1点第2章第6节无图.pptx',2,6),(197,'197黑色1点第3章第1节无图.pptx',3,1),(197,'197黑色1点第3章第2节无图.pptx',3,2),(197,'197黑色1点第3章第3节无图.pptx',3,3),(197,'197黑色1点第3章第4节无图.pptx',3,4),(197,'197黑色1点第3章第5节无图.pptx',3,5),(197,'197黑色1点第3章第6节无图.pptx',3,6),(197,'197黑色1点第4章第1节无图.pptx',4,1),(197,'197黑色1点第4章第2节无图.pptx',4,2),(197,'197黑色1点第4章第3节无图.pptx',4,3),(197,'197黑色1点第4章第4节无图.pptx',4,4),(197,'197黑色1点第4章第5节无图.pptx',4,5),(197,'197黑色1点第4章第6节无图.pptx',4,6),(197,'197黑色1点第5章第1节无图.pptx',5,1),(197,'197黑色1点第5章第2节无图.pptx',5,2),(197,'197黑色1点第5章第3节无图.pptx',5,3),(197,'197黑色1点第5章第4节无图.pptx',5,4),(197,'197黑色1点第5章第5节无图.pptx',5,5),(197,'197黑色1点第5章第6节无图.pptx',5,6),(197,'197黑色1点第6章第1节无图.pptx',6,1),(197,'197黑色1点第6章第2节无图.pptx',6,2),(197,'197黑色1点第6章第3节无图.pptx',6,3),(197,'197黑色1点第6章第4节无图.pptx',6,4),(197,'197黑色1点第6章第5节无图.pptx',6,5),(197,'197黑色1点第6章第6节无图.pptx',6,6),(198,'198橙色1点第1章第1节无图.pptx',1,1),(198,'198橙色1点第1章第2节无图.pptx',1,2),(198,'198橙色1点第1章第3节无图.pptx',1,3),(198,'198橙色1点第1章第4节无图.pptx',1,4),(198,'198橙色1点第1章第5节无图.pptx',1,5),(198,'198橙色1点第1章第6节无图.pptx',1,6),(198,'198橙色1点第2章第1节无图.pptx',2,1),(198,'198橙色1点第2章第2节无图.pptx',2,2),(198,'198橙色1点第2章第3节无图.pptx',2,3),(198,'198橙色1点第2章第4节无图.pptx',2,4),(198,'198橙色1点第2章第5节无图.pptx',2,5),(198,'198橙色1点第2章第6节无图.pptx',2,6),(198,'198橙色1点第3章第1节无图.pptx',3,1),(198,'198橙色1点第3章第2节无图.pptx',3,2),(198,'198橙色1点第3章第3节无图.pptx',3,3),(198,'198橙色1点第3章第4节无图.pptx',3,4),(198,'198橙色1点第3章第5节无图.pptx',3,5),(198,'198橙色1点第3章第6节无图.pptx',3,6),(198,'198橙色1点第4章第1节无图.pptx',4,1),(198,'198橙色1点第4章第2节无图.pptx',4,2),(198,'198橙色1点第4章第3节无图.pptx',4,3),(198,'198橙色1点第4章第4节无图.pptx',4,4),(198,'198橙色1点第4章第5节无图.pptx',4,5),(198,'198橙色1点第4章第6节无图.pptx',4,6),(198,'198橙色1点第5章第1节无图.pptx',5,1),(198,'198橙色1点第5章第2节无图.pptx',5,2),(198,'198橙色1点第5章第3节无图.pptx',5,3),(198,'198橙色1点第5章第4节无图.pptx',5,4),(198,'198橙色1点第5章第5节无图.pptx',5,5),(198,'198橙色1点第5章第6节无图.pptx',5,6),(198,'198橙色1点第6章第1节无图.pptx',6,1),(198,'198橙色1点第6章第2节无图.pptx',6,2),(198,'198橙色1点第6章第3节无图.pptx',6,3),(198,'198橙色1点第6章第4节无图.pptx',6,4),(198,'198橙色1点第6章第5节无图.pptx',6,5),(198,'198橙色1点第6章第6节无图.pptx',6,6),(199,'199白色1点第1章第1节无图.pptx',1,1),(199,'199白色1点第1章第2节无图.pptx',1,2),(199,'199白色1点第1章第3节无图.pptx',1,3),(199,'199白色1点第1章第4节无图.pptx',1,4),(199,'199白色1点第1章第5节无图.pptx',1,5),(199,'199白色1点第1章第6节无图.pptx',1,6),(199,'199白色1点第2章第1节无图.pptx',2,1),(199,'199白色1点第2章第2节无图.pptx',2,2),(199,'199白色1点第2章第3节无图.pptx',2,3),(199,'199白色1点第2章第4节无图.pptx',2,4),(199,'199白色1点第2章第5节无图.pptx',2,5),(199,'199白色1点第2章第6节无图.pptx',2,6),(199,'199白色1点第3章第1节无图.pptx',3,1),(199,'199白色1点第3章第2节无图.pptx',3,2),(199,'199白色1点第3章第3节无图.pptx',3,3),(199,'199白色1点第3章第4节无图.pptx',3,4),(199,'199白色1点第3章第5节无图.pptx',3,5),(199,'199白色1点第3章第6节无图.pptx',3,6),(199,'199白色1点第4章第1节无图.pptx',4,1),(199,'199白色1点第4章第2节无图.pptx',4,2),(199,'199白色1点第4章第3节无图.pptx',4,3),(199,'199白色1点第4章第4节无图.pptx',4,4),(199,'199白色1点第4章第5节无图.pptx',4,5),(199,'199白色1点第4章第6节无图.pptx',4,6),(199,'199白色1点第5章第1节无图.pptx',5,1),(199,'199白色1点第5章第2节无图.pptx',5,2),(199,'199白色1点第5章第3节无图.pptx',5,3),(199,'199白色1点第5章第4节无图.pptx',5,4),(199,'199白色1点第5章第5节无图.pptx',5,5),(199,'199白色1点第5章第6节无图.pptx',5,6),(199,'199白色1点第6章第1节无图.pptx',6,1),(199,'199白色1点第6章第2节无图.pptx',6,2),(199,'199白色1点第6章第3节无图.pptx',6,3),(199,'199白色1点第6章第4节无图.pptx',6,4),(199,'199白色1点第6章第5节无图.pptx',6,5),(199,'199白色1点第6章第6节无图.pptx',6,6),(200,'200粉色1点第1章第1节无图.pptx',1,1),(200,'200粉色1点第1章第2节无图.pptx',1,2),(200,'200粉色1点第1章第3节无图.pptx',1,3),(200,'200粉色1点第1章第4节无图.pptx',1,4),(200,'200粉色1点第1章第5节无图.pptx',1,5),(200,'200粉色1点第1章第6节无图.pptx',1,6),(200,'200粉色1点第2章第1节无图.pptx',2,1),(200,'200粉色1点第2章第2节无图.pptx',2,2),(200,'200粉色1点第2章第3节无图.pptx',2,3),(200,'200粉色1点第2章第4节无图.pptx',2,4),(200,'200粉色1点第2章第5节无图.pptx',2,5),(200,'200粉色1点第2章第6节无图.pptx',2,6),(200,'200粉色1点第3章第1节无图.pptx',3,1),(200,'200粉色1点第3章第2节无图.pptx',3,2),(200,'200粉色1点第3章第3节无图.pptx',3,3),(200,'200粉色1点第3章第4节无图.pptx',3,4),(200,'200粉色1点第3章第5节无图.pptx',3,5),(200,'200粉色1点第3章第6节无图.pptx',3,6),(200,'200粉色1点第4章第1节无图.pptx',4,1),(200,'200粉色1点第4章第2节无图.pptx',4,2),(200,'200粉色1点第4章第3节无图.pptx',4,3),(200,'200粉色1点第4章第4节无图.pptx',4,4),(200,'200粉色1点第4章第5节无图.pptx',4,5),(200,'200粉色1点第4章第6节无图.pptx',4,6),(200,'200粉色1点第5章第1节无图.pptx',5,1),(200,'200粉色1点第5章第2节无图.pptx',5,2),(200,'200粉色1点第5章第3节无图.pptx',5,3),(200,'200粉色1点第5章第4节无图.pptx',5,4),(200,'200粉色1点第5章第5节无图.pptx',5,5),(200,'200粉色1点第5章第6节无图.pptx',5,6),(200,'200粉色1点第6章第1节无图.pptx',6,1),(200,'200粉色1点第6章第2节无图.pptx',6,2),(200,'200粉色1点第6章第3节无图.pptx',6,3),(200,'200粉色1点第6章第4节无图.pptx',6,4),(200,'200粉色1点第6章第5节无图.pptx',6,5),(200,'200粉色1点第6章第6节无图.pptx',6,6),(201,'201紫色1点第1章第1节无图.pptx',1,1),(201,'201紫色1点第1章第2节无图.pptx',1,2),(201,'201紫色1点第1章第3节无图.pptx',1,3),(201,'201紫色1点第1章第4节无图.pptx',1,4),(201,'201紫色1点第1章第5节无图.pptx',1,5),(201,'201紫色1点第1章第6节无图.pptx',1,6),(201,'201紫色1点第2章第1节无图.pptx',2,1),(201,'201紫色1点第2章第2节无图.pptx',2,2),(201,'201紫色1点第2章第3节无图.pptx',2,3),(201,'201紫色1点第2章第4节无图.pptx',2,4),(201,'201紫色1点第2章第5节无图.pptx',2,5),(201,'201紫色1点第2章第6节无图.pptx',2,6),(201,'201紫色1点第3章第1节无图.pptx',3,1),(201,'201紫色1点第3章第2节无图.pptx',3,2),(201,'201紫色1点第3章第3节无图.pptx',3,3),(201,'201紫色1点第3章第4节无图.pptx',3,4),(201,'201紫色1点第3章第5节无图.pptx',3,5),(201,'201紫色1点第3章第6节无图.pptx',3,6),(201,'201紫色1点第4章第1节无图.pptx',4,1),(201,'201紫色1点第4章第2节无图.pptx',4,2),(201,'201紫色1点第4章第3节无图.pptx',4,3),(201,'201紫色1点第4章第4节无图.pptx',4,4),(201,'201紫色1点第4章第5节无图.pptx',4,5),(201,'201紫色1点第4章第6节无图.pptx',4,6),(201,'201紫色1点第5章第1节无图.pptx',5,1),(201,'201紫色1点第5章第2节无图.pptx',5,2),(201,'201紫色1点第5章第3节无图.pptx',5,3),(201,'201紫色1点第5章第4节无图.pptx',5,4),(201,'201紫色1点第5章第5节无图.pptx',5,5),(201,'201紫色1点第5章第6节无图.pptx',5,6),(201,'201紫色1点第6章第1节无图.pptx',6,1),(201,'201紫色1点第6章第2节无图.pptx',6,2),(201,'201紫色1点第6章第3节无图.pptx',6,3),(201,'201紫色1点第6章第4节无图.pptx',6,4),(201,'201紫色1点第6章第5节无图.pptx',6,5),(201,'201紫色1点第6章第6节无图.pptx',6,6),(202,'202红色1点第1章第1节无图.pptx',1,1),(202,'202红色1点第1章第2节无图.pptx',1,2),(202,'202红色1点第1章第3节无图.pptx',1,3),(202,'202红色1点第1章第4节无图.pptx',1,4),(202,'202红色1点第1章第5节无图.pptx',1,5),(202,'202红色1点第1章第6节无图.pptx',1,6),(202,'202红色1点第2章第1节无图.pptx',2,1),(202,'202红色1点第2章第2节无图.pptx',2,2),(202,'202红色1点第2章第3节无图.pptx',2,3),(202,'202红色1点第2章第4节无图.pptx',2,4),(202,'202红色1点第2章第5节无图.pptx',2,5),(202,'202红色1点第2章第6节无图.pptx',2,6),(202,'202红色1点第3章第1节无图.pptx',3,1),(202,'202红色1点第3章第2节无图.pptx',3,2),(202,'202红色1点第3章第3节无图.pptx',3,3),(202,'202红色1点第3章第4节无图.pptx',3,4),(202,'202红色1点第3章第5节无图.pptx',3,5),(202,'202红色1点第3章第6节无图.pptx',3,6),(202,'202红色1点第4章第1节无图.pptx',4,1),(202,'202红色1点第4章第2节无图.pptx',4,2),(202,'202红色1点第4章第3节无图.pptx',4,3),(202,'202红色1点第4章第4节无图.pptx',4,4),(202,'202红色1点第4章第5节无图.pptx',4,5),(202,'202红色1点第4章第6节无图.pptx',4,6),(202,'202红色1点第5章第1节无图.pptx',5,1),(202,'202红色1点第5章第2节无图.pptx',5,2),(202,'202红色1点第5章第3节无图.pptx',5,3),(202,'202红色1点第5章第4节无图.pptx',5,4),(202,'202红色1点第5章第5节无图.pptx',5,5),(202,'202红色1点第5章第6节无图.pptx',5,6),(202,'202红色1点第6章第1节无图.pptx',6,1),(202,'202红色1点第6章第2节无图.pptx',6,2),(202,'202红色1点第6章第3节无图.pptx',6,3),(202,'202红色1点第6章第4节无图.pptx',6,4),(202,'202红色1点第6章第5节无图.pptx',6,5),(202,'202红色1点第6章第6节无图.pptx',6,6),(203,'203绿色1点第1章第1节无图.pptx',1,1),(203,'203绿色1点第1章第2节无图.pptx',1,2),(203,'203绿色1点第1章第3节无图.pptx',1,3),(203,'203绿色1点第1章第4节无图.pptx',1,4),(203,'203绿色1点第1章第5节无图.pptx',1,5),(203,'203绿色1点第1章第6节无图.pptx',1,6),(203,'203绿色1点第2章第1节无图.pptx',2,1),(203,'203绿色1点第2章第2节无图.pptx',2,2),(203,'203绿色1点第2章第3节无图.pptx',2,3),(203,'203绿色1点第2章第4节无图.pptx',2,4),(203,'203绿色1点第2章第5节无图.pptx',2,5),(203,'203绿色1点第2章第6节无图.pptx',2,6),(203,'203绿色1点第3章第1节无图.pptx',3,1),(203,'203绿色1点第3章第2节无图.pptx',3,2),(203,'203绿色1点第3章第3节无图.pptx',3,3),(203,'203绿色1点第3章第4节无图.pptx',3,4),(203,'203绿色1点第3章第5节无图.pptx',3,5),(203,'203绿色1点第3章第6节无图.pptx',3,6),(203,'203绿色1点第4章第1节无图.pptx',4,1),(203,'203绿色1点第4章第2节无图.pptx',4,2),(203,'203绿色1点第4章第3节无图.pptx',4,3),(203,'203绿色1点第4章第4节无图.pptx',4,4),(203,'203绿色1点第4章第5节无图.pptx',4,5),(203,'203绿色1点第4章第6节无图.pptx',4,6),(203,'203绿色1点第5章第1节无图.pptx',5,1),(203,'203绿色1点第5章第2节无图.pptx',5,2),(203,'203绿色1点第5章第3节无图.pptx',5,3),(203,'203绿色1点第5章第4节无图.pptx',5,4),(203,'203绿色1点第5章第5节无图.pptx',5,5),(203,'203绿色1点第5章第6节无图.pptx',5,6),(203,'203绿色1点第6章第1节无图.pptx',6,1),(203,'203绿色1点第6章第2节无图.pptx',6,2),(203,'203绿色1点第6章第3节无图.pptx',6,3),(203,'203绿色1点第6章第4节无图.pptx',6,4),(203,'203绿色1点第6章第5节无图.pptx',6,5),(203,'203绿色1点第6章第6节无图.pptx',6,6),(204,'204蓝色1点第1章第1节无图.pptx',1,1),(204,'204蓝色1点第1章第2节无图.pptx',1,2),(204,'204蓝色1点第1章第3节无图.pptx',1,3),(204,'204蓝色1点第1章第4节无图.pptx',1,4),(204,'204蓝色1点第1章第5节无图.pptx',1,5),(204,'204蓝色1点第1章第6节无图.pptx',1,6),(204,'204蓝色1点第2章第1节无图.pptx',2,1),(204,'204蓝色1点第2章第2节无图.pptx',2,2),(204,'204蓝色1点第2章第3节无图.pptx',2,3),(204,'204蓝色1点第2章第4节无图.pptx',2,4),(204,'204蓝色1点第2章第5节无图.pptx',2,5),(204,'204蓝色1点第2章第6节无图.pptx',2,6),(204,'204蓝色1点第3章第1节无图.pptx',3,1),(204,'204蓝色1点第3章第2节无图.pptx',3,2),(204,'204蓝色1点第3章第3节无图.pptx',3,3),(204,'204蓝色1点第3章第4节无图.pptx',3,4),(204,'204蓝色1点第3章第5节无图.pptx',3,5),(204,'204蓝色1点第3章第6节无图.pptx',3,6),(204,'204蓝色1点第4章第1节无图.pptx',4,1),(204,'204蓝色1点第4章第2节无图.pptx',4,2),(204,'204蓝色1点第4章第3节无图.pptx',4,3),(204,'204蓝色1点第4章第4节无图.pptx',4,4),(204,'204蓝色1点第4章第5节无图.pptx',4,5),(204,'204蓝色1点第4章第6节无图.pptx',4,6),(204,'204蓝色1点第5章第1节无图.pptx',5,1),(204,'204蓝色1点第5章第2节无图.pptx',5,2),(204,'204蓝色1点第5章第3节无图.pptx',5,3),(204,'204蓝色1点第5章第4节无图.pptx',5,4),(204,'204蓝色1点第5章第5节无图.pptx',5,5),(204,'204蓝色1点第5章第6节无图.pptx',5,6),(204,'204蓝色1点第6章第1节无图.pptx',6,1),(204,'204蓝色1点第6章第2节无图.pptx',6,2),(204,'204蓝色1点第6章第3节无图.pptx',6,3),(204,'204蓝色1点第6章第4节无图.pptx',6,4),(204,'204蓝色1点第6章第5节无图.pptx',6,5),(204,'204蓝色1点第6章第6节无图.pptx',6,6),(205,'205黄色1点第1章第1节无图.pptx',1,1),(205,'205黄色1点第1章第2节无图.pptx',1,2),(205,'205黄色1点第1章第3节无图.pptx',1,3),(205,'205黄色1点第1章第4节无图.pptx',1,4),(205,'205黄色1点第1章第5节无图.pptx',1,5),(205,'205黄色1点第1章第6节无图.pptx',1,6),(205,'205黄色1点第2章第1节无图.pptx',2,1),(205,'205黄色1点第2章第2节无图.pptx',2,2),(205,'205黄色1点第2章第3节无图.pptx',2,3),(205,'205黄色1点第2章第4节无图.pptx',2,4),(205,'205黄色1点第2章第5节无图.pptx',2,5),(205,'205黄色1点第2章第6节无图.pptx',2,6),(205,'205黄色1点第3章第1节无图.pptx',3,1),(205,'205黄色1点第3章第2节无图.pptx',3,2),(205,'205黄色1点第3章第3节无图.pptx',3,3),(205,'205黄色1点第3章第4节无图.pptx',3,4),(205,'205黄色1点第3章第5节无图.pptx',3,5),(205,'205黄色1点第3章第6节无图.pptx',3,6),(205,'205黄色1点第4章第1节无图.pptx',4,1),(205,'205黄色1点第4章第2节无图.pptx',4,2),(205,'205黄色1点第4章第3节无图.pptx',4,3),(205,'205黄色1点第4章第4节无图.pptx',4,4),(205,'205黄色1点第4章第5节无图.pptx',4,5),(205,'205黄色1点第4章第6节无图.pptx',4,6),(205,'205黄色1点第5章第1节无图.pptx',5,1),(205,'205黄色1点第5章第2节无图.pptx',5,2),(205,'205黄色1点第5章第3节无图.pptx',5,3),(205,'205黄色1点第5章第4节无图.pptx',5,4),(205,'205黄色1点第5章第5节无图.pptx',5,5),(205,'205黄色1点第5章第6节无图.pptx',5,6),(205,'205黄色1点第6章第1节无图.pptx',6,1),(205,'205黄色1点第6章第2节无图.pptx',6,2),(205,'205黄色1点第6章第3节无图.pptx',6,3),(205,'205黄色1点第6章第4节无图.pptx',6,4),(205,'205黄色1点第6章第5节无图.pptx',6,5),(205,'205黄色1点第6章第6节无图.pptx',6,6),(206,'206黑色1点第1章第1节无图.pptx',1,1),(206,'206黑色1点第1章第2节无图.pptx',1,2),(206,'206黑色1点第1章第3节无图.pptx',1,3),(206,'206黑色1点第1章第4节无图.pptx',1,4),(206,'206黑色1点第1章第5节无图.pptx',1,5),(206,'206黑色1点第1章第6节无图.pptx',1,6),(206,'206黑色1点第2章第1节无图.pptx',2,1),(206,'206黑色1点第2章第2节无图.pptx',2,2),(206,'206黑色1点第2章第3节无图.pptx',2,3),(206,'206黑色1点第2章第4节无图.pptx',2,4),(206,'206黑色1点第2章第5节无图.pptx',2,5),(206,'206黑色1点第2章第6节无图.pptx',2,6),(206,'206黑色1点第3章第1节无图.pptx',3,1),(206,'206黑色1点第3章第2节无图.pptx',3,2),(206,'206黑色1点第3章第3节无图.pptx',3,3),(206,'206黑色1点第3章第4节无图.pptx',3,4),(206,'206黑色1点第3章第5节无图.pptx',3,5),(206,'206黑色1点第3章第6节无图.pptx',3,6),(206,'206黑色1点第4章第1节无图.pptx',4,1),(206,'206黑色1点第4章第2节无图.pptx',4,2),(206,'206黑色1点第4章第3节无图.pptx',4,3),(206,'206黑色1点第4章第4节无图.pptx',4,4),(206,'206黑色1点第4章第5节无图.pptx',4,5),(206,'206黑色1点第4章第6节无图.pptx',4,6),(206,'206黑色1点第5章第1节无图.pptx',5,1),(206,'206黑色1点第5章第2节无图.pptx',5,2),(206,'206黑色1点第5章第3节无图.pptx',5,3),(206,'206黑色1点第5章第4节无图.pptx',5,4),(206,'206黑色1点第5章第5节无图.pptx',5,5),(206,'206黑色1点第5章第6节无图.pptx',5,6),(206,'206黑色1点第6章第1节无图.pptx',6,1),(206,'206黑色1点第6章第2节无图.pptx',6,2),(206,'206黑色1点第6章第3节无图.pptx',6,3),(206,'206黑色1点第6章第4节无图.pptx',6,4),(206,'206黑色1点第6章第5节无图.pptx',6,5),(206,'206黑色1点第6章第6节无图.pptx',6,6),(207,'207橙色1点第1章第1节无图.pptx',1,1),(207,'207橙色1点第1章第2节无图.pptx',1,2),(207,'207橙色1点第1章第3节无图.pptx',1,3),(207,'207橙色1点第1章第4节无图.pptx',1,4),(207,'207橙色1点第1章第5节无图.pptx',1,5),(207,'207橙色1点第1章第6节无图.pptx',1,6),(207,'207橙色1点第2章第1节无图.pptx',2,1),(207,'207橙色1点第2章第2节无图.pptx',2,2),(207,'207橙色1点第2章第3节无图.pptx',2,3),(207,'207橙色1点第2章第4节无图.pptx',2,4),(207,'207橙色1点第2章第5节无图.pptx',2,5),(207,'207橙色1点第2章第6节无图.pptx',2,6),(207,'207橙色1点第3章第1节无图.pptx',3,1),(207,'207橙色1点第3章第2节无图.pptx',3,2),(207,'207橙色1点第3章第3节无图.pptx',3,3),(207,'207橙色1点第3章第4节无图.pptx',3,4),(207,'207橙色1点第3章第5节无图.pptx',3,5),(207,'207橙色1点第3章第6节无图.pptx',3,6),(207,'207橙色1点第4章第1节无图.pptx',4,1),(207,'207橙色1点第4章第2节无图.pptx',4,2),(207,'207橙色1点第4章第3节无图.pptx',4,3),(207,'207橙色1点第4章第4节无图.pptx',4,4),(207,'207橙色1点第4章第5节无图.pptx',4,5),(207,'207橙色1点第4章第6节无图.pptx',4,6),(207,'207橙色1点第5章第1节无图.pptx',5,1),(207,'207橙色1点第5章第2节无图.pptx',5,2),(207,'207橙色1点第5章第3节无图.pptx',5,3),(207,'207橙色1点第5章第4节无图.pptx',5,4),(207,'207橙色1点第5章第5节无图.pptx',5,5),(207,'207橙色1点第5章第6节无图.pptx',5,6),(207,'207橙色1点第6章第1节无图.pptx',6,1),(207,'207橙色1点第6章第2节无图.pptx',6,2),(207,'207橙色1点第6章第3节无图.pptx',6,3),(207,'207橙色1点第6章第4节无图.pptx',6,4),(207,'207橙色1点第6章第5节无图.pptx',6,5),(207,'207橙色1点第6章第6节无图.pptx',6,6),(208,'208白色1点第1章第1节无图.pptx',1,1),(208,'208白色1点第1章第2节无图.pptx',1,2),(208,'208白色1点第1章第3节无图.pptx',1,3),(208,'208白色1点第1章第4节无图.pptx',1,4),(208,'208白色1点第1章第5节无图.pptx',1,5),(208,'208白色1点第1章第6节无图.pptx',1,6),(208,'208白色1点第2章第1节无图.pptx',2,1),(208,'208白色1点第2章第2节无图.pptx',2,2),(208,'208白色1点第2章第3节无图.pptx',2,3),(208,'208白色1点第2章第4节无图.pptx',2,4),(208,'208白色1点第2章第5节无图.pptx',2,5),(208,'208白色1点第2章第6节无图.pptx',2,6),(208,'208白色1点第3章第1节无图.pptx',3,1),(208,'208白色1点第3章第2节无图.pptx',3,2),(208,'208白色1点第3章第3节无图.pptx',3,3),(208,'208白色1点第3章第4节无图.pptx',3,4),(208,'208白色1点第3章第5节无图.pptx',3,5),(208,'208白色1点第3章第6节无图.pptx',3,6),(208,'208白色1点第4章第1节无图.pptx',4,1),(208,'208白色1点第4章第2节无图.pptx',4,2),(208,'208白色1点第4章第3节无图.pptx',4,3),(208,'208白色1点第4章第4节无图.pptx',4,4),(208,'208白色1点第4章第5节无图.pptx',4,5),(208,'208白色1点第4章第6节无图.pptx',4,6),(208,'208白色1点第5章第1节无图.pptx',5,1),(208,'208白色1点第5章第2节无图.pptx',5,2),(208,'208白色1点第5章第3节无图.pptx',5,3),(208,'208白色1点第5章第4节无图.pptx',5,4),(208,'208白色1点第5章第5节无图.pptx',5,5),(208,'208白色1点第5章第6节无图.pptx',5,6),(208,'208白色1点第6章第1节无图.pptx',6,1),(208,'208白色1点第6章第2节无图.pptx',6,2),(208,'208白色1点第6章第3节无图.pptx',6,3),(208,'208白色1点第6章第4节无图.pptx',6,4),(208,'208白色1点第6章第5节无图.pptx',6,5),(208,'208白色1点第6章第6节无图.pptx',6,6),(209,'209粉色1点第1章第1节无图.pptx',1,1),(209,'209粉色1点第1章第2节无图.pptx',1,2),(209,'209粉色1点第1章第3节无图.pptx',1,3),(209,'209粉色1点第1章第4节无图.pptx',1,4),(209,'209粉色1点第1章第5节无图.pptx',1,5),(209,'209粉色1点第1章第6节无图.pptx',1,6),(209,'209粉色1点第2章第1节无图.pptx',2,1),(209,'209粉色1点第2章第2节无图.pptx',2,2),(209,'209粉色1点第2章第3节无图.pptx',2,3),(209,'209粉色1点第2章第4节无图.pptx',2,4),(209,'209粉色1点第2章第5节无图.pptx',2,5),(209,'209粉色1点第2章第6节无图.pptx',2,6),(209,'209粉色1点第3章第1节无图.pptx',3,1),(209,'209粉色1点第3章第2节无图.pptx',3,2),(209,'209粉色1点第3章第3节无图.pptx',3,3),(209,'209粉色1点第3章第4节无图.pptx',3,4),(209,'209粉色1点第3章第5节无图.pptx',3,5),(209,'209粉色1点第3章第6节无图.pptx',3,6),(209,'209粉色1点第4章第1节无图.pptx',4,1),(209,'209粉色1点第4章第2节无图.pptx',4,2),(209,'209粉色1点第4章第3节无图.pptx',4,3),(209,'209粉色1点第4章第4节无图.pptx',4,4),(209,'209粉色1点第4章第5节无图.pptx',4,5),(209,'209粉色1点第4章第6节无图.pptx',4,6),(209,'209粉色1点第5章第1节无图.pptx',5,1),(209,'209粉色1点第5章第2节无图.pptx',5,2),(209,'209粉色1点第5章第3节无图.pptx',5,3),(209,'209粉色1点第5章第4节无图.pptx',5,4),(209,'209粉色1点第5章第5节无图.pptx',5,5),(209,'209粉色1点第5章第6节无图.pptx',5,6),(209,'209粉色1点第6章第1节无图.pptx',6,1),(209,'209粉色1点第6章第2节无图.pptx',6,2),(209,'209粉色1点第6章第3节无图.pptx',6,3),(209,'209粉色1点第6章第4节无图.pptx',6,4),(209,'209粉色1点第6章第5节无图.pptx',6,5),(209,'209粉色1点第6章第6节无图.pptx',6,6),(210,'210紫色1点第1章第1节无图.pptx',1,1),(210,'210紫色1点第1章第2节无图.pptx',1,2),(210,'210紫色1点第1章第3节无图.pptx',1,3),(210,'210紫色1点第1章第4节无图.pptx',1,4),(210,'210紫色1点第1章第5节无图.pptx',1,5),(210,'210紫色1点第1章第6节无图.pptx',1,6),(210,'210紫色1点第2章第1节无图.pptx',2,1),(210,'210紫色1点第2章第2节无图.pptx',2,2),(210,'210紫色1点第2章第3节无图.pptx',2,3),(210,'210紫色1点第2章第4节无图.pptx',2,4),(210,'210紫色1点第2章第5节无图.pptx',2,5),(210,'210紫色1点第2章第6节无图.pptx',2,6),(210,'210紫色1点第3章第1节无图.pptx',3,1),(210,'210紫色1点第3章第2节无图.pptx',3,2),(210,'210紫色1点第3章第3节无图.pptx',3,3),(210,'210紫色1点第3章第4节无图.pptx',3,4),(210,'210紫色1点第3章第5节无图.pptx',3,5),(210,'210紫色1点第3章第6节无图.pptx',3,6),(210,'210紫色1点第4章第1节无图.pptx',4,1),(210,'210紫色1点第4章第2节无图.pptx',4,2),(210,'210紫色1点第4章第3节无图.pptx',4,3),(210,'210紫色1点第4章第4节无图.pptx',4,4),(210,'210紫色1点第4章第5节无图.pptx',4,5),(210,'210紫色1点第4章第6节无图.pptx',4,6),(210,'210紫色1点第5章第1节无图.pptx',5,1),(210,'210紫色1点第5章第2节无图.pptx',5,2),(210,'210紫色1点第5章第3节无图.pptx',5,3),(210,'210紫色1点第5章第4节无图.pptx',5,4),(210,'210紫色1点第5章第5节无图.pptx',5,5),(210,'210紫色1点第5章第6节无图.pptx',5,6),(210,'210紫色1点第6章第1节无图.pptx',6,1),(210,'210紫色1点第6章第2节无图.pptx',6,2),(210,'210紫色1点第6章第3节无图.pptx',6,3),(210,'210紫色1点第6章第4节无图.pptx',6,4),(210,'210紫色1点第6章第5节无图.pptx',6,5),(210,'210紫色1点第6章第6节无图.pptx',6,6),(211,'211红色1点第1章第1节无图.pptx',1,1),(211,'211红色1点第1章第2节无图.pptx',1,2),(211,'211红色1点第1章第3节无图.pptx',1,3),(211,'211红色1点第1章第4节无图.pptx',1,4),(211,'211红色1点第1章第5节无图.pptx',1,5),(211,'211红色1点第1章第6节无图.pptx',1,6),(211,'211红色1点第2章第1节无图.pptx',2,1),(211,'211红色1点第2章第2节无图.pptx',2,2),(211,'211红色1点第2章第3节无图.pptx',2,3),(211,'211红色1点第2章第4节无图.pptx',2,4),(211,'211红色1点第2章第5节无图.pptx',2,5),(211,'211红色1点第2章第6节无图.pptx',2,6),(211,'211红色1点第3章第1节无图.pptx',3,1),(211,'211红色1点第3章第2节无图.pptx',3,2),(211,'211红色1点第3章第3节无图.pptx',3,3),(211,'211红色1点第3章第4节无图.pptx',3,4),(211,'211红色1点第3章第5节无图.pptx',3,5),(211,'211红色1点第3章第6节无图.pptx',3,6),(211,'211红色1点第4章第1节无图.pptx',4,1),(211,'211红色1点第4章第2节无图.pptx',4,2),(211,'211红色1点第4章第3节无图.pptx',4,3),(211,'211红色1点第4章第4节无图.pptx',4,4),(211,'211红色1点第4章第5节无图.pptx',4,5),(211,'211红色1点第4章第6节无图.pptx',4,6),(211,'211红色1点第5章第1节无图.pptx',5,1),(211,'211红色1点第5章第2节无图.pptx',5,2),(211,'211红色1点第5章第3节无图.pptx',5,3),(211,'211红色1点第5章第4节无图.pptx',5,4),(211,'211红色1点第5章第5节无图.pptx',5,5),(211,'211红色1点第5章第6节无图.pptx',5,6),(211,'211红色1点第6章第1节无图.pptx',6,1),(211,'211红色1点第6章第2节无图.pptx',6,2),(211,'211红色1点第6章第3节无图.pptx',6,3),(211,'211红色1点第6章第4节无图.pptx',6,4),(211,'211红色1点第6章第5节无图.pptx',6,5),(211,'211红色1点第6章第6节无图.pptx',6,6),(212,'212绿色1点第1章第1节无图.pptx',1,1),(212,'212绿色1点第1章第2节无图.pptx',1,2),(212,'212绿色1点第1章第3节无图.pptx',1,3),(212,'212绿色1点第1章第4节无图.pptx',1,4),(212,'212绿色1点第1章第5节无图.pptx',1,5),(212,'212绿色1点第1章第6节无图.pptx',1,6),(212,'212绿色1点第2章第1节无图.pptx',2,1),(212,'212绿色1点第2章第2节无图.pptx',2,2),(212,'212绿色1点第2章第3节无图.pptx',2,3),(212,'212绿色1点第2章第4节无图.pptx',2,4),(212,'212绿色1点第2章第5节无图.pptx',2,5),(212,'212绿色1点第2章第6节无图.pptx',2,6),(212,'212绿色1点第3章第1节无图.pptx',3,1),(212,'212绿色1点第3章第2节无图.pptx',3,2),(212,'212绿色1点第3章第3节无图.pptx',3,3),(212,'212绿色1点第3章第4节无图.pptx',3,4),(212,'212绿色1点第3章第5节无图.pptx',3,5),(212,'212绿色1点第3章第6节无图.pptx',3,6),(212,'212绿色1点第4章第1节无图.pptx',4,1),(212,'212绿色1点第4章第2节无图.pptx',4,2),(212,'212绿色1点第4章第3节无图.pptx',4,3),(212,'212绿色1点第4章第4节无图.pptx',4,4),(212,'212绿色1点第4章第5节无图.pptx',4,5),(212,'212绿色1点第4章第6节无图.pptx',4,6),(212,'212绿色1点第5章第1节无图.pptx',5,1),(212,'212绿色1点第5章第2节无图.pptx',5,2),(212,'212绿色1点第5章第3节无图.pptx',5,3),(212,'212绿色1点第5章第4节无图.pptx',5,4),(212,'212绿色1点第5章第5节无图.pptx',5,5),(212,'212绿色1点第5章第6节无图.pptx',5,6),(212,'212绿色1点第6章第1节无图.pptx',6,1),(212,'212绿色1点第6章第2节无图.pptx',6,2),(212,'212绿色1点第6章第3节无图.pptx',6,3),(212,'212绿色1点第6章第4节无图.pptx',6,4),(212,'212绿色1点第6章第5节无图.pptx',6,5),(212,'212绿色1点第6章第6节无图.pptx',6,6),(213,'213蓝色1点第1章第1节无图.pptx',1,1),(213,'213蓝色1点第1章第2节无图.pptx',1,2),(213,'213蓝色1点第1章第3节无图.pptx',1,3),(213,'213蓝色1点第1章第4节无图.pptx',1,4),(213,'213蓝色1点第1章第5节无图.pptx',1,5),(213,'213蓝色1点第1章第6节无图.pptx',1,6),(213,'213蓝色1点第2章第1节无图.pptx',2,1),(213,'213蓝色1点第2章第2节无图.pptx',2,2),(213,'213蓝色1点第2章第3节无图.pptx',2,3),(213,'213蓝色1点第2章第4节无图.pptx',2,4),(213,'213蓝色1点第2章第5节无图.pptx',2,5),(213,'213蓝色1点第2章第6节无图.pptx',2,6),(213,'213蓝色1点第3章第1节无图.pptx',3,1),(213,'213蓝色1点第3章第2节无图.pptx',3,2),(213,'213蓝色1点第3章第3节无图.pptx',3,3),(213,'213蓝色1点第3章第4节无图.pptx',3,4),(213,'213蓝色1点第3章第5节无图.pptx',3,5),(213,'213蓝色1点第3章第6节无图.pptx',3,6),(213,'213蓝色1点第4章第1节无图.pptx',4,1),(213,'213蓝色1点第4章第2节无图.pptx',4,2),(213,'213蓝色1点第4章第3节无图.pptx',4,3),(213,'213蓝色1点第4章第4节无图.pptx',4,4),(213,'213蓝色1点第4章第5节无图.pptx',4,5),(213,'213蓝色1点第4章第6节无图.pptx',4,6),(213,'213蓝色1点第5章第1节无图.pptx',5,1),(213,'213蓝色1点第5章第2节无图.pptx',5,2),(213,'213蓝色1点第5章第3节无图.pptx',5,3),(213,'213蓝色1点第5章第4节无图.pptx',5,4),(213,'213蓝色1点第5章第5节无图.pptx',5,5),(213,'213蓝色1点第5章第6节无图.pptx',5,6),(213,'213蓝色1点第6章第1节无图.pptx',6,1),(213,'213蓝色1点第6章第2节无图.pptx',6,2),(213,'213蓝色1点第6章第3节无图.pptx',6,3),(213,'213蓝色1点第6章第4节无图.pptx',6,4),(213,'213蓝色1点第6章第5节无图.pptx',6,5),(213,'213蓝色1点第6章第6节无图.pptx',6,6),(214,'214黄色1点第1章第1节无图.pptx',1,1),(214,'214黄色1点第1章第2节无图.pptx',1,2),(214,'214黄色1点第1章第3节无图.pptx',1,3),(214,'214黄色1点第1章第4节无图.pptx',1,4),(214,'214黄色1点第1章第5节无图.pptx',1,5),(214,'214黄色1点第1章第6节无图.pptx',1,6),(214,'214黄色1点第2章第1节无图.pptx',2,1),(214,'214黄色1点第2章第2节无图.pptx',2,2),(214,'214黄色1点第2章第3节无图.pptx',2,3),(214,'214黄色1点第2章第4节无图.pptx',2,4),(214,'214黄色1点第2章第5节无图.pptx',2,5),(214,'214黄色1点第2章第6节无图.pptx',2,6),(214,'214黄色1点第3章第1节无图.pptx',3,1),(214,'214黄色1点第3章第2节无图.pptx',3,2),(214,'214黄色1点第3章第3节无图.pptx',3,3),(214,'214黄色1点第3章第4节无图.pptx',3,4),(214,'214黄色1点第3章第5节无图.pptx',3,5),(214,'214黄色1点第3章第6节无图.pptx',3,6),(214,'214黄色1点第4章第1节无图.pptx',4,1),(214,'214黄色1点第4章第2节无图.pptx',4,2),(214,'214黄色1点第4章第3节无图.pptx',4,3),(214,'214黄色1点第4章第4节无图.pptx',4,4),(214,'214黄色1点第4章第5节无图.pptx',4,5),(214,'214黄色1点第4章第6节无图.pptx',4,6),(214,'214黄色1点第5章第1节无图.pptx',5,1),(214,'214黄色1点第5章第2节无图.pptx',5,2),(214,'214黄色1点第5章第3节无图.pptx',5,3),(214,'214黄色1点第5章第4节无图.pptx',5,4),(214,'214黄色1点第5章第5节无图.pptx',5,5),(214,'214黄色1点第5章第6节无图.pptx',5,6),(214,'214黄色1点第6章第1节无图.pptx',6,1),(214,'214黄色1点第6章第2节无图.pptx',6,2),(214,'214黄色1点第6章第3节无图.pptx',6,3),(214,'214黄色1点第6章第4节无图.pptx',6,4),(214,'214黄色1点第6章第5节无图.pptx',6,5),(214,'214黄色1点第6章第6节无图.pptx',6,6),(215,'215黑色1点第1章第1节无图.pptx',1,1),(215,'215黑色1点第1章第2节无图.pptx',1,2),(215,'215黑色1点第1章第3节无图.pptx',1,3),(215,'215黑色1点第1章第4节无图.pptx',1,4),(215,'215黑色1点第1章第5节无图.pptx',1,5),(215,'215黑色1点第1章第6节无图.pptx',1,6),(215,'215黑色1点第2章第1节无图.pptx',2,1),(215,'215黑色1点第2章第2节无图.pptx',2,2),(215,'215黑色1点第2章第3节无图.pptx',2,3),(215,'215黑色1点第2章第4节无图.pptx',2,4),(215,'215黑色1点第2章第5节无图.pptx',2,5),(215,'215黑色1点第2章第6节无图.pptx',2,6),(215,'215黑色1点第3章第1节无图.pptx',3,1),(215,'215黑色1点第3章第2节无图.pptx',3,2),(215,'215黑色1点第3章第3节无图.pptx',3,3),(215,'215黑色1点第3章第4节无图.pptx',3,4),(215,'215黑色1点第3章第5节无图.pptx',3,5),(215,'215黑色1点第3章第6节无图.pptx',3,6),(215,'215黑色1点第4章第1节无图.pptx',4,1),(215,'215黑色1点第4章第2节无图.pptx',4,2),(215,'215黑色1点第4章第3节无图.pptx',4,3),(215,'215黑色1点第4章第4节无图.pptx',4,4),(215,'215黑色1点第4章第5节无图.pptx',4,5),(215,'215黑色1点第4章第6节无图.pptx',4,6),(215,'215黑色1点第5章第1节无图.pptx',5,1),(215,'215黑色1点第5章第2节无图.pptx',5,2),(215,'215黑色1点第5章第3节无图.pptx',5,3),(215,'215黑色1点第5章第4节无图.pptx',5,4),(215,'215黑色1点第5章第5节无图.pptx',5,5),(215,'215黑色1点第5章第6节无图.pptx',5,6),(215,'215黑色1点第6章第1节无图.pptx',6,1),(215,'215黑色1点第6章第2节无图.pptx',6,2),(215,'215黑色1点第6章第3节无图.pptx',6,3),(215,'215黑色1点第6章第4节无图.pptx',6,4),(215,'215黑色1点第6章第5节无图.pptx',6,5),(215,'215黑色1点第6章第6节无图.pptx',6,6),(216,'216橙色1点第1章第1节无图.pptx',1,1),(216,'216橙色1点第1章第2节无图.pptx',1,2),(216,'216橙色1点第1章第3节无图.pptx',1,3),(216,'216橙色1点第1章第4节无图.pptx',1,4),(216,'216橙色1点第1章第5节无图.pptx',1,5),(216,'216橙色1点第1章第6节无图.pptx',1,6),(216,'216橙色1点第2章第1节无图.pptx',2,1),(216,'216橙色1点第2章第2节无图.pptx',2,2),(216,'216橙色1点第2章第3节无图.pptx',2,3),(216,'216橙色1点第2章第4节无图.pptx',2,4),(216,'216橙色1点第2章第5节无图.pptx',2,5),(216,'216橙色1点第2章第6节无图.pptx',2,6),(216,'216橙色1点第3章第1节无图.pptx',3,1),(216,'216橙色1点第3章第2节无图.pptx',3,2),(216,'216橙色1点第3章第3节无图.pptx',3,3),(216,'216橙色1点第3章第4节无图.pptx',3,4),(216,'216橙色1点第3章第5节无图.pptx',3,5),(216,'216橙色1点第3章第6节无图.pptx',3,6),(216,'216橙色1点第4章第1节无图.pptx',4,1),(216,'216橙色1点第4章第2节无图.pptx',4,2),(216,'216橙色1点第4章第3节无图.pptx',4,3),(216,'216橙色1点第4章第4节无图.pptx',4,4),(216,'216橙色1点第4章第5节无图.pptx',4,5),(216,'216橙色1点第4章第6节无图.pptx',4,6),(216,'216橙色1点第5章第1节无图.pptx',5,1),(216,'216橙色1点第5章第2节无图.pptx',5,2),(216,'216橙色1点第5章第3节无图.pptx',5,3),(216,'216橙色1点第5章第4节无图.pptx',5,4),(216,'216橙色1点第5章第5节无图.pptx',5,5),(216,'216橙色1点第5章第6节无图.pptx',5,6),(216,'216橙色1点第6章第1节无图.pptx',6,1),(216,'216橙色1点第6章第2节无图.pptx',6,2),(216,'216橙色1点第6章第3节无图.pptx',6,3),(216,'216橙色1点第6章第4节无图.pptx',6,4),(216,'216橙色1点第6章第5节无图.pptx',6,5),(216,'216橙色1点第6章第6节无图.pptx',6,6),(217,'217白色1点第1章第1节无图.pptx',1,1),(217,'217白色1点第1章第2节无图.pptx',1,2),(217,'217白色1点第1章第3节无图.pptx',1,3),(217,'217白色1点第1章第4节无图.pptx',1,4),(217,'217白色1点第1章第5节无图.pptx',1,5),(217,'217白色1点第1章第6节无图.pptx',1,6),(217,'217白色1点第2章第1节无图.pptx',2,1),(217,'217白色1点第2章第2节无图.pptx',2,2),(217,'217白色1点第2章第3节无图.pptx',2,3),(217,'217白色1点第2章第4节无图.pptx',2,4),(217,'217白色1点第2章第5节无图.pptx',2,5),(217,'217白色1点第2章第6节无图.pptx',2,6),(217,'217白色1点第3章第1节无图.pptx',3,1),(217,'217白色1点第3章第2节无图.pptx',3,2),(217,'217白色1点第3章第3节无图.pptx',3,3),(217,'217白色1点第3章第4节无图.pptx',3,4),(217,'217白色1点第3章第5节无图.pptx',3,5),(217,'217白色1点第3章第6节无图.pptx',3,6),(217,'217白色1点第4章第1节无图.pptx',4,1),(217,'217白色1点第4章第2节无图.pptx',4,2),(217,'217白色1点第4章第3节无图.pptx',4,3),(217,'217白色1点第4章第4节无图.pptx',4,4),(217,'217白色1点第4章第5节无图.pptx',4,5),(217,'217白色1点第4章第6节无图.pptx',4,6),(217,'217白色1点第5章第1节无图.pptx',5,1),(217,'217白色1点第5章第2节无图.pptx',5,2),(217,'217白色1点第5章第3节无图.pptx',5,3),(217,'217白色1点第5章第4节无图.pptx',5,4),(217,'217白色1点第5章第5节无图.pptx',5,5),(217,'217白色1点第5章第6节无图.pptx',5,6),(217,'217白色1点第6章第1节无图.pptx',6,1),(217,'217白色1点第6章第2节无图.pptx',6,2),(217,'217白色1点第6章第3节无图.pptx',6,3),(217,'217白色1点第6章第4节无图.pptx',6,4),(217,'217白色1点第6章第5节无图.pptx',6,5),(217,'217白色1点第6章第6节无图.pptx',6,6),(218,'218粉色1点第1章第1节无图.pptx',1,1),(218,'218粉色1点第1章第2节无图.pptx',1,2),(218,'218粉色1点第1章第3节无图.pptx',1,3),(218,'218粉色1点第1章第4节无图.pptx',1,4),(218,'218粉色1点第1章第5节无图.pptx',1,5),(218,'218粉色1点第1章第6节无图.pptx',1,6),(218,'218粉色1点第2章第1节无图.pptx',2,1),(218,'218粉色1点第2章第2节无图.pptx',2,2),(218,'218粉色1点第2章第3节无图.pptx',2,3),(218,'218粉色1点第2章第4节无图.pptx',2,4),(218,'218粉色1点第2章第5节无图.pptx',2,5),(218,'218粉色1点第2章第6节无图.pptx',2,6),(218,'218粉色1点第3章第1节无图.pptx',3,1),(218,'218粉色1点第3章第2节无图.pptx',3,2),(218,'218粉色1点第3章第3节无图.pptx',3,3),(218,'218粉色1点第3章第4节无图.pptx',3,4),(218,'218粉色1点第3章第5节无图.pptx',3,5),(218,'218粉色1点第3章第6节无图.pptx',3,6),(218,'218粉色1点第4章第1节无图.pptx',4,1),(218,'218粉色1点第4章第2节无图.pptx',4,2),(218,'218粉色1点第4章第3节无图.pptx',4,3),(218,'218粉色1点第4章第4节无图.pptx',4,4),(218,'218粉色1点第4章第5节无图.pptx',4,5),(218,'218粉色1点第4章第6节无图.pptx',4,6),(218,'218粉色1点第5章第1节无图.pptx',5,1),(218,'218粉色1点第5章第2节无图.pptx',5,2),(218,'218粉色1点第5章第3节无图.pptx',5,3),(218,'218粉色1点第5章第4节无图.pptx',5,4),(218,'218粉色1点第5章第5节无图.pptx',5,5),(218,'218粉色1点第5章第6节无图.pptx',5,6),(218,'218粉色1点第6章第1节无图.pptx',6,1),(218,'218粉色1点第6章第2节无图.pptx',6,2),(218,'218粉色1点第6章第3节无图.pptx',6,3),(218,'218粉色1点第6章第4节无图.pptx',6,4),(218,'218粉色1点第6章第5节无图.pptx',6,5),(218,'218粉色1点第6章第6节无图.pptx',6,6),(219,'219紫色1点第1章第1节无图.pptx',1,1),(219,'219紫色1点第1章第2节无图.pptx',1,2),(219,'219紫色1点第1章第3节无图.pptx',1,3),(219,'219紫色1点第1章第4节无图.pptx',1,4),(219,'219紫色1点第1章第5节无图.pptx',1,5),(219,'219紫色1点第1章第6节无图.pptx',1,6),(219,'219紫色1点第2章第1节无图.pptx',2,1),(219,'219紫色1点第2章第2节无图.pptx',2,2),(219,'219紫色1点第2章第3节无图.pptx',2,3),(219,'219紫色1点第2章第4节无图.pptx',2,4),(219,'219紫色1点第2章第5节无图.pptx',2,5),(219,'219紫色1点第2章第6节无图.pptx',2,6),(219,'219紫色1点第3章第1节无图.pptx',3,1),(219,'219紫色1点第3章第2节无图.pptx',3,2),(219,'219紫色1点第3章第3节无图.pptx',3,3),(219,'219紫色1点第3章第4节无图.pptx',3,4),(219,'219紫色1点第3章第5节无图.pptx',3,5),(219,'219紫色1点第3章第6节无图.pptx',3,6),(219,'219紫色1点第4章第1节无图.pptx',4,1),(219,'219紫色1点第4章第2节无图.pptx',4,2),(219,'219紫色1点第4章第3节无图.pptx',4,3),(219,'219紫色1点第4章第4节无图.pptx',4,4),(219,'219紫色1点第4章第5节无图.pptx',4,5),(219,'219紫色1点第4章第6节无图.pptx',4,6),(219,'219紫色1点第5章第1节无图.pptx',5,1),(219,'219紫色1点第5章第2节无图.pptx',5,2),(219,'219紫色1点第5章第3节无图.pptx',5,3),(219,'219紫色1点第5章第4节无图.pptx',5,4),(219,'219紫色1点第5章第5节无图.pptx',5,5),(219,'219紫色1点第5章第6节无图.pptx',5,6),(219,'219紫色1点第6章第1节无图.pptx',6,1),(219,'219紫色1点第6章第2节无图.pptx',6,2),(219,'219紫色1点第6章第3节无图.pptx',6,3),(219,'219紫色1点第6章第4节无图.pptx',6,4),(219,'219紫色1点第6章第5节无图.pptx',6,5),(219,'219紫色1点第6章第6节无图.pptx',6,6),(220,'220红色1点第1章第1节无图.pptx',1,1),(220,'220红色1点第1章第2节无图.pptx',1,2),(220,'220红色1点第1章第3节无图.pptx',1,3),(220,'220红色1点第1章第4节无图.pptx',1,4),(220,'220红色1点第1章第5节无图.pptx',1,5),(220,'220红色1点第1章第6节无图.pptx',1,6),(220,'220红色1点第2章第1节无图.pptx',2,1),(220,'220红色1点第2章第2节无图.pptx',2,2),(220,'220红色1点第2章第3节无图.pptx',2,3),(220,'220红色1点第2章第4节无图.pptx',2,4),(220,'220红色1点第2章第5节无图.pptx',2,5),(220,'220红色1点第2章第6节无图.pptx',2,6),(220,'220红色1点第3章第1节无图.pptx',3,1),(220,'220红色1点第3章第2节无图.pptx',3,2),(220,'220红色1点第3章第3节无图.pptx',3,3),(220,'220红色1点第3章第4节无图.pptx',3,4),(220,'220红色1点第3章第5节无图.pptx',3,5),(220,'220红色1点第3章第6节无图.pptx',3,6),(220,'220红色1点第4章第1节无图.pptx',4,1),(220,'220红色1点第4章第2节无图.pptx',4,2),(220,'220红色1点第4章第3节无图.pptx',4,3),(220,'220红色1点第4章第4节无图.pptx',4,4),(220,'220红色1点第4章第5节无图.pptx',4,5),(220,'220红色1点第4章第6节无图.pptx',4,6),(220,'220红色1点第5章第1节无图.pptx',5,1),(220,'220红色1点第5章第2节无图.pptx',5,2),(220,'220红色1点第5章第3节无图.pptx',5,3),(220,'220红色1点第5章第4节无图.pptx',5,4),(220,'220红色1点第5章第5节无图.pptx',5,5),(220,'220红色1点第5章第6节无图.pptx',5,6),(220,'220红色1点第6章第1节无图.pptx',6,1),(220,'220红色1点第6章第2节无图.pptx',6,2),(220,'220红色1点第6章第3节无图.pptx',6,3),(220,'220红色1点第6章第4节无图.pptx',6,4),(220,'220红色1点第6章第5节无图.pptx',6,5),(220,'220红色1点第6章第6节无图.pptx',6,6),(221,'221绿色1点第1章第1节无图.pptx',1,1),(221,'221绿色1点第1章第2节无图.pptx',1,2),(221,'221绿色1点第1章第3节无图.pptx',1,3),(221,'221绿色1点第1章第4节无图.pptx',1,4),(221,'221绿色1点第1章第5节无图.pptx',1,5),(221,'221绿色1点第1章第6节无图.pptx',1,6),(221,'221绿色1点第2章第1节无图.pptx',2,1),(221,'221绿色1点第2章第2节无图.pptx',2,2),(221,'221绿色1点第2章第3节无图.pptx',2,3),(221,'221绿色1点第2章第4节无图.pptx',2,4),(221,'221绿色1点第2章第5节无图.pptx',2,5),(221,'221绿色1点第2章第6节无图.pptx',2,6),(221,'221绿色1点第3章第1节无图.pptx',3,1),(221,'221绿色1点第3章第2节无图.pptx',3,2),(221,'221绿色1点第3章第3节无图.pptx',3,3),(221,'221绿色1点第3章第4节无图.pptx',3,4),(221,'221绿色1点第3章第5节无图.pptx',3,5),(221,'221绿色1点第3章第6节无图.pptx',3,6),(221,'221绿色1点第4章第1节无图.pptx',4,1),(221,'221绿色1点第4章第2节无图.pptx',4,2),(221,'221绿色1点第4章第3节无图.pptx',4,3),(221,'221绿色1点第4章第4节无图.pptx',4,4),(221,'221绿色1点第4章第5节无图.pptx',4,5),(221,'221绿色1点第4章第6节无图.pptx',4,6),(221,'221绿色1点第5章第1节无图.pptx',5,1),(221,'221绿色1点第5章第2节无图.pptx',5,2),(221,'221绿色1点第5章第3节无图.pptx',5,3),(221,'221绿色1点第5章第4节无图.pptx',5,4),(221,'221绿色1点第5章第5节无图.pptx',5,5),(221,'221绿色1点第5章第6节无图.pptx',5,6),(221,'221绿色1点第6章第1节无图.pptx',6,1),(221,'221绿色1点第6章第2节无图.pptx',6,2),(221,'221绿色1点第6章第3节无图.pptx',6,3),(221,'221绿色1点第6章第4节无图.pptx',6,4),(221,'221绿色1点第6章第5节无图.pptx',6,5),(221,'221绿色1点第6章第6节无图.pptx',6,6),(222,'222蓝色1点第1章第1节无图.pptx',1,1),(222,'222蓝色1点第1章第2节无图.pptx',1,2),(222,'222蓝色1点第1章第3节无图.pptx',1,3),(222,'222蓝色1点第1章第4节无图.pptx',1,4),(222,'222蓝色1点第1章第5节无图.pptx',1,5),(222,'222蓝色1点第1章第6节无图.pptx',1,6),(222,'222蓝色1点第2章第1节无图.pptx',2,1),(222,'222蓝色1点第2章第2节无图.pptx',2,2),(222,'222蓝色1点第2章第3节无图.pptx',2,3),(222,'222蓝色1点第2章第4节无图.pptx',2,4),(222,'222蓝色1点第2章第5节无图.pptx',2,5),(222,'222蓝色1点第2章第6节无图.pptx',2,6),(222,'222蓝色1点第3章第1节无图.pptx',3,1),(222,'222蓝色1点第3章第2节无图.pptx',3,2),(222,'222蓝色1点第3章第3节无图.pptx',3,3),(222,'222蓝色1点第3章第4节无图.pptx',3,4),(222,'222蓝色1点第3章第5节无图.pptx',3,5),(222,'222蓝色1点第3章第6节无图.pptx',3,6),(222,'222蓝色1点第4章第1节无图.pptx',4,1),(222,'222蓝色1点第4章第2节无图.pptx',4,2),(222,'222蓝色1点第4章第3节无图.pptx',4,3),(222,'222蓝色1点第4章第4节无图.pptx',4,4),(222,'222蓝色1点第4章第5节无图.pptx',4,5),(222,'222蓝色1点第4章第6节无图.pptx',4,6),(222,'222蓝色1点第5章第1节无图.pptx',5,1),(222,'222蓝色1点第5章第2节无图.pptx',5,2),(222,'222蓝色1点第5章第3节无图.pptx',5,3),(222,'222蓝色1点第5章第4节无图.pptx',5,4),(222,'222蓝色1点第5章第5节无图.pptx',5,5),(222,'222蓝色1点第5章第6节无图.pptx',5,6),(222,'222蓝色1点第6章第1节无图.pptx',6,1),(222,'222蓝色1点第6章第2节无图.pptx',6,2),(222,'222蓝色1点第6章第3节无图.pptx',6,3),(222,'222蓝色1点第6章第4节无图.pptx',6,4),(222,'222蓝色1点第6章第5节无图.pptx',6,5),(222,'222蓝色1点第6章第6节无图.pptx',6,6),(223,'223黄色1点第1章第1节无图.pptx',1,1),(223,'223黄色1点第1章第2节无图.pptx',1,2),(223,'223黄色1点第1章第3节无图.pptx',1,3),(223,'223黄色1点第1章第4节无图.pptx',1,4),(223,'223黄色1点第1章第5节无图.pptx',1,5),(223,'223黄色1点第1章第6节无图.pptx',1,6),(223,'223黄色1点第2章第1节无图.pptx',2,1),(223,'223黄色1点第2章第2节无图.pptx',2,2),(223,'223黄色1点第2章第3节无图.pptx',2,3),(223,'223黄色1点第2章第4节无图.pptx',2,4),(223,'223黄色1点第2章第5节无图.pptx',2,5),(223,'223黄色1点第2章第6节无图.pptx',2,6),(223,'223黄色1点第3章第1节无图.pptx',3,1),(223,'223黄色1点第3章第2节无图.pptx',3,2),(223,'223黄色1点第3章第3节无图.pptx',3,3),(223,'223黄色1点第3章第4节无图.pptx',3,4),(223,'223黄色1点第3章第5节无图.pptx',3,5),(223,'223黄色1点第3章第6节无图.pptx',3,6),(223,'223黄色1点第4章第1节无图.pptx',4,1),(223,'223黄色1点第4章第2节无图.pptx',4,2),(223,'223黄色1点第4章第3节无图.pptx',4,3),(223,'223黄色1点第4章第4节无图.pptx',4,4),(223,'223黄色1点第4章第5节无图.pptx',4,5),(223,'223黄色1点第4章第6节无图.pptx',4,6),(223,'223黄色1点第5章第1节无图.pptx',5,1),(223,'223黄色1点第5章第2节无图.pptx',5,2),(223,'223黄色1点第5章第3节无图.pptx',5,3),(223,'223黄色1点第5章第4节无图.pptx',5,4),(223,'223黄色1点第5章第5节无图.pptx',5,5),(223,'223黄色1点第5章第6节无图.pptx',5,6),(223,'223黄色1点第6章第1节无图.pptx',6,1),(223,'223黄色1点第6章第2节无图.pptx',6,2),(223,'223黄色1点第6章第3节无图.pptx',6,3),(223,'223黄色1点第6章第4节无图.pptx',6,4),(223,'223黄色1点第6章第5节无图.pptx',6,5),(223,'223黄色1点第6章第6节无图.pptx',6,6),(224,'224黑色1点第1章第1节无图.pptx',1,1),(224,'224黑色1点第1章第2节无图.pptx',1,2),(224,'224黑色1点第1章第3节无图.pptx',1,3),(224,'224黑色1点第1章第4节无图.pptx',1,4),(224,'224黑色1点第1章第5节无图.pptx',1,5),(224,'224黑色1点第1章第6节无图.pptx',1,6),(224,'224黑色1点第2章第1节无图.pptx',2,1),(224,'224黑色1点第2章第2节无图.pptx',2,2),(224,'224黑色1点第2章第3节无图.pptx',2,3),(224,'224黑色1点第2章第4节无图.pptx',2,4),(224,'224黑色1点第2章第5节无图.pptx',2,5),(224,'224黑色1点第2章第6节无图.pptx',2,6),(224,'224黑色1点第3章第1节无图.pptx',3,1),(224,'224黑色1点第3章第2节无图.pptx',3,2),(224,'224黑色1点第3章第3节无图.pptx',3,3),(224,'224黑色1点第3章第4节无图.pptx',3,4),(224,'224黑色1点第3章第5节无图.pptx',3,5),(224,'224黑色1点第3章第6节无图.pptx',3,6),(224,'224黑色1点第4章第1节无图.pptx',4,1),(224,'224黑色1点第4章第2节无图.pptx',4,2),(224,'224黑色1点第4章第3节无图.pptx',4,3),(224,'224黑色1点第4章第4节无图.pptx',4,4),(224,'224黑色1点第4章第5节无图.pptx',4,5),(224,'224黑色1点第4章第6节无图.pptx',4,6),(224,'224黑色1点第5章第1节无图.pptx',5,1),(224,'224黑色1点第5章第2节无图.pptx',5,2),(224,'224黑色1点第5章第3节无图.pptx',5,3),(224,'224黑色1点第5章第4节无图.pptx',5,4),(224,'224黑色1点第5章第5节无图.pptx',5,5),(224,'224黑色1点第5章第6节无图.pptx',5,6),(224,'224黑色1点第6章第1节无图.pptx',6,1),(224,'224黑色1点第6章第2节无图.pptx',6,2),(224,'224黑色1点第6章第3节无图.pptx',6,3),(224,'224黑色1点第6章第4节无图.pptx',6,4),(224,'224黑色1点第6章第5节无图.pptx',6,5),(224,'224黑色1点第6章第6节无图.pptx',6,6),(261,'261橙色2点第1章第1节有图.pptx',1,1),(261,'261橙色2点第1章第3节有图.pptx',1,3),(261,'261橙色2点第1章第5节有图.pptx',1,5),(261,'261橙色2点第2章第1节有图.pptx',2,1),(261,'261橙色2点第2章第3节有图.pptx',2,3),(261,'261橙色2点第2章第5节有图.pptx',2,5),(261,'261橙色2点第3章第1节有图.pptx',3,1),(261,'261橙色2点第3章第3节有图.pptx',3,3),(261,'261橙色2点第3章第5节有图.pptx',3,5),(261,'261橙色2点第4章第1节有图.pptx',4,1),(261,'261橙色2点第4章第3节有图.pptx',4,3),(261,'261橙色2点第4章第5节有图.pptx',4,5),(261,'261橙色2点第5章第1节有图.pptx',5,1),(261,'261橙色2点第5章第3节有图.pptx',5,3),(261,'261橙色2点第5章第5节有图.pptx',5,5),(261,'261橙色2点第6章第1节有图.pptx',6,1),(261,'261橙色2点第6章第3节有图.pptx',6,3),(261,'261橙色2点第6章第5节有图.pptx',6,5),(262,'262白色2点第1章第1节有图.pptx',1,1),(262,'262白色2点第1章第3节有图.pptx',1,3),(262,'262白色2点第1章第5节有图.pptx',1,5),(262,'262白色2点第2章第1节有图.pptx',2,1),(262,'262白色2点第2章第3节有图.pptx',2,3),(262,'262白色2点第2章第5节有图.pptx',2,5),(262,'262白色2点第3章第1节有图.pptx',3,1),(262,'262白色2点第3章第3节有图.pptx',3,3),(262,'262白色2点第3章第5节有图.pptx',3,5),(262,'262白色2点第4章第1节有图.pptx',4,1),(262,'262白色2点第4章第3节有图.pptx',4,3),(262,'262白色2点第4章第5节有图.pptx',4,5),(262,'262白色2点第5章第1节有图.pptx',5,1),(262,'262白色2点第5章第3节有图.pptx',5,3),(262,'262白色2点第5章第5节有图.pptx',5,5),(262,'262白色2点第6章第1节有图.pptx',6,1),(262,'262白色2点第6章第3节有图.pptx',6,3),(262,'262白色2点第6章第5节有图.pptx',6,5),(263,'263粉色2点第1章第1节有图.pptx',1,1),(263,'263粉色2点第1章第3节有图.pptx',1,3),(263,'263粉色2点第1章第5节有图.pptx',1,5),(263,'263粉色2点第2章第1节有图.pptx',2,1),(263,'263粉色2点第2章第3节有图.pptx',2,3),(263,'263粉色2点第2章第5节有图.pptx',2,5),(263,'263粉色2点第3章第1节有图.pptx',3,1),(263,'263粉色2点第3章第3节有图.pptx',3,3),(263,'263粉色2点第3章第5节有图.pptx',3,5),(263,'263粉色2点第4章第1节有图.pptx',4,1),(263,'263粉色2点第4章第3节有图.pptx',4,3),(263,'263粉色2点第4章第5节有图.pptx',4,5),(263,'263粉色2点第5章第1节有图.pptx',5,1),(263,'263粉色2点第5章第3节有图.pptx',5,3),(263,'263粉色2点第5章第5节有图.pptx',5,5),(263,'263粉色2点第6章第1节有图.pptx',6,1),(263,'263粉色2点第6章第3节有图.pptx',6,3),(263,'263粉色2点第6章第5节有图.pptx',6,5),(264,'264紫色2点第1章第1节有图.pptx',1,1),(264,'264紫色2点第1章第3节有图.pptx',1,3),(264,'264紫色2点第1章第5节有图.pptx',1,5),(264,'264紫色2点第2章第1节有图.pptx',2,1),(264,'264紫色2点第2章第3节有图.pptx',2,3),(264,'264紫色2点第2章第5节有图.pptx',2,5),(264,'264紫色2点第3章第1节有图.pptx',3,1),(264,'264紫色2点第3章第3节有图.pptx',3,3),(264,'264紫色2点第3章第5节有图.pptx',3,5),(264,'264紫色2点第4章第1节有图.pptx',4,1),(264,'264紫色2点第4章第3节有图.pptx',4,3),(264,'264紫色2点第4章第5节有图.pptx',4,5),(264,'264紫色2点第5章第1节有图.pptx',5,1),(264,'264紫色2点第5章第3节有图.pptx',5,3),(264,'264紫色2点第5章第5节有图.pptx',5,5),(264,'264紫色2点第6章第1节有图.pptx',6,1),(264,'264紫色2点第6章第3节有图.pptx',6,3),(264,'264紫色2点第6章第5节有图.pptx',6,5),(265,'265红色2点第1章第1节有图.pptx',1,1),(265,'265红色2点第1章第3节有图.pptx',1,3),(265,'265红色2点第1章第5节有图.pptx',1,5),(265,'265红色2点第2章第1节有图.pptx',2,1),(265,'265红色2点第2章第3节有图.pptx',2,3),(265,'265红色2点第2章第5节有图.pptx',2,5),(265,'265红色2点第3章第1节有图.pptx',3,1),(265,'265红色2点第3章第3节有图.pptx',3,3),(265,'265红色2点第3章第5节有图.pptx',3,5),(265,'265红色2点第4章第1节有图.pptx',4,1),(265,'265红色2点第4章第3节有图.pptx',4,3),(265,'265红色2点第4章第5节有图.pptx',4,5),(265,'265红色2点第5章第1节有图.pptx',5,1),(265,'265红色2点第5章第3节有图.pptx',5,3),(265,'265红色2点第5章第5节有图.pptx',5,5),(265,'265红色2点第6章第1节有图.pptx',6,1),(265,'265红色2点第6章第3节有图.pptx',6,3),(265,'265红色2点第6章第5节有图.pptx',6,5),(266,'266绿色2点第1章第1节有图.pptx',1,1),(266,'266绿色2点第1章第3节有图.pptx',1,3),(266,'266绿色2点第1章第5节有图.pptx',1,5),(266,'266绿色2点第2章第1节有图.pptx',2,1),(266,'266绿色2点第2章第3节有图.pptx',2,3),(266,'266绿色2点第2章第5节有图.pptx',2,5),(266,'266绿色2点第3章第1节有图.pptx',3,1),(266,'266绿色2点第3章第3节有图.pptx',3,3),(266,'266绿色2点第3章第5节有图.pptx',3,5),(266,'266绿色2点第4章第1节有图.pptx',4,1),(266,'266绿色2点第4章第3节有图.pptx',4,3),(266,'266绿色2点第4章第5节有图.pptx',4,5),(266,'266绿色2点第5章第1节有图.pptx',5,1),(266,'266绿色2点第5章第3节有图.pptx',5,3),(266,'266绿色2点第5章第5节有图.pptx',5,5),(266,'266绿色2点第6章第1节有图.pptx',6,1),(266,'266绿色2点第6章第3节有图.pptx',6,3),(266,'266绿色2点第6章第5节有图.pptx',6,5),(267,'267蓝色2点第1章第1节有图.pptx',1,1),(267,'267蓝色2点第1章第3节有图.pptx',1,3),(267,'267蓝色2点第1章第5节有图.pptx',1,5),(267,'267蓝色2点第2章第1节有图.pptx',2,1),(267,'267蓝色2点第2章第3节有图.pptx',2,3),(267,'267蓝色2点第2章第5节有图.pptx',2,5),(267,'267蓝色2点第3章第1节有图.pptx',3,1),(267,'267蓝色2点第3章第3节有图.pptx',3,3),(267,'267蓝色2点第3章第5节有图.pptx',3,5),(267,'267蓝色2点第4章第1节有图.pptx',4,1),(267,'267蓝色2点第4章第3节有图.pptx',4,3),(267,'267蓝色2点第4章第5节有图.pptx',4,5),(267,'267蓝色2点第5章第1节有图.pptx',5,1),(267,'267蓝色2点第5章第3节有图.pptx',5,3),(267,'267蓝色2点第5章第5节有图.pptx',5,5),(267,'267蓝色2点第6章第1节有图.pptx',6,1),(267,'267蓝色2点第6章第3节有图.pptx',6,3),(267,'267蓝色2点第6章第5节有图.pptx',6,5),(268,'268黄色2点第1章第1节有图.pptx',1,1),(268,'268黄色2点第1章第3节有图.pptx',1,3),(268,'268黄色2点第1章第5节有图.pptx',1,5),(268,'268黄色2点第2章第1节有图.pptx',2,1),(268,'268黄色2点第2章第3节有图.pptx',2,3),(268,'268黄色2点第2章第5节有图.pptx',2,5),(268,'268黄色2点第3章第1节有图.pptx',3,1),(268,'268黄色2点第3章第3节有图.pptx',3,3),(268,'268黄色2点第3章第5节有图.pptx',3,5),(268,'268黄色2点第4章第1节有图.pptx',4,1),(268,'268黄色2点第4章第3节有图.pptx',4,3),(268,'268黄色2点第4章第5节有图.pptx',4,5),(268,'268黄色2点第5章第1节有图.pptx',5,1),(268,'268黄色2点第5章第3节有图.pptx',5,3),(268,'268黄色2点第5章第5节有图.pptx',5,5),(268,'268黄色2点第6章第1节有图.pptx',6,1),(268,'268黄色2点第6章第3节有图.pptx',6,3),(268,'268黄色2点第6章第5节有图.pptx',6,5),(269,'269黑色2点第1章第1节有图.pptx',1,1),(269,'269黑色2点第1章第3节有图.pptx',1,3),(269,'269黑色2点第1章第5节有图.pptx',1,5),(269,'269黑色2点第2章第1节有图.pptx',2,1),(269,'269黑色2点第2章第3节有图.pptx',2,3),(269,'269黑色2点第2章第5节有图.pptx',2,5),(269,'269黑色2点第3章第1节有图.pptx',3,1),(269,'269黑色2点第3章第3节有图.pptx',3,3),(269,'269黑色2点第3章第5节有图.pptx',3,5),(269,'269黑色2点第4章第1节有图.pptx',4,1),(269,'269黑色2点第4章第3节有图.pptx',4,3),(269,'269黑色2点第4章第5节有图.pptx',4,5),(269,'269黑色2点第5章第1节有图.pptx',5,1),(269,'269黑色2点第5章第3节有图.pptx',5,3),(269,'269黑色2点第5章第5节有图.pptx',5,5),(269,'269黑色2点第6章第1节有图.pptx',6,1),(269,'269黑色2点第6章第3节有图.pptx',6,3),(269,'269黑色2点第6章第5节有图.pptx',6,5),(270,'270橙色2点第1章第1节有图.pptx',1,1),(270,'270橙色2点第1章第3节有图.pptx',1,3),(270,'270橙色2点第1章第5节有图.pptx',1,5),(270,'270橙色2点第2章第1节有图.pptx',2,1),(270,'270橙色2点第2章第3节有图.pptx',2,3),(270,'270橙色2点第2章第5节有图.pptx',2,5),(270,'270橙色2点第3章第1节有图.pptx',3,1),(270,'270橙色2点第3章第3节有图.pptx',3,3),(270,'270橙色2点第3章第5节有图.pptx',3,5),(270,'270橙色2点第4章第1节有图.pptx',4,1),(270,'270橙色2点第4章第3节有图.pptx',4,3),(270,'270橙色2点第4章第5节有图.pptx',4,5),(270,'270橙色2点第5章第1节有图.pptx',5,1),(270,'270橙色2点第5章第3节有图.pptx',5,3),(270,'270橙色2点第5章第5节有图.pptx',5,5),(270,'270橙色2点第6章第1节有图.pptx',6,1),(270,'270橙色2点第6章第3节有图.pptx',6,3),(270,'270橙色2点第6章第5节有图.pptx',6,5),(271,'271白色2点第1章第1节有图.pptx',1,1),(271,'271白色2点第1章第3节有图.pptx',1,3),(271,'271白色2点第1章第5节有图.pptx',1,5),(271,'271白色2点第2章第1节有图.pptx',2,1),(271,'271白色2点第2章第3节有图.pptx',2,3),(271,'271白色2点第2章第5节有图.pptx',2,5),(271,'271白色2点第3章第1节有图.pptx',3,1),(271,'271白色2点第3章第3节有图.pptx',3,3),(271,'271白色2点第3章第5节有图.pptx',3,5),(271,'271白色2点第4章第1节有图.pptx',4,1),(271,'271白色2点第4章第3节有图.pptx',4,3),(271,'271白色2点第4章第5节有图.pptx',4,5),(271,'271白色2点第5章第1节有图.pptx',5,1),(271,'271白色2点第5章第3节有图.pptx',5,3),(271,'271白色2点第5章第5节有图.pptx',5,5),(271,'271白色2点第6章第1节有图.pptx',6,1),(271,'271白色2点第6章第3节有图.pptx',6,3),(271,'271白色2点第6章第5节有图.pptx',6,5),(272,'272粉色2点第1章第1节有图.pptx',1,1),(272,'272粉色2点第1章第3节有图.pptx',1,3),(272,'272粉色2点第1章第5节有图.pptx',1,5),(272,'272粉色2点第2章第1节有图.pptx',2,1),(272,'272粉色2点第2章第3节有图.pptx',2,3),(272,'272粉色2点第2章第5节有图.pptx',2,5),(272,'272粉色2点第3章第1节有图.pptx',3,1),(272,'272粉色2点第3章第3节有图.pptx',3,3),(272,'272粉色2点第3章第5节有图.pptx',3,5),(272,'272粉色2点第4章第1节有图.pptx',4,1),(272,'272粉色2点第4章第3节有图.pptx',4,3),(272,'272粉色2点第4章第5节有图.pptx',4,5),(272,'272粉色2点第5章第1节有图.pptx',5,1),(272,'272粉色2点第5章第3节有图.pptx',5,3),(272,'272粉色2点第5章第5节有图.pptx',5,5),(272,'272粉色2点第6章第1节有图.pptx',6,1),(272,'272粉色2点第6章第3节有图.pptx',6,3),(272,'272粉色2点第6章第5节有图.pptx',6,5),(273,'273紫色2点第1章第1节有图.pptx',1,1),(273,'273紫色2点第1章第3节有图.pptx',1,3),(273,'273紫色2点第1章第5节有图.pptx',1,5),(273,'273紫色2点第2章第1节有图.pptx',2,1),(273,'273紫色2点第2章第3节有图.pptx',2,3),(273,'273紫色2点第2章第5节有图.pptx',2,5),(273,'273紫色2点第3章第1节有图.pptx',3,1),(273,'273紫色2点第3章第3节有图.pptx',3,3),(273,'273紫色2点第3章第5节有图.pptx',3,5),(273,'273紫色2点第4章第1节有图.pptx',4,1),(273,'273紫色2点第4章第3节有图.pptx',4,3),(273,'273紫色2点第4章第5节有图.pptx',4,5),(273,'273紫色2点第5章第1节有图.pptx',5,1),(273,'273紫色2点第5章第3节有图.pptx',5,3),(273,'273紫色2点第5章第5节有图.pptx',5,5),(273,'273紫色2点第6章第1节有图.pptx',6,1),(273,'273紫色2点第6章第3节有图.pptx',6,3),(273,'273紫色2点第6章第5节有图.pptx',6,5),(274,'274红色2点第1章第1节有图.pptx',1,1),(274,'274红色2点第1章第3节有图.pptx',1,3),(274,'274红色2点第1章第5节有图.pptx',1,5),(274,'274红色2点第2章第1节有图.pptx',2,1),(274,'274红色2点第2章第3节有图.pptx',2,3),(274,'274红色2点第2章第5节有图.pptx',2,5),(274,'274红色2点第3章第1节有图.pptx',3,1),(274,'274红色2点第3章第3节有图.pptx',3,3),(274,'274红色2点第3章第5节有图.pptx',3,5),(274,'274红色2点第4章第1节有图.pptx',4,1),(274,'274红色2点第4章第3节有图.pptx',4,3),(274,'274红色2点第4章第5节有图.pptx',4,5),(274,'274红色2点第5章第1节有图.pptx',5,1),(274,'274红色2点第5章第3节有图.pptx',5,3),(274,'274红色2点第5章第5节有图.pptx',5,5),(274,'274红色2点第6章第1节有图.pptx',6,1),(274,'274红色2点第6章第3节有图.pptx',6,3),(274,'274红色2点第6章第5节有图.pptx',6,5),(275,'275绿色2点第1章第1节有图.pptx',1,1),(275,'275绿色2点第1章第3节有图.pptx',1,3),(275,'275绿色2点第1章第5节有图.pptx',1,5),(275,'275绿色2点第2章第1节有图.pptx',2,1),(275,'275绿色2点第2章第3节有图.pptx',2,3),(275,'275绿色2点第2章第5节有图.pptx',2,5),(275,'275绿色2点第3章第1节有图.pptx',3,1),(275,'275绿色2点第3章第3节有图.pptx',3,3),(275,'275绿色2点第3章第5节有图.pptx',3,5),(275,'275绿色2点第4章第1节有图.pptx',4,1),(275,'275绿色2点第4章第3节有图.pptx',4,3),(275,'275绿色2点第4章第5节有图.pptx',4,5),(275,'275绿色2点第5章第1节有图.pptx',5,1),(275,'275绿色2点第5章第3节有图.pptx',5,3),(275,'275绿色2点第5章第5节有图.pptx',5,5),(275,'275绿色2点第6章第1节有图.pptx',6,1),(275,'275绿色2点第6章第3节有图.pptx',6,3),(275,'275绿色2点第6章第5节有图.pptx',6,5),(276,'276蓝色2点第1章第1节有图.pptx',1,1),(276,'276蓝色2点第1章第3节有图.pptx',1,3),(276,'276蓝色2点第1章第5节有图.pptx',1,5),(276,'276蓝色2点第2章第1节有图.pptx',2,1),(276,'276蓝色2点第2章第3节有图.pptx',2,3),(276,'276蓝色2点第2章第5节有图.pptx',2,5),(276,'276蓝色2点第3章第1节有图.pptx',3,1),(276,'276蓝色2点第3章第3节有图.pptx',3,3),(276,'276蓝色2点第3章第5节有图.pptx',3,5),(276,'276蓝色2点第4章第1节有图.pptx',4,1),(276,'276蓝色2点第4章第3节有图.pptx',4,3),(276,'276蓝色2点第4章第5节有图.pptx',4,5),(276,'276蓝色2点第5章第1节有图.pptx',5,1),(276,'276蓝色2点第5章第3节有图.pptx',5,3),(276,'276蓝色2点第5章第5节有图.pptx',5,5),(276,'276蓝色2点第6章第1节有图.pptx',6,1),(276,'276蓝色2点第6章第3节有图.pptx',6,3),(276,'276蓝色2点第6章第5节有图.pptx',6,5),(277,'277黄色2点第1章第1节有图.pptx',1,1),(277,'277黄色2点第1章第3节有图.pptx',1,3),(277,'277黄色2点第1章第5节有图.pptx',1,5),(277,'277黄色2点第2章第1节有图.pptx',2,1),(277,'277黄色2点第2章第3节有图.pptx',2,3),(277,'277黄色2点第2章第5节有图.pptx',2,5),(277,'277黄色2点第3章第1节有图.pptx',3,1),(277,'277黄色2点第3章第3节有图.pptx',3,3),(277,'277黄色2点第3章第5节有图.pptx',3,5),(277,'277黄色2点第4章第1节有图.pptx',4,1),(277,'277黄色2点第4章第3节有图.pptx',4,3),(277,'277黄色2点第4章第5节有图.pptx',4,5),(277,'277黄色2点第5章第1节有图.pptx',5,1),(277,'277黄色2点第5章第3节有图.pptx',5,3),(277,'277黄色2点第5章第5节有图.pptx',5,5),(277,'277黄色2点第6章第1节有图.pptx',6,1),(277,'277黄色2点第6章第3节有图.pptx',6,3),(277,'277黄色2点第6章第5节有图.pptx',6,5),(278,'278黑色2点第1章第1节有图.pptx',1,1),(278,'278黑色2点第1章第3节有图.pptx',1,3),(278,'278黑色2点第1章第5节有图.pptx',1,5),(278,'278黑色2点第2章第1节有图.pptx',2,1),(278,'278黑色2点第2章第3节有图.pptx',2,3),(278,'278黑色2点第2章第5节有图.pptx',2,5),(278,'278黑色2点第3章第1节有图.pptx',3,1),(278,'278黑色2点第3章第3节有图.pptx',3,3),(278,'278黑色2点第3章第5节有图.pptx',3,5),(278,'278黑色2点第4章第1节有图.pptx',4,1),(278,'278黑色2点第4章第3节有图.pptx',4,3),(278,'278黑色2点第4章第5节有图.pptx',4,5),(278,'278黑色2点第5章第1节有图.pptx',5,1),(278,'278黑色2点第5章第3节有图.pptx',5,3),(278,'278黑色2点第5章第5节有图.pptx',5,5),(278,'278黑色2点第6章第1节有图.pptx',6,1),(278,'278黑色2点第6章第3节有图.pptx',6,3),(278,'278黑色2点第6章第5节有图.pptx',6,5);
/*!40000 ALTER TABLE `chapter_template_search_table` ENABLE KEYS */;
UNLOCK TABLES;

--
-- Table structure for table `chapter_template_show_table`
--

DROP TABLE IF EXISTS `chapter_template_show_table`;
/*!40101 SET @saved_cs_client     = @@character_set_client */;
/*!50503 SET character_set_client = utf8mb4 */;
CREATE TABLE `chapter_template_show_table` (
  `id` int unsigned NOT NULL AUTO_INCREMENT COMMENT 'ID',
  `point` tinyint NOT NULL COMMENT '点数',
  `has_picture` tinyint(1) NOT NULL COMMENT '是否包含图片',
  `image` varchar(255) NOT NULL COMMENT '预览图',
  `colour` varchar(10) NOT NULL COMMENT '颜色',
  PRIMARY KEY (`id`),
  UNIQUE KEY `chapter_template_show_table_pk` (`image`)
) ENGINE=InnoDB AUTO_INCREMENT=279 DEFAULT CHARSET=utf8mb4 COLLATE=utf8mb4_0900_ai_ci COMMENT='章节模板展示表，只保存不带颜色信息的模板';
/*!40101 SET character_set_client = @saved_cs_client */;

--
-- Dumping data for table `chapter_template_show_table`
--

LOCK TABLES `chapter_template_show_table` WRITE;
/*!40000 ALTER TABLE `chapter_template_show_table` DISABLE KEYS */;
INSERT INTO `chapter_template_show_table` VALUES (1,2,0,'https://pgen.oss-cn-guangzhou.aliyuncs.com/eace1c59-d46c-482b-aaec-5db751b7008b.png','红色'),(10,2,0,'https://pgen.oss-cn-guangzhou.aliyuncs.com/36ef142f-274e-4fee-b4a2-b52d6e1f5072.png','橙色'),(11,2,0,'https://pgen.oss-cn-guangzhou.aliyuncs.com/41076ce5-c5f0-4c6c-be64-da153be25813.png','白色'),(12,2,0,'https://pgen.oss-cn-guangzhou.aliyuncs.com/6c393937-d161-4efa-b467-058dc773ea3c.png','粉色'),(13,2,0,'https://pgen.oss-cn-guangzhou.aliyuncs.com/9a58627f-c036-413f-ab19-3766c2413935.png','紫色'),(14,2,0,'https://pgen.oss-cn-guangzhou.aliyuncs.com/b55f7125-5877-425f-926e-cd40efaf7d09.png','绿色'),(15,2,0,'https://pgen.oss-cn-guangzhou.aliyuncs.com/78ff5f8e-5be6-4faf-b38d-e5646b236e68.png','蓝色'),(16,2,0,'https://pgen.oss-cn-guangzhou.aliyuncs.com/5c65cfac-1d43-4254-a886-b4611d9ef031.png','黄色'),(17,2,0,'https://pgen.oss-cn-guangzhou.aliyuncs.com/83af0b77-1ac0-4148-b351-fda375524d0c.png','黑色'),(18,2,0,'https://pgen.oss-cn-guangzhou.aliyuncs.com/3b8315f2-3a55-439f-b4bd-2249e3341663.png','橙色'),(19,2,0,'https://pgen.oss-cn-guangzhou.aliyuncs.com/13595d94-b4d2-4686-b65a-874d7abcf155.png','白色'),(20,2,0,'https://pgen.oss-cn-guangzhou.aliyuncs.com/d7d27033-ab1d-4be8-b724-d24bbd414696.png','粉色'),(21,2,0,'https://pgen.oss-cn-guangzhou.aliyuncs.com/031c33bf-b653-45df-9e4f-d6bcf087d93d.png','紫色'),(22,2,0,'https://pgen.oss-cn-guangzhou.aliyuncs.com/e2f03b20-df27-483d-b800-889e8b9b4fd4.png','红色'),(23,2,0,'https://pgen.oss-cn-guangzhou.aliyuncs.com/7b133abc-5785-4b4f-a457-63ff9873a446.png','绿色'),(24,2,0,'https://pgen.oss-cn-guangzhou.aliyuncs.com/62d75aa3-6848-416b-9b6b-84fb964d7572.png','蓝色'),(25,2,0,'https://pgen.oss-cn-guangzhou.aliyuncs.com/777c717b-2edb-4a5e-a8b1-dc79476fa338.png','黄色'),(26,2,0,'https://pgen.oss-cn-guangzhou.aliyuncs.com/bdf38fa3-48cf-40e7-8227-dcd3dc122eac.png','黑色'),(27,2,0,'https://pgen.oss-cn-guangzhou.aliyuncs.com/c2c7adb7-6514-48b9-a63c-b73f3fd42ad6.png','橙色'),(28,2,0,'https://pgen.oss-cn-guangzhou.aliyuncs.com/34428eed-d020-4d4f-a05a-dc7c86e90b00.png','白色'),(29,2,0,'https://pgen.oss-cn-guangzhou.aliyuncs.com/4a70e336-a6c6-4e9c-bf0b-f089016c98e3.png','粉色'),(30,2,0,'https://pgen.oss-cn-guangzhou.aliyuncs.com/6d9d8aa8-43c3-4ec6-9e88-88eab389b9e2.png','紫色'),(31,2,0,'https://pgen.oss-cn-guangzhou.aliyuncs.com/adfd9ef6-ef75-4194-bf77-c22d90ab788d.png','红色'),(32,2,0,'https://pgen.oss-cn-guangzhou.aliyuncs.com/15b6a4af-bdf6-4f37-97b8-7ccc034b9669.png','绿色'),(33,2,0,'https://pgen.oss-cn-guangzhou.aliyuncs.com/4c6c3c62-e419-4ec4-a843-2ab0cf2c90cd.png','蓝色'),(34,2,0,'https://pgen.oss-cn-guangzhou.aliyuncs.com/6542b391-434e-4316-929f-8f8599dd98cb.png','黄色'),(35,2,0,'https://pgen.oss-cn-guangzhou.aliyuncs.com/74de8043-083a-46c4-b153-9bda3eaf3711.png','黑色'),(36,2,0,'https://pgen.oss-cn-guangzhou.aliyuncs.com/2d7e4fe6-41a3-44fd-ae80-d1341f53f0b8.png','橙色'),(37,2,0,'https://pgen.oss-cn-guangzhou.aliyuncs.com/c016814c-442f-479c-8d58-1aa10936648c.png','白色'),(38,2,0,'https://pgen.oss-cn-guangzhou.aliyuncs.com/a4a6fa44-53cf-4fd4-9bd0-353835e9d161.png','粉色'),(39,2,0,'https://pgen.oss-cn-guangzhou.aliyuncs.com/6d6fba22-750d-4ad1-a7fe-0dc104c746c7.png','紫色'),(40,2,0,'https://pgen.oss-cn-guangzhou.aliyuncs.com/2f7bd07e-523b-46f4-b054-51a7df9ec2cf.png','红色'),(41,2,0,'https://pgen.oss-cn-guangzhou.aliyuncs.com/51da809a-9d6f-4131-acbc-5f32bb591cea.png','绿色'),(42,2,0,'https://pgen.oss-cn-guangzhou.aliyuncs.com/0874f656-f3f1-4ff4-a8f4-858c7b321ab5.png','蓝色'),(43,2,0,'https://pgen.oss-cn-guangzhou.aliyuncs.com/d9c5f939-89d6-43b6-a884-85f51bced590.png','黄色'),(44,2,0,'https://pgen.oss-cn-guangzhou.aliyuncs.com/52d8d46d-025a-402f-a1ad-8d6104ff6128.png','黑色'),(45,2,0,'https://pgen.oss-cn-guangzhou.aliyuncs.com/4af71326-2bdf-45af-bdcd-9b8e6bfe86be.png','橙色'),(46,2,0,'https://pgen.oss-cn-guangzhou.aliyuncs.com/2c11d37e-b2ee-477b-860e-fe5ed4cf21a3.png','白色'),(47,2,0,'https://pgen.oss-cn-guangzhou.aliyuncs.com/95083a75-69cc-40c0-8ed2-b94a94b9449a.png','粉色'),(48,2,0,'https://pgen.oss-cn-guangzhou.aliyuncs.com/005f6710-9ea7-4702-a235-2e03670a4402.png','紫色'),(49,2,0,'https://pgen.oss-cn-guangzhou.aliyuncs.com/3c20d3e3-b54e-406d-abe5-2d8b30d46219.png','红色'),(50,2,0,'https://pgen.oss-cn-guangzhou.aliyuncs.com/1ff5f7b2-5190-4f23-8d1d-d08dddf0749a.png','绿色'),(51,2,0,'https://pgen.oss-cn-guangzhou.aliyuncs.com/280032ab-4483-4b19-b241-dcc6b34ec8e3.png','蓝色'),(52,2,0,'https://pgen.oss-cn-guangzhou.aliyuncs.com/ecfe2194-86fa-43ff-a147-57afc311d166.png','黄色'),(53,2,0,'https://pgen.oss-cn-guangzhou.aliyuncs.com/4e863b1c-91c8-4b94-bd0d-adda14edc1f5.png','黑色'),(54,2,0,'https://pgen.oss-cn-guangzhou.aliyuncs.com/532bc7fa-77e7-4adf-82cd-f3d01a2ecb69.png','橙色'),(55,2,0,'https://pgen.oss-cn-guangzhou.aliyuncs.com/b455cd3a-ef33-402f-b94f-868223ecfb72.png','白色'),(56,2,0,'https://pgen.oss-cn-guangzhou.aliyuncs.com/62ad31f1-4e11-4dce-9f67-c6e002c334d2.png','粉色'),(57,2,0,'https://pgen.oss-cn-guangzhou.aliyuncs.com/50a4cca4-b931-4c03-bb24-b56aa928c50b.png','紫色'),(58,2,0,'https://pgen.oss-cn-guangzhou.aliyuncs.com/5616d79f-acc0-4b2a-a357-d3f955d859c0.png','红色'),(59,2,0,'https://pgen.oss-cn-guangzhou.aliyuncs.com/c38e203b-d5e4-47b8-b577-a52a879201d7.png','绿色'),(60,2,0,'https://pgen.oss-cn-guangzhou.aliyuncs.com/64dd5e7a-c465-42ea-815f-193eeb14f393.png','蓝色'),(61,2,0,'https://pgen.oss-cn-guangzhou.aliyuncs.com/aef1e6f6-8ea4-4de9-aabe-67dea83dd303.png','黄色'),(62,2,0,'https://pgen.oss-cn-guangzhou.aliyuncs.com/2b4e56c6-836f-41a3-b15c-8c4b92960340.png','黑色'),(72,2,1,'https://pgen.oss-cn-guangzhou.aliyuncs.com/9707595a-8566-4ac4-a5e1-95dbff937f87.png','橙色'),(73,2,1,'https://pgen.oss-cn-guangzhou.aliyuncs.com/cfc7903f-aff9-4bad-9900-70860fe002c3.png','白色'),(74,2,1,'https://pgen.oss-cn-guangzhou.aliyuncs.com/2049a1e8-6fde-48d4-8603-64fcf9fa1b79.png','粉色'),(75,2,1,'https://pgen.oss-cn-guangzhou.aliyuncs.com/3c6f1c2d-568c-4192-b902-4f12741e8f97.png','紫色'),(76,2,1,'https://pgen.oss-cn-guangzhou.aliyuncs.com/7048e05b-7f8a-4752-a0a8-dc68a51f1e17.png','红色'),(77,2,1,'https://pgen.oss-cn-guangzhou.aliyuncs.com/b350b8ed-bf41-45dd-ac1b-5fd9d9f12217.png','绿色'),(78,2,1,'https://pgen.oss-cn-guangzhou.aliyuncs.com/736a92d6-abd3-45e9-b910-dc41c780a101.png','蓝色'),(79,2,1,'https://pgen.oss-cn-guangzhou.aliyuncs.com/dfb115ff-8949-4983-b242-5b8211ee71e8.png','黄色'),(80,2,1,'https://pgen.oss-cn-guangzhou.aliyuncs.com/62bb89a2-a414-4cc0-9cda-0d1bc51f7f04.png','黑色'),(81,2,1,'https://pgen.oss-cn-guangzhou.aliyuncs.com/79353e37-b1e3-42f6-a397-866150026bcd.png','橙色'),(82,2,1,'https://pgen.oss-cn-guangzhou.aliyuncs.com/bbe91905-84dd-4666-ac66-f9fc4329004f.png','白色'),(83,2,1,'https://pgen.oss-cn-guangzhou.aliyuncs.com/0e723afa-b4dd-4550-bc9a-1d6b24478807.png','粉色'),(84,2,1,'https://pgen.oss-cn-guangzhou.aliyuncs.com/78cd0ad5-7752-4a72-b013-80fbcbb9f987.png','紫色'),(85,2,1,'https://pgen.oss-cn-guangzhou.aliyuncs.com/afa9450a-2b8f-4e23-98b9-276d0bb8754e.png','红色'),(86,2,1,'https://pgen.oss-cn-guangzhou.aliyuncs.com/ac2035b4-477e-4e30-9e8e-9031d9e2727f.png','绿色'),(87,2,1,'https://pgen.oss-cn-guangzhou.aliyuncs.com/2e84c142-ea97-4ae0-a60b-254fab649b72.png','蓝色'),(88,2,1,'https://pgen.oss-cn-guangzhou.aliyuncs.com/d8b0caca-f220-4f94-a73e-90174742d76b.png','黄色'),(89,2,1,'https://pgen.oss-cn-guangzhou.aliyuncs.com/d6cf1db4-b85f-40be-ab40-ed522ec34119.png','黑色'),(90,2,1,'https://pgen.oss-cn-guangzhou.aliyuncs.com/c4c9d972-7bfe-45c4-81a6-1e5056e0dab4.png','橙色'),(91,2,1,'https://pgen.oss-cn-guangzhou.aliyuncs.com/42cb2590-0989-4e25-87e0-b1ee36faccb9.png','白色'),(92,2,1,'https://pgen.oss-cn-guangzhou.aliyuncs.com/e87ac13b-b6da-41ea-8356-cd2c3cfedfb6.png','粉色'),(93,2,1,'https://pgen.oss-cn-guangzhou.aliyuncs.com/389a5b5e-7249-4018-b4a5-36d1a1a39472.png','紫色'),(94,2,1,'https://pgen.oss-cn-guangzhou.aliyuncs.com/890ace49-7cb1-4c08-9cbb-117b0de4e1aa.png','红色'),(95,2,1,'https://pgen.oss-cn-guangzhou.aliyuncs.com/a4076692-152f-47d7-a294-090a7f904c16.png','绿色'),(96,2,1,'https://pgen.oss-cn-guangzhou.aliyuncs.com/c25783b9-5711-427d-a53a-dd61608202a7.png','蓝色'),(97,2,1,'https://pgen.oss-cn-guangzhou.aliyuncs.com/4f453dfa-d365-456b-8d18-c7ff882a321d.png','黄色'),(98,2,1,'https://pgen.oss-cn-guangzhou.aliyuncs.com/e57d012b-0848-4e2e-a4ac-cd7826018e48.png','黑色'),(99,2,1,'https://pgen.oss-cn-guangzhou.aliyuncs.com/9829e345-eb6e-4e0e-abb4-4326cc551871.png','橙色'),(100,2,1,'https://pgen.oss-cn-guangzhou.aliyuncs.com/cc7d641f-0740-4a87-8578-bca031c32d75.png','白色'),(101,2,1,'https://pgen.oss-cn-guangzhou.aliyuncs.com/6bd8b7d8-a4af-460f-b0c2-26a1b8aa40b4.png','粉色'),(102,2,1,'https://pgen.oss-cn-guangzhou.aliyuncs.com/ed0fb4ca-e5c7-4654-8967-f3935daae21f.png','紫色'),(103,2,1,'https://pgen.oss-cn-guangzhou.aliyuncs.com/b8d2e38e-7256-4e70-9059-18562c3d2b06.png','红色'),(104,2,1,'https://pgen.oss-cn-guangzhou.aliyuncs.com/be3844be-308e-4e3e-ba53-bb4239c0a6e6.png','绿色'),(105,2,1,'https://pgen.oss-cn-guangzhou.aliyuncs.com/21f65a59-6bd8-4e38-9b40-4cbb3bcfe698.png','蓝色'),(106,2,1,'https://pgen.oss-cn-guangzhou.aliyuncs.com/4b4ae29d-c16d-472a-8363-f4d2eaf0e53f.png','黄色'),(107,2,1,'https://pgen.oss-cn-guangzhou.aliyuncs.com/0fe264c1-f725-4553-af45-41bd27b756b6.png','黑色'),(126,1,1,'https://pgen.oss-cn-guangzhou.aliyuncs.com/3da5cf53-bb69-481c-9336-b9946f67249f.png','橙色'),(127,1,1,'https://pgen.oss-cn-guangzhou.aliyuncs.com/8b7bc1c8-c2d0-4dae-84cd-84dab45a0b3b.png','白色'),(128,1,1,'https://pgen.oss-cn-guangzhou.aliyuncs.com/81cd4f11-a7ad-40d7-8b40-639bf335606c.png','粉色'),(129,1,1,'https://pgen.oss-cn-guangzhou.aliyuncs.com/f1a5fa35-c628-459f-b02a-3ec875de77ee.png','紫色'),(130,1,1,'https://pgen.oss-cn-guangzhou.aliyuncs.com/9a40c413-3a18-4812-8ade-d77652175da1.png','红色'),(131,1,1,'https://pgen.oss-cn-guangzhou.aliyuncs.com/c920a6ad-df2d-4e47-8e52-b8aa06c2cb71.png','绿色'),(132,1,1,'https://pgen.oss-cn-guangzhou.aliyuncs.com/85daa651-82b4-45d9-bce7-d44d2043cef3.png','蓝色'),(133,1,1,'https://pgen.oss-cn-guangzhou.aliyuncs.com/76763250-f827-462d-92c0-61f77a4d5e0c.png','黄色'),(134,1,1,'https://pgen.oss-cn-guangzhou.aliyuncs.com/0eaa6dfd-8d75-42f8-a0bc-e54d2755c284.png','黑色'),(135,1,1,'https://pgen.oss-cn-guangzhou.aliyuncs.com/b8383d4f-c751-4ed1-b2c0-f338f3b455b8.png','橙色'),(136,1,1,'https://pgen.oss-cn-guangzhou.aliyuncs.com/61bf6dbe-6a85-4fec-8646-0eb3dda86097.png','白色'),(137,1,1,'https://pgen.oss-cn-guangzhou.aliyuncs.com/a46f4040-7fee-4572-acb3-38581d829661.png','粉色'),(138,1,1,'https://pgen.oss-cn-guangzhou.aliyuncs.com/aef634ad-af78-4e5e-8783-819a6d9fac12.png','紫色'),(139,1,1,'https://pgen.oss-cn-guangzhou.aliyuncs.com/10443c83-e318-4a7b-9f49-298f31c23963.png','红色'),(140,1,1,'https://pgen.oss-cn-guangzhou.aliyuncs.com/2a6d04eb-10fb-4079-90a4-0eaf9c2ef7d1.png','绿色'),(141,1,1,'https://pgen.oss-cn-guangzhou.aliyuncs.com/0dbf1404-c826-4ced-9e04-0e4360d95695.png','蓝色'),(142,1,1,'https://pgen.oss-cn-guangzhou.aliyuncs.com/7245cfe8-0789-4e7d-8c14-e95c1f010b89.png','黄色'),(143,1,1,'https://pgen.oss-cn-guangzhou.aliyuncs.com/06672707-a782-4146-8015-4502db52618a.png','黑色'),(144,1,1,'https://pgen.oss-cn-guangzhou.aliyuncs.com/d191e23a-08a7-4f8d-98f8-61bae7b55621.png','橙色'),(145,1,1,'https://pgen.oss-cn-guangzhou.aliyuncs.com/59b8dc5a-1480-4e56-a4fe-7d76a5fdec7b.png','白色'),(146,1,1,'https://pgen.oss-cn-guangzhou.aliyuncs.com/697e4b79-89c3-416e-8856-442de4c62e18.png','粉色'),(147,1,1,'https://pgen.oss-cn-guangzhou.aliyuncs.com/82305155-4134-4c7c-84ef-2e2b5ebb185f.png','紫色'),(148,1,1,'https://pgen.oss-cn-guangzhou.aliyuncs.com/7e4121bc-56a1-4a0e-9088-dd6eb2d0a855.png','红色'),(149,1,1,'https://pgen.oss-cn-guangzhou.aliyuncs.com/4733db14-9cc6-419b-b198-66583e1441f0.png','绿色'),(150,1,1,'https://pgen.oss-cn-guangzhou.aliyuncs.com/b4ac970a-40ff-4954-bbc8-124fb5bee7c7.png','蓝色'),(151,1,1,'https://pgen.oss-cn-guangzhou.aliyuncs.com/2b1125c4-3905-4067-9a77-fbdf7873319c.png','黄色'),(152,1,1,'https://pgen.oss-cn-guangzhou.aliyuncs.com/449b208f-2435-4cf8-a035-ec6b46399321.png','黑色'),(153,1,1,'https://pgen.oss-cn-guangzhou.aliyuncs.com/208e87fb-6732-49d4-86b6-dc27e7600409.png','橙色'),(154,1,1,'https://pgen.oss-cn-guangzhou.aliyuncs.com/f89fd91d-15db-47f6-a495-022ffdb802d5.png','白色'),(155,1,1,'https://pgen.oss-cn-guangzhou.aliyuncs.com/e1248420-f86d-43fc-bb1e-bfc3771c45e4.png','粉色'),(156,1,1,'https://pgen.oss-cn-guangzhou.aliyuncs.com/59499d3e-90eb-4328-b3c9-a710d7e99b83.png','紫色'),(157,1,1,'https://pgen.oss-cn-guangzhou.aliyuncs.com/b60134b0-d98c-4329-bb22-409154a635b5.png','红色'),(158,1,1,'https://pgen.oss-cn-guangzhou.aliyuncs.com/2a375eb2-ff7e-4f3b-917a-f2bffd8bd0a0.png','绿色'),(159,1,1,'https://pgen.oss-cn-guangzhou.aliyuncs.com/4957debd-a74b-4e8a-b981-9bf2a39f40fd.png','蓝色'),(160,1,1,'https://pgen.oss-cn-guangzhou.aliyuncs.com/99e11c9f-ffae-422c-932a-2370fddb90e6.png','黄色'),(161,1,1,'https://pgen.oss-cn-guangzhou.aliyuncs.com/f1fb2b88-9352-4947-a46b-3234bb1532d8.png','黑色'),(162,1,1,'https://pgen.oss-cn-guangzhou.aliyuncs.com/b9bd9809-bc88-43dc-b56b-a3353ac4c7e9.png','橙色'),(163,1,1,'https://pgen.oss-cn-guangzhou.aliyuncs.com/0405850e-4ca2-4a08-aaa8-1ae64cca71cd.png','白色'),(164,1,1,'https://pgen.oss-cn-guangzhou.aliyuncs.com/104c4c6e-c444-4d8f-9e8d-27ad152d5568.png','粉色'),(165,1,1,'https://pgen.oss-cn-guangzhou.aliyuncs.com/60b95def-70a3-4267-9e7b-bedabd6059d4.png','紫色'),(166,1,1,'https://pgen.oss-cn-guangzhou.aliyuncs.com/5128d682-20ba-4bb9-adfb-b8907ab83e25.png','红色'),(167,1,1,'https://pgen.oss-cn-guangzhou.aliyuncs.com/c28892b0-3ede-4f17-b99d-dcff97d2296e.png','绿色'),(168,1,1,'https://pgen.oss-cn-guangzhou.aliyuncs.com/8a492e30-d4fa-41eb-8166-d40e7584d0c3.png','蓝色'),(169,1,1,'https://pgen.oss-cn-guangzhou.aliyuncs.com/7abd5656-497b-42e1-be57-b0bb2cc900cc.png','黄色'),(170,1,1,'https://pgen.oss-cn-guangzhou.aliyuncs.com/c50618b1-200b-43dc-a41d-1d36bc5c2e85.png','黑色'),(171,1,1,'https://pgen.oss-cn-guangzhou.aliyuncs.com/82db6944-a6ae-4c5d-b820-dd345defcc84.png','橙色'),(172,1,1,'https://pgen.oss-cn-guangzhou.aliyuncs.com/dcf8539f-d2e9-4434-b9dc-e6c7e4c73865.png','白色'),(173,1,1,'https://pgen.oss-cn-guangzhou.aliyuncs.com/a8f7388d-8c5c-4354-823a-de1a6c3d2ff3.png','粉色'),(174,1,1,'https://pgen.oss-cn-guangzhou.aliyuncs.com/5da0f1c6-7a44-4b79-9371-5d4e7c06ea04.png','紫色'),(175,1,1,'https://pgen.oss-cn-guangzhou.aliyuncs.com/596f332b-5acf-4e56-81af-0afad8954ad6.png','红色'),(176,1,1,'https://pgen.oss-cn-guangzhou.aliyuncs.com/105f3035-f57d-4c8b-8e60-56ef69433aaf.png','绿色'),(177,1,1,'https://pgen.oss-cn-guangzhou.aliyuncs.com/a69a99a2-2448-44e9-adfc-67d7368d250e.png','蓝色'),(178,1,1,'https://pgen.oss-cn-guangzhou.aliyuncs.com/b3ae2fdf-49d5-4b66-9872-2daf828d0bb9.png','黄色'),(179,1,1,'https://pgen.oss-cn-guangzhou.aliyuncs.com/603e64ee-1126-424f-a470-d720c5b9106d.png','黑色'),(180,1,0,'https://pgen.oss-cn-guangzhou.aliyuncs.com/075ca8cf-76db-4939-9be5-f25c42bf5c4b.png','橙色'),(181,1,0,'https://pgen.oss-cn-guangzhou.aliyuncs.com/b34def3a-a708-42f1-9d1e-cd1c9ff8fd99.png','白色'),(182,1,0,'https://pgen.oss-cn-guangzhou.aliyuncs.com/fa81c2e2-8a6a-4a21-9e8b-b3043248bcd4.png','粉色'),(183,1,0,'https://pgen.oss-cn-guangzhou.aliyuncs.com/526aa7f3-4dae-47a5-b6b4-444a4b3dd5a4.png','紫色'),(184,1,0,'https://pgen.oss-cn-guangzhou.aliyuncs.com/df41569d-e9db-4931-a956-7220b4b0597b.png','红色'),(185,1,0,'https://pgen.oss-cn-guangzhou.aliyuncs.com/8009d6e9-baec-43d7-bcc8-c591970a6275.png','绿色'),(186,1,0,'https://pgen.oss-cn-guangzhou.aliyuncs.com/025ceced-1803-4382-96bf-64dd7cfe130a.png','蓝色'),(187,1,0,'https://pgen.oss-cn-guangzhou.aliyuncs.com/640c5af4-c0b8-4dce-9757-c5c94e965df6.png','黄色'),(188,1,0,'https://pgen.oss-cn-guangzhou.aliyuncs.com/7f11beb0-895c-436f-a1a6-1745f0cfb595.png','黑色'),(189,1,0,'https://pgen.oss-cn-guangzhou.aliyuncs.com/c6e0598f-1c3f-451f-ae92-cc14b4eff3fe.png','橙色'),(190,1,0,'https://pgen.oss-cn-guangzhou.aliyuncs.com/6bba1106-0afa-432a-a902-164977114a53.png','白色'),(191,1,0,'https://pgen.oss-cn-guangzhou.aliyuncs.com/34e9718f-c415-4dce-9d0b-c7a36d6f97f4.png','粉色'),(192,1,0,'https://pgen.oss-cn-guangzhou.aliyuncs.com/5c9cd627-1787-4207-ae55-aef1a0b25b57.png','紫色'),(193,1,0,'https://pgen.oss-cn-guangzhou.aliyuncs.com/b22d20b7-f88a-4c42-9ff9-b276a6d81f04.png','红色'),(194,1,0,'https://pgen.oss-cn-guangzhou.aliyuncs.com/9e491b2f-5927-4ed7-a690-be5057c96597.png','绿色'),(195,1,0,'https://pgen.oss-cn-guangzhou.aliyuncs.com/ff9ea2b6-971f-409d-86df-05a5b36c693a.png','蓝色'),(196,1,0,'https://pgen.oss-cn-guangzhou.aliyuncs.com/b255e0c5-8ec9-4d4e-a314-1cbf9eb97df3.png','黄色'),(197,1,0,'https://pgen.oss-cn-guangzhou.aliyuncs.com/3c1ec079-6198-47fb-a608-faca6219499e.png','黑色'),(198,1,0,'https://pgen.oss-cn-guangzhou.aliyuncs.com/feeb482e-1149-4462-978f-6c27c348cf0c.png','橙色'),(199,1,0,'https://pgen.oss-cn-guangzhou.aliyuncs.com/685dd82c-2f76-4284-8f8a-c3b006374d57.png','白色'),(200,1,0,'https://pgen.oss-cn-guangzhou.aliyuncs.com/2e17560b-5d83-4d0c-97a8-5cd6fff97500.png','粉色'),(201,1,0,'https://pgen.oss-cn-guangzhou.aliyuncs.com/1a864071-acda-46b3-85e9-2233b72bb0b9.png','紫色'),(202,1,0,'https://pgen.oss-cn-guangzhou.aliyuncs.com/45ab78e7-e6da-4491-a071-cfcae5f9f7d6.png','红色'),(203,1,0,'https://pgen.oss-cn-guangzhou.aliyuncs.com/729990d4-492f-4bea-88a3-60166b397a8d.png','绿色'),(204,1,0,'https://pgen.oss-cn-guangzhou.aliyuncs.com/851f6171-3b12-4528-8945-d6265ba071fc.png','蓝色'),(205,1,0,'https://pgen.oss-cn-guangzhou.aliyuncs.com/9c905e9e-0cca-4b21-9db3-81c79986ef1c.png','黄色'),(206,1,0,'https://pgen.oss-cn-guangzhou.aliyuncs.com/d44931cc-4487-4b45-beb5-d36a6d4e9358.png','黑色'),(207,1,0,'https://pgen.oss-cn-guangzhou.aliyuncs.com/699dcaf2-3830-4384-984d-6600d8a31ca4.png','橙色'),(208,1,0,'https://pgen.oss-cn-guangzhou.aliyuncs.com/46fd12be-aaaa-4cd7-95f3-c805a0384b11.png','白色'),(209,1,0,'https://pgen.oss-cn-guangzhou.aliyuncs.com/93a2e631-600e-403d-959d-b48c25f94c34.png','粉色'),(210,1,0,'https://pgen.oss-cn-guangzhou.aliyuncs.com/cef7278d-8bfa-400f-bc47-d33846d86203.png','紫色'),(211,1,0,'https://pgen.oss-cn-guangzhou.aliyuncs.com/8046f98e-b7b1-4a57-b353-cffba3eed8a4.png','红色'),(212,1,0,'https://pgen.oss-cn-guangzhou.aliyuncs.com/97472140-93fb-4b6a-acfb-cb8ed1089cd9.png','绿色'),(213,1,0,'https://pgen.oss-cn-guangzhou.aliyuncs.com/c44890a7-70bc-485c-91ad-e12768656623.png','蓝色'),(214,1,0,'https://pgen.oss-cn-guangzhou.aliyuncs.com/05638246-a2dc-421f-863e-edbf8d593fbe.png','黄色'),(215,1,0,'https://pgen.oss-cn-guangzhou.aliyuncs.com/11a6f8a6-e78c-4e6a-9ab8-945d52f26c1d.png','黑色'),(216,1,0,'https://pgen.oss-cn-guangzhou.aliyuncs.com/4f307f1c-ce40-456e-bbef-480b0451a64d.png','橙色'),(217,1,0,'https://pgen.oss-cn-guangzhou.aliyuncs.com/87e23b1e-c8e6-4e29-9d7a-ebd8ddd27f06.png','白色'),(218,1,0,'https://pgen.oss-cn-guangzhou.aliyuncs.com/425ebf84-9c5f-4fde-bbc0-982eb960ed51.png','粉色'),(219,1,0,'https://pgen.oss-cn-guangzhou.aliyuncs.com/c6d85ab8-d3c3-4ff4-8a15-af80ae47d397.png','紫色'),(220,1,0,'https://pgen.oss-cn-guangzhou.aliyuncs.com/0eb77def-82da-4b41-94d7-1e5c78de5bb2.png','红色'),(221,1,0,'https://pgen.oss-cn-guangzhou.aliyuncs.com/1caf5498-dbe5-4821-aa1d-f876adfaed18.png','绿色'),(222,1,0,'https://pgen.oss-cn-guangzhou.aliyuncs.com/ef86ab3f-6493-49c1-810d-fffdf7acdcfd.png','蓝色'),(223,1,0,'https://pgen.oss-cn-guangzhou.aliyuncs.com/59511067-88f0-4032-8d0e-2393f8572b8b.png','黄色'),(224,1,0,'https://pgen.oss-cn-guangzhou.aliyuncs.com/30be911c-ff4c-4a7d-856a-afad2ab02f6b.png','黑色'),(261,2,1,'https://pgen.oss-cn-guangzhou.aliyuncs.com/ec8b16e1-24e0-4f49-bfa6-85fe7ef91015.png','橙色'),(262,2,1,'https://pgen.oss-cn-guangzhou.aliyuncs.com/35d393ae-e408-4e25-b299-b33bedb4a236.png','白色'),(263,2,1,'https://pgen.oss-cn-guangzhou.aliyuncs.com/13c45031-585c-4eec-bcaa-63fe0ddcba75.png','粉色'),(264,2,1,'https://pgen.oss-cn-guangzhou.aliyuncs.com/33542e73-56c5-4e80-91c8-975ef5095251.png','紫色'),(265,2,1,'https://pgen.oss-cn-guangzhou.aliyuncs.com/d2c98fda-d2b9-420d-a4bc-aa960c8151af.png','红色'),(266,2,1,'https://pgen.oss-cn-guangzhou.aliyuncs.com/fb209aea-d4a6-4a47-bca2-d5d0d251095c.png','绿色'),(267,2,1,'https://pgen.oss-cn-guangzhou.aliyuncs.com/7da01c7c-8c62-4413-b3c0-b134da2fbf24.png','蓝色'),(268,2,1,'https://pgen.oss-cn-guangzhou.aliyuncs.com/8c929c70-4b2b-4625-b3d5-0d267327cc0d.png','黄色'),(269,2,1,'https://pgen.oss-cn-guangzhou.aliyuncs.com/02eb9616-b581-4ccb-b6f2-c5680ec5d31b.png','黑色'),(270,2,1,'https://pgen.oss-cn-guangzhou.aliyuncs.com/1fa307be-efbf-47f9-8937-b22ad9808049.png','橙色'),(271,2,1,'https://pgen.oss-cn-guangzhou.aliyuncs.com/2ff08079-cb93-49be-a565-535df70c4603.png','白色'),(272,2,1,'https://pgen.oss-cn-guangzhou.aliyuncs.com/54e69844-4ffc-4cc9-92c4-4ceb5ef3f5da.png','粉色'),(273,2,1,'https://pgen.oss-cn-guangzhou.aliyuncs.com/521886ee-0112-46e9-9e4f-4d2893cac0bb.png','紫色'),(274,2,1,'https://pgen.oss-cn-guangzhou.aliyuncs.com/ed38a220-ee1a-4d3c-bef3-fd2c20535554.png','红色'),(275,2,1,'https://pgen.oss-cn-guangzhou.aliyuncs.com/684c2ccc-a185-4e74-8bb6-d7c89aa7868a.png','绿色'),(276,2,1,'https://pgen.oss-cn-guangzhou.aliyuncs.com/c14d298e-5249-4243-a1d2-c0eeaf642895.png','蓝色'),(277,2,1,'https://pgen.oss-cn-guangzhou.aliyuncs.com/58046b52-b451-4d03-97b9-b87ab9c5494a.png','黄色'),(278,2,1,'https://pgen.oss-cn-guangzhou.aliyuncs.com/d12ff0e9-ef07-4f4a-ba5c-cc59792ffb94.png','黑色');
/*!40000 ALTER TABLE `chapter_template_show_table` ENABLE KEYS */;
UNLOCK TABLES;

--
-- Table structure for table `markdown_table`
--

DROP TABLE IF EXISTS `markdown_table`;
/*!40101 SET @saved_cs_client     = @@character_set_client */;
/*!50503 SET character_set_client = utf8mb4 */;
CREATE TABLE `markdown_table` (
  `id` int unsigned NOT NULL AUTO_INCREMENT COMMENT 'md文件id',
  `filename` varchar(100) NOT NULL COMMENT '文件名',
  `uid` int NOT NULL COMMENT '用户id',
  `stream_id` varchar(100) NOT NULL COMMENT '流编号',
  `create_time` datetime NOT NULL COMMENT '创建时间',
  PRIMARY KEY (`id`),
  KEY `markdown_table_user_table_uid_fk` (`uid`),
  CONSTRAINT `markdown_table_user_table_uid_fk` FOREIGN KEY (`uid`) REFERENCES `user_table` (`uid`) ON DELETE CASCADE
) ENGINE=InnoDB AUTO_INCREMENT=82 DEFAULT CHARSET=utf8mb4 COLLATE=utf8mb4_0900_ai_ci COMMENT='储存生成的md';
/*!40101 SET character_set_client = @saved_cs_client */;

--
-- Dumping data for table `markdown_table`
--

LOCK TABLES `markdown_table` WRITE;
/*!40000 ALTER TABLE `markdown_table` DISABLE KEYS */;
INSERT INTO `markdown_table` VALUES (13,'战斧牛扒_stream08db88bbd4b4435c9322543099aa013a.md',1,'stream08db88bbd4b4435c9322543099aa013a','2024-05-02 15:39:02'),(14,'笔记本电脑_stream62a0ebd2af8845d59b8fc8e691e7a9eb.md',1,'stream62a0ebd2af8845d59b8fc8e691e7a9eb','2024-05-03 11:51:48'),(15,'不想上学_stream8429b69598b34e7bbb6fcd7a355d781b.md',1,'stream8429b69598b34e7bbb6fcd7a355d781b','2024-05-03 17:19:59'),(16,'不想上学_streamb75ce93fb9044759ad785eecd4115ce9.md',1,'streamb75ce93fb9044759ad785eecd4115ce9','2024-05-03 18:41:57'),(17,'Linux大家族_streamfe5c650c8b59464fb24a6b2e4462a8d9.md',1,'streamfe5c650c8b59464fb24a6b2e4462a8d9','2024-05-03 20:41:40'),(18,'跨域问题_streamdb86e689007649928852cf75d2666400.md',1,'streamdb86e689007649928852cf75d2666400','2024-05-05 00:27:13'),(19,'文件编码_stream52a879df3191422ca9394ebdcae71990.md',1,'stream52a879df3191422ca9394ebdcae71990','2024-05-05 01:18:35'),(20,'香辣鳕鱼皮_stream4eebea7d54224373b86238bc8bec9d8a.md',1,'stream4eebea7d54224373b86238bc8bec9d8a','2024-05-07 01:49:06'),(21,'stream52b9a67c34194ba38044609c3ca80e0d.md',1,'stream52b9a67c34194ba38044609c3ca80e0d','2024-05-08 19:02:31'),(22,'stream98ee1b81d4f8416ab55be3093cdaac16.md',1,'stream98ee1b81d4f8416ab55be3093cdaac16','2024-05-08 19:09:02'),(23,'streamb2db960fcfec494abf3460f56b2a8cc4.md',1,'streamb2db960fcfec494abf3460f56b2a8cc4','2024-05-08 19:18:33'),(24,'streamd524ba5b6b1b455ca6dec92c4160aa89.md',1,'streamd524ba5b6b1b455ca6dec92c4160aa89','2024-05-08 19:39:40'),(25,'stream115ef7c25b44436395a4931f11a0669b.md',1,'stream115ef7c25b44436395a4931f11a0669b','2024-05-08 19:42:34'),(26,'streame81b7a9796f542c5bc5ccd82c2e86262.md',1,'streame81b7a9796f542c5bc5ccd82c2e86262','2024-05-08 19:47:50'),(27,'streamdb66dc04eeb34c16b06ae07c4e37e1c2.md',1,'streamdb66dc04eeb34c16b06ae07c4e37e1c2','2024-05-08 19:54:18'),(28,'streambb261e08b0ab46b5bafc13f5c091aba2.md',1,'streambb261e08b0ab46b5bafc13f5c091aba2','2024-05-08 20:13:19'),(29,'stream39fa4ffb43ba402088f0b67c998572c5.md',1,'stream39fa4ffb43ba402088f0b67c998572c5','2024-05-08 20:21:38'),(30,'stream5b62ad836a664c6ba6bb6a5741e60ca2.md',1,'stream5b62ad836a664c6ba6bb6a5741e60ca2','2024-05-08 20:26:20'),(31,'streamc778dba8297b4ef39d3f098ce3035cde.md',1,'streamc778dba8297b4ef39d3f098ce3035cde','2024-05-08 20:33:35'),(32,'streamcf3d49ebfcc2483e9f98294319fa6955.md',1,'streamcf3d49ebfcc2483e9f98294319fa6955','2024-05-09 22:33:03'),(33,'streamf74896807969457396a68f17d744f80f.md',1,'streamf74896807969457396a68f17d744f80f','2024-05-09 22:36:15'),(34,'stream94eaf7314de6497c9e082a8c1a41aebb.md',1,'stream94eaf7314de6497c9e082a8c1a41aebb','2024-05-10 11:08:16'),(35,'stream480c080f7be6454d9f6f5f901e00a520.md',1,'stream480c080f7be6454d9f6f5f901e00a520','2024-05-10 12:00:34'),(36,'stream7923870ccc70426bae8a827ba1d4d8ca.md',1,'stream7923870ccc70426bae8a827ba1d4d8ca','2024-05-10 12:04:31'),(37,'stream6b553433e43a4c46a63ae7c40e6dbfa5.md',1,'stream6b553433e43a4c46a63ae7c40e6dbfa5','2024-05-10 12:05:45'),(38,'stream73fce974bf9443a0ad17778e92b041e1.md',1,'stream73fce974bf9443a0ad17778e92b041e1','2024-05-10 12:16:37'),(39,'stream3208c579fd664e5ca6e1dcf7069c1ce8.md',1,'stream3208c579fd664e5ca6e1dcf7069c1ce8','2024-05-10 12:20:58'),(40,'stream44b615991c61409ab566a257b8cb266f.md',1,'stream44b615991c61409ab566a257b8cb266f','2024-05-10 12:24:21'),(41,'stream00905bd8d4cf46b3bd6be55c8d020216.md',1,'stream00905bd8d4cf46b3bd6be55c8d020216','2024-05-10 13:10:50'),(42,'stream38d44b893c4c4dd3814c3065f19493d6.md',1,'stream38d44b893c4c4dd3814c3065f19493d6','2024-05-10 13:12:59'),(43,'streamc14b9147d24e4560a30cf366417c247b.md',1,'streamc14b9147d24e4560a30cf366417c247b','2024-05-10 13:18:16'),(44,'stream346cf6054ebd4520bc32899c72fb0c1c.md',1,'stream346cf6054ebd4520bc32899c72fb0c1c','2024-05-10 13:27:33'),(45,'streamc337e69769cf405086197d7514aa563a.md',16,'streamc337e69769cf405086197d7514aa563a','2024-05-10 17:26:33'),(46,'streamcfb1bf9b21684f0f9131dd34a57e3f52.md',14,'streamcfb1bf9b21684f0f9131dd34a57e3f52','2024-05-10 17:43:19'),(47,'stream742eae16b9824a32969f8b38670fff9d.md',16,'stream742eae16b9824a32969f8b38670fff9d','2024-05-10 17:44:15'),(48,'stream1d4cb8f8d279449aadaa2520b6df34bb.md',14,'stream1d4cb8f8d279449aadaa2520b6df34bb','2024-05-10 20:44:37'),(49,'streamdcd266adee2f40098c2ea9299785f755.md',15,'streamdcd266adee2f40098c2ea9299785f755','2024-05-10 20:46:38'),(50,'stream5e2eebff576e4ad9a4847a3e5ac73eaa.md',1,'stream5e2eebff576e4ad9a4847a3e5ac73eaa','2024-05-11 00:38:43'),(51,'streamb5095b205542435a91c44ab029b5c601.md',1,'streamb5095b205542435a91c44ab029b5c601','2024-05-11 09:25:34'),(52,'stream9f5ed29a337c4a3da804d1cbceac9b8c.md',1,'stream9f5ed29a337c4a3da804d1cbceac9b8c','2024-05-11 21:21:33'),(53,'streamcc7f3afdf8044c4f8c6e6e18ab62520c.md',14,'streamcc7f3afdf8044c4f8c6e6e18ab62520c','2024-05-11 21:49:22'),(54,'stream8d30af6499c849548aaf3120550dffeb.md',17,'stream8d30af6499c849548aaf3120550dffeb','2024-05-11 22:04:01'),(55,'streamaf4d884ba41d4dbcb3cf221deca26eae.md',17,'streamaf4d884ba41d4dbcb3cf221deca26eae','2024-05-11 22:05:41'),(56,'streama208cbd661b0414e9fa7e9b61354a02f.md',17,'streama208cbd661b0414e9fa7e9b61354a02f','2024-05-11 22:20:17'),(57,'streamfe6da0df7ea4431ca6b700495adc2207.md',20,'streamfe6da0df7ea4431ca6b700495adc2207','2024-05-12 00:38:05'),(58,'streamf48f0b54f42a445b83df2157c3ec4353.md',1,'streamf48f0b54f42a445b83df2157c3ec4353','2024-05-12 01:19:56'),(59,'streamff8e584b8f7e4f71b51b0bb7f9fca638.md',21,'streamff8e584b8f7e4f71b51b0bb7f9fca638','2024-05-12 10:13:13'),(60,'streama3b9b08e71964bdfb6a642f7ce738c8b.md',14,'streama3b9b08e71964bdfb6a642f7ce738c8b','2024-05-12 12:10:07'),(61,'stream32c01fd5716d4a1aa26d9dd76ac19c41.md',14,'stream32c01fd5716d4a1aa26d9dd76ac19c41','2024-05-12 16:02:00'),(62,'stream9253af9ed9c5400380d581387d39723c.md',14,'stream9253af9ed9c5400380d581387d39723c','2024-05-12 16:37:22'),(63,'stream663f7107df074454abe6508933283f1a.md',1,'stream663f7107df074454abe6508933283f1a','2024-05-12 17:00:23'),(64,'stream854b6824e2054d139878823258df1ded.md',1,'stream854b6824e2054d139878823258df1ded','2024-05-12 17:09:05'),(65,'stream7fd3393e25cf436bbfb38552d623dde2.md',16,'stream7fd3393e25cf436bbfb38552d623dde2','2024-05-17 20:50:55'),(66,'stream71284b08f8ba49a79e097d0f4dffd6ff.md',23,'stream71284b08f8ba49a79e097d0f4dffd6ff','2024-05-17 20:57:37'),(67,'stream7859a6823a854f529520ab8b597c669d.md',14,'stream7859a6823a854f529520ab8b597c669d','2024-05-18 00:00:37'),(68,'stream9db09d84892c4deb92e235b818842631.md',14,'stream9db09d84892c4deb92e235b818842631','2024-05-18 14:56:38'),(69,'stream9960bd06169c40fd8b3259cb5ea0d623.md',14,'stream9960bd06169c40fd8b3259cb5ea0d623','2024-05-20 15:59:06'),(70,'streamc91e20c4ff5640ca86ecf69e5e6ec714.md',20,'streamc91e20c4ff5640ca86ecf69e5e6ec714','2024-05-21 22:43:53'),(71,'stream752cc374791a4b70a3b7bc696920b301.md',14,'stream752cc374791a4b70a3b7bc696920b301','2024-05-21 22:57:34'),(72,'streamf19219019bf246fbb8e86486eddeccc1.md',20,'streamf19219019bf246fbb8e86486eddeccc1','2024-05-21 22:57:35'),(73,'stream3a720162e11844e18df100e362542e9a.md',20,'stream3a720162e11844e18df100e362542e9a','2024-05-21 23:00:40'),(74,'stream2b89f05ee9c349da86c952741d74f86c.md',20,'stream2b89f05ee9c349da86c952741d74f86c','2024-05-21 23:01:45'),(75,'stream49b08b46c4354d1a8d2deab175c7b114.md',20,'stream49b08b46c4354d1a8d2deab175c7b114','2024-05-21 23:03:37'),(76,'stream89e9cba48f444bd3bfbfaadfe239e46a.md',26,'stream89e9cba48f444bd3bfbfaadfe239e46a','2024-05-24 20:12:14'),(77,'streamd53e3d241d8b47f78a059487ecf582af.md',27,'streamd53e3d241d8b47f78a059487ecf582af','2024-05-25 14:11:49'),(78,'streamce1598a9a6c649cfa4d2f615485d8b91.md',30,'streamce1598a9a6c649cfa4d2f615485d8b91','2024-05-27 15:37:47'),(79,'stream7b33fa1e12014cffb228e2fc3bbc1fde.md',31,'stream7b33fa1e12014cffb228e2fc3bbc1fde','2024-05-27 16:11:25'),(80,'stream3058b101e35c4c4d821f8c535731f31f.md',31,'stream3058b101e35c4c4d821f8c535731f31f','2024-05-27 16:21:50'),(81,'stream878723ee75ae4c85ba142536734e322f.md',14,'stream878723ee75ae4c85ba142536734e322f','2024-05-28 15:23:12');
/*!40000 ALTER TABLE `markdown_table` ENABLE KEYS */;
UNLOCK TABLES;

--
-- Table structure for table `ppt_record_table`
--

DROP TABLE IF EXISTS `ppt_record_table`;
/*!40101 SET @saved_cs_client     = @@character_set_client */;
/*!50503 SET character_set_client = utf8mb4 */;
CREATE TABLE `ppt_record_table` (
  `id` int unsigned NOT NULL AUTO_INCREMENT COMMENT 'ID',
  `uid` int NOT NULL COMMENT '归属的用户的uid',
  `topic` varchar(100) NOT NULL COMMENT 'ppt标题',
  `filename` varchar(100) NOT NULL COMMENT '记录文件名',
  `image_URL` varchar(100) NOT NULL,
  `update_time` datetime NOT NULL COMMENT '更新时间',
  PRIMARY KEY (`id`),
  KEY `ppt_record_table_user_table_uid_fk` (`uid`),
  CONSTRAINT `ppt_record_table_user_table_uid_fk` FOREIGN KEY (`uid`) REFERENCES `user_table` (`uid`) ON DELETE CASCADE
) ENGINE=InnoDB AUTO_INCREMENT=63 DEFAULT CHARSET=utf8mb4 COLLATE=utf8mb4_0900_ai_ci COMMENT='ppt记录表';
/*!40101 SET character_set_client = @saved_cs_client */;

--
-- Dumping data for table `ppt_record_table`
--

LOCK TABLES `ppt_record_table` WRITE;
/*!40000 ALTER TABLE `ppt_record_table` DISABLE KEYS */;
INSERT INTO `ppt_record_table` VALUES (12,1,'炸鸡的艺术','炸鸡的艺术_5fdf95a6-ce4f-469b-8837-4322e1379a57','https://pgen.oss-cn-guangzhou.aliyuncs.com/cae2be0c-a73f-40fc-9c49-7164f7ea69fb.png','2024-05-10 01:48:34'),(14,1,'汉堡','汉堡_41b945d8-66a5-4898-b5fc-b7a0c9c6f9f9','https://pgen.oss-cn-guangzhou.aliyuncs.com/4b25d18f-73db-4340-b89d-93509ff21403.png','2024-05-10 01:05:51'),(16,1,'鸡翅真棒','鸡翅真棒_51ba6476-da4f-4171-8f5b-aa6453058dc9','https://pgen.oss-cn-guangzhou.aliyuncs.com/dbb01ffc-fdc8-420d-92e3-97c606a7ea8c.png','2024-05-10 11:29:29'),(18,1,'跨域问题详解','跨域问题详解_03917435-7460-40c6-9a78-b6a2a28bff1a','https://pgen.oss-cn-guangzhou.aliyuncs.com/b78004de-bde2-4461-8dab-1ac1d36debbf.png','2024-05-10 11:29:22'),(21,1,'青团','青团_7ed598be-b8b8-4260-8bb9-8efb8be7ac39','https://pgen.oss-cn-guangzhou.aliyuncs.com/d6e40823-a924-4098-87c9-e3bd94138575.png','2024-05-10 11:29:14'),(23,1,'我讨厌UML','我讨厌UML_stream480c080f7be6454d9f6f5f901e00a520','https://pgen.oss-cn-guangzhou.aliyuncs.com/0c481a94-78f8-4254-bc3c-31e9bb104cd6.png','2024-05-10 12:00:50'),(24,1,'我恨学校','我恨学校_8e8fb27a-c369-408d-a5d2-de584d0d4068','https://pgen.oss-cn-guangzhou.aliyuncs.com/0c481a94-78f8-4254-bc3c-31e9bb104cd6.png','2024-05-10 12:07:05'),(25,1,'不素之霸','不素之霸_78b9251c-d545-4868-8a44-ba80481d9522','https://pgen.oss-cn-guangzhou.aliyuncs.com/4b25d18f-73db-4340-b89d-93509ff21403.png','2024-05-10 12:17:42'),(26,1,'麦当劳汉堡','麦当劳汉堡_stream3208c579fd664e5ca6e1dcf7069c1ce8','https://pgen.oss-cn-guangzhou.aliyuncs.com/0c481a94-78f8-4254-bc3c-31e9bb104cd6.png','2024-05-10 12:21:13'),(27,1,'金渐层','金渐层_stream44b615991c61409ab566a257b8cb266f','https://pgen.oss-cn-guangzhou.aliyuncs.com/0c481a94-78f8-4254-bc3c-31e9bb104cd6.png','2024-05-10 12:24:38'),(29,1,'金渐层','金渐层_e3e895d2-fe33-4501-a2a2-795450b79b29','https://pgen.oss-cn-guangzhou.aliyuncs.com/d6e40823-a924-4098-87c9-e3bd94138575.png','2024-05-10 21:16:48'),(30,1,'广州','广州_2555dcf0-4338-4b63-8190-f3e8a9ecd0fe','https://pgen.oss-cn-guangzhou.aliyuncs.com/cae2be0c-a73f-40fc-9c49-7164f7ea69fb.png','2024-05-10 21:11:35'),(31,1,'肠粉','肠粉_stream346cf6054ebd4520bc32899c72fb0c1c','https://pgen.oss-cn-guangzhou.aliyuncs.com/0c481a94-78f8-4254-bc3c-31e9bb104cd6.png','2024-05-10 13:27:56'),(32,16,'战斧牛扒与青岛龙虾','战斧牛扒与青岛龙虾_f44694b0-0d9c-4e11-9684-28cab62af509','https://pgen.oss-cn-guangzhou.aliyuncs.com/0c481a94-78f8-4254-bc3c-31e9bb104cd6.png','2024-05-11 01:17:56'),(33,14,'绿毛鸭','绿毛鸭_813b134a-fe83-475b-be1b-21364be9356f','https://pgen.oss-cn-guangzhou.aliyuncs.com/dbb01ffc-fdc8-420d-92e3-97c606a7ea8c.png','2024-05-18 11:52:48'),(34,16,'鸡锁骨的制作方式','鸡锁骨的制作方式_ca8b1b9c-a0e7-4471-8f7d-334e019c9d8e','https://pgen.oss-cn-guangzhou.aliyuncs.com/0be3238d-d5cc-439c-8731-2ee8778b0f6c.png','2024-05-10 18:58:20'),(35,1,'咖喱的起源','咖喱的起源_ce1fe853-9d4c-4fcd-a487-3d3c04e5edba','https://pgen.oss-cn-guangzhou.aliyuncs.com/0c481a94-78f8-4254-bc3c-31e9bb104cd6.png','2024-05-12 01:17:34'),(36,1,'计算机的发展历程与未来趋势','计算机的发展历程与未来趋势_7d48d250-43ec-4e5c-9106-017db03ec86c','https://pgen.oss-cn-guangzhou.aliyuncs.com/0c481a94-78f8-4254-bc3c-31e9bb104cd6.png','2024-05-12 01:14:58'),(37,1,'我爱西瓜(演示标题)','我爱西瓜(演示标题)_a0af1e0f-3215-44d0-a833-f0710e00f65a','https://pgen.oss-cn-guangzhou.aliyuncs.com/dbb01ffc-fdc8-420d-92e3-97c606a7ea8c.png','2024-05-11 21:24:50'),(38,14,'小笼包','小笼包_d6caf5a1-af5b-40a5-b2d1-e11fd52e8517','https://pgen.oss-cn-guangzhou.aliyuncs.com/4c15dbf8-e2db-45f6-9281-ea5da6e43513.png','2024-05-12 01:49:57'),(39,17,'唐宋八大家简介','唐宋八大家简介_548821a7-099a-4168-8960-b0aec87ad5eb','https://pgen.oss-cn-guangzhou.aliyuncs.com/d6e40823-a924-4098-87c9-e3bd94138575.png','2024-05-11 22:14:19'),(40,17,'小学班主任的职业压力分析','小学班主任的职业压力分析_f35c601f-5034-4897-909d-342302d934e7','https://pgen.oss-cn-guangzhou.aliyuncs.com/0be3238d-d5cc-439c-8731-2ee8778b0f6c.png','2024-05-11 22:22:35'),(41,20,'母亲节','母亲节_streamfe6da0df7ea4431ca6b700495adc2207','https://pgen.oss-cn-guangzhou.aliyuncs.com/0c481a94-78f8-4254-bc3c-31e9bb104cd6.png','2024-05-12 00:38:18'),(42,1,'咖喱的起源','咖喱的起源_6f602319-5e07-4ce8-a17d-ee2857737d85','https://pgen.oss-cn-guangzhou.aliyuncs.com/0c481a94-78f8-4254-bc3c-31e9bb104cd6.png','2024-05-12 01:22:31'),(43,21,'大学生饮食习惯的探究(Research on College Students\' Eating Habits)','大学生饮食习惯的探究(Research on College Students\' Eating Habits)_880610e9-ec60-4562-9483-b4c1b96d9a36','https://pgen.oss-cn-guangzhou.aliyuncs.com/0be3238d-d5cc-439c-8731-2ee8778b0f6c.png','2024-05-12 10:19:04'),(44,14,'辣条的历史与文化','辣条的历史与文化_406db0d3-4ddb-4a3c-9942-0f50ba3ef782','https://pgen.oss-cn-guangzhou.aliyuncs.com/8e65a204-28b4-4dbf-87e8-14b4aea6aaf3.png','2024-05-12 12:10:22'),(45,14,'人工智能','人工智能_4a6c6868-fde9-4238-898b-ec383e9ebed4','https://pgen.oss-cn-guangzhou.aliyuncs.com/7ce427f0-c414-4dd2-8cf7-4ed91d38f9ad.png','2024-05-17 22:58:22'),(46,14,'演示标题(自拟)','演示标题(自拟)_4109bf1f-f8c4-4bb7-b9c7-f3063e214e1b','https://pgen.oss-cn-guangzhou.aliyuncs.com/0c481a94-78f8-4254-bc3c-31e9bb104cd6.png','2024-05-15 11:32:46'),(47,1,'中国的可持续发展政策(演示标题)','中国的可持续发展政策(演示标题)_9b19787d-0f91-4cf4-b555-74ae0ebfe3a3','https://pgen.oss-cn-guangzhou.aliyuncs.com/0c481a94-78f8-4254-bc3c-31e9bb104cd6.png','2024-05-12 17:16:56'),(48,16,'南美洲的世界文化遗产概览','南美洲的世界文化遗产概览_16f18b68-5423-4887-a69c-14a8485e9a08','https://pgen.oss-cn-guangzhou.aliyuncs.com/2fc7c37e-1868-4f4c-97c3-1c1a81e30210.png','2024-05-17 20:53:38'),(50,14,'锵锵锵','锵锵锵_4d94eb90-81ad-44da-b346-900419b8505a','https://pgen.oss-cn-guangzhou.aliyuncs.com/0c481a94-78f8-4254-bc3c-31e9bb104cd6.png','2024-05-18 01:45:43'),(51,14,'烘焙面包的艺术','烘焙面包的艺术_c479da04-5aa8-48d4-921d-770f78049c9c','https://pgen.oss-cn-guangzhou.aliyuncs.com/3a077759-6dcc-47d8-8653-7dfc27484945.png','2024-06-10 19:25:55'),(52,14,'520情人节的浪漫庆典','520情人节的浪漫庆典_4fa6a549-94d1-4ba4-8eb9-0c039f31bb6d','https://pgen.oss-cn-guangzhou.aliyuncs.com/8e65a204-28b4-4dbf-87e8-14b4aea6aaf3.png','2024-05-20 15:59:44'),(53,20,'AIGC在商业图像设计领域的创新应用','AIGC在商业图像设计领域的创新应用_d8f1e2ef-953b-4257-a3c1-43bc44fa5a84','https://pgen.oss-cn-guangzhou.aliyuncs.com/aa14c5be-9a09-4e2a-8319-ccb2209cdcb0.png','2024-05-21 22:52:25'),(56,20,'人工智能的未来发展','人工智能的未来发展_stream2b89f05ee9c349da86c952741d74f86c','https://pgen.oss-cn-guangzhou.aliyuncs.com/0c481a94-78f8-4254-bc3c-31e9bb104cd6.png','2024-05-21 23:01:55'),(57,20,'人工智能的发展','人工智能的发展_7a6ede90-3219-4b4c-91ec-466abdbae56b','https://pgen.oss-cn-guangzhou.aliyuncs.com/b78004de-bde2-4461-8dab-1ac1d36debbf.png','2024-05-21 23:14:39'),(58,26,'演示标题(自拟)','演示标题(自拟)_836aa8d9-7a96-4452-bfcc-eb5bc29aa8c4','https://pgen.oss-cn-guangzhou.aliyuncs.com/a734af5f-c278-4774-a04e-e97a7d474fc9.png','2024-05-24 20:16:09'),(59,27,'EduNova','EduNova_streamd53e3d241d8b47f78a059487ecf582af','https://pgen.oss-cn-guangzhou.aliyuncs.com/510ad377-9616-4439-a5da-920f93a3c730.png','2024-05-25 14:12:11'),(60,30,'大学生健康讲座','大学生健康讲座_6a06bbb1-8f01-437d-a933-889bfe012031','https://pgen.oss-cn-guangzhou.aliyuncs.com/f38c0036-8a20-43f0-b43a-e9b5ab066007.png','2024-05-27 15:40:48'),(61,31,'调节抗肿瘤免疫的B细胞特异性免疫检查点','调节抗肿瘤免疫的B细胞特异性免疫检查点_e8b5735f-00e3-4d9d-96e8-9721911880c9','https://pgen.oss-cn-guangzhou.aliyuncs.com/37864d9d-baf0-44ea-bb7c-acf79260e2a1.png','2024-05-27 16:15:58'),(62,31,'调节抗肿瘤免疫的B细胞特异性免疫检查点','调节抗肿瘤免疫的B细胞特异性免疫检查点_69bb7bce-87ca-4774-b340-b74cdba2710c','https://pgen.oss-cn-guangzhou.aliyuncs.com/627bc16d-56fd-4184-a771-7cb113136193.png','2024-05-27 16:27:35');
/*!40000 ALTER TABLE `ppt_record_table` ENABLE KEYS */;
UNLOCK TABLES;

--
-- Table structure for table `tag_table`
--

DROP TABLE IF EXISTS `tag_table`;
/*!40101 SET @saved_cs_client     = @@character_set_client */;
/*!50503 SET character_set_client = utf8mb4 */;
CREATE TABLE `tag_table` (
  `id` int unsigned NOT NULL AUTO_INCREMENT COMMENT 'ID',
  `tag_name` varchar(10) NOT NULL COMMENT '标签中文名',
  PRIMARY KEY (`id`)
) ENGINE=InnoDB AUTO_INCREMENT=8 DEFAULT CHARSET=utf8mb4 COLLATE=utf8mb4_0900_ai_ci COMMENT='模板标签表';
/*!40101 SET character_set_client = @saved_cs_client */;

--
-- Dumping data for table `tag_table`
--

LOCK TABLES `tag_table` WRITE;
/*!40000 ALTER TABLE `tag_table` DISABLE KEYS */;
INSERT INTO `tag_table` VALUES (1,'现代'),(2,'插画'),(3,'简约'),(4,'科技'),(5,'可爱'),(6,'国风'),(7,'风景');
/*!40000 ALTER TABLE `tag_table` ENABLE KEYS */;
UNLOCK TABLES;

--
-- Table structure for table `template_table`
--

DROP TABLE IF EXISTS `template_table`;
/*!40101 SET @saved_cs_client     = @@character_set_client */;
/*!50503 SET character_set_client = utf8mb4 */;
CREATE TABLE `template_table` (
  `id` int unsigned NOT NULL AUTO_INCREMENT COMMENT 'ID',
  `template_name` varchar(20) NOT NULL COMMENT '模板名',
  `colour` varchar(30) NOT NULL COMMENT '模板颜色',
  `image` varchar(255) NOT NULL COMMENT '模板封面',
  `created_time` datetime NOT NULL COMMENT '创建时间',
  PRIMARY KEY (`id`)
) ENGINE=InnoDB AUTO_INCREMENT=83 DEFAULT CHARSET=utf8mb4 COLLATE=utf8mb4_0900_ai_ci;
/*!40101 SET character_set_client = @saved_cs_client */;

--
-- Dumping data for table `template_table`
--

LOCK TABLES `template_table` WRITE;
/*!40000 ALTER TABLE `template_table` DISABLE KEYS */;
INSERT INTO `template_table` VALUES (1,'劳动节主题','红色','https://pgen.oss-cn-guangzhou.aliyuncs.com/0c481a94-78f8-4254-bc3c-31e9bb104cd6.png','2024-04-24 01:07:49'),(2,'国风主题','红色','https://pgen.oss-cn-guangzhou.aliyuncs.com/d6e40823-a924-4098-87c9-e3bd94138575.png','2024-04-24 01:11:24'),(3,'城市天际线','蓝色','https://pgen.oss-cn-guangzhou.aliyuncs.com/cae2be0c-a73f-40fc-9c49-7164f7ea69fb.png','2024-04-24 01:16:40'),(4,'海洋货轮','蓝色','https://pgen.oss-cn-guangzhou.aliyuncs.com/d6424cdb-d5d8-4b73-b23b-75afd5d70a67.png','2024-04-24 01:23:41'),(5,'餐饮牛扒探店','橙色','https://pgen.oss-cn-guangzhou.aliyuncs.com/4b25d18f-73db-4340-b89d-93509ff21403.png','2024-04-24 01:25:37'),(6,'科技电脑图表','紫色','https://pgen.oss-cn-guangzhou.aliyuncs.com/b78004de-bde2-4461-8dab-1ac1d36debbf.png','2024-04-24 01:36:35'),(7,'紫色简约线条','紫色','https://pgen.oss-cn-guangzhou.aliyuncs.com/0be3238d-d5cc-439c-8731-2ee8778b0f6c.png','2024-04-24 01:43:09'),(8,'机械火星车','橙色','https://pgen.oss-cn-guangzhou.aliyuncs.com/6a75a822-8755-4627-bc4e-abcceeac8bea.png','2024-04-24 01:45:51'),(9,'地球环保未来','绿色','https://pgen.oss-cn-guangzhou.aliyuncs.com/dbb01ffc-fdc8-420d-92e3-97c606a7ea8c.png','2024-04-24 01:48:08'),(10,'新能源汽车环保','绿色','https://pgen.oss-cn-guangzhou.aliyuncs.com/7583f196-decd-4bf3-8cf1-b054c9a80b30.png','2024-04-24 01:51:46'),(11,'兔子中秋可爱','黄色','https://pgen.oss-cn-guangzhou.aliyuncs.com/77b31b99-1c84-41e0-bf5f-4e359ae9c0cf.png','2024-04-24 01:53:25'),(12,'油画艺术咖啡','黄色','https://pgen.oss-cn-guangzhou.aliyuncs.com/84f369b0-c3df-481b-8572-a892047a1267.png','2024-04-24 10:16:08'),(13,'婚礼爱心扁平','粉色','https://pgen.oss-cn-guangzhou.aliyuncs.com/6dfabb7e-d052-42ad-b837-b7a48a03e8a9.png','2024-04-24 10:22:32'),(14,'手机科技智能拟物','粉色','https://pgen.oss-cn-guangzhou.aliyuncs.com/9359af95-6458-4b3a-8873-adcab18b0eac.png','2024-04-24 10:24:54'),(15,'沙画线条简约','黑色','https://pgen.oss-cn-guangzhou.aliyuncs.com/a37e1068-8649-41e7-a0a3-49588de86529.png','2024-04-24 10:30:13'),(16,'金融科技城市','黑色','https://pgen.oss-cn-guangzhou.aliyuncs.com/bd81fc15-2866-4413-a122-7e4a7b9139b9.png','2024-04-24 10:33:11'),(17,'雪山风景','白色','https://pgen.oss-cn-guangzhou.aliyuncs.com/41399846-d6cb-49fc-b3e2-e5b068d8af8c.png','2024-04-24 10:34:40'),(18,'建筑艺术简约','白色','https://pgen.oss-cn-guangzhou.aliyuncs.com/4c23818f-f1ab-43de-bfd2-032177d55f29.png','2024-04-24 10:38:35'),(19,'紫色简约线条','紫色','https://pgen.oss-cn-guangzhou.aliyuncs.com/aa14c5be-9a09-4e2a-8319-ccb2209cdcb0.png','2024-05-11 13:46:22'),(20,'母亲节粉色','粉色','https://pgen.oss-cn-guangzhou.aliyuncs.com/31245f5e-0976-4e59-8c4f-e6b5f7c71607.png','2024-05-11 13:57:51'),(21,'绿色白色简约大气工作总结主题','白色','https://pgen.oss-cn-guangzhou.aliyuncs.com/059a9166-b150-4c6f-9798-58fefc20a7de.png','2024-05-11 18:09:18'),(22,'蓝色玻璃建筑','蓝色','https://pgen.oss-cn-guangzhou.aliyuncs.com/d62f7046-0bf2-46a3-9b6a-e8b4a0486135.png','2024-05-11 18:14:05'),(23,'蓝色医疗类','蓝色','https://pgen.oss-cn-guangzhou.aliyuncs.com/b6176f8b-ced9-4c10-9822-f07d45ce40af.png','2024-05-11 18:16:44'),(24,'绿色草地插画','绿色','https://pgen.oss-cn-guangzhou.aliyuncs.com/27f858ec-3bfe-4856-84c1-708ba7432b33.png','2024-05-11 18:18:53'),(25,'梅花古风','粉色','https://pgen.oss-cn-guangzhou.aliyuncs.com/cce5bfda-5c5f-42ab-a906-c13d5fb5e648.png','2024-05-11 19:23:03'),(26,'原子结构化学类','黄色','https://pgen.oss-cn-guangzhou.aliyuncs.com/abea2b50-6888-46b7-be00-7e19ea78aec0.png','2024-05-11 19:24:56'),(27,'医学药品化学','绿色','https://pgen.oss-cn-guangzhou.aliyuncs.com/37864d9d-baf0-44ea-bb7c-acf79260e2a1.png','2024-05-11 19:27:39'),(28,'公司财务汇报','绿色','https://pgen.oss-cn-guangzhou.aliyuncs.com/b362a18b-87f6-416f-a799-9d9bde9d8c42.png','2024-05-11 19:30:58'),(29,'公司财务经营汇报','蓝色','https://pgen.oss-cn-guangzhou.aliyuncs.com/1462cd22-3dfc-4253-9ebf-b7922d586fac.png','2024-05-11 19:32:39'),(30,'跑步身体健康教育','蓝色','https://pgen.oss-cn-guangzhou.aliyuncs.com/bd7a2c50-754f-462f-ae8f-78c2e4ee0278.png','2024-05-11 19:34:13'),(31,'医疗医生汇报总结','蓝色','https://pgen.oss-cn-guangzhou.aliyuncs.com/6f87bd4f-d626-4347-b7c6-ae43acbb983f.png','2024-05-11 19:35:24'),(32,'几何环境保护绿色','绿色','https://pgen.oss-cn-guangzhou.aliyuncs.com/3e56cf2a-d296-40c8-b103-97743d6bdbe9.png','2024-05-11 19:36:27'),(33,'饮食锻炼健康','绿色','https://pgen.oss-cn-guangzhou.aliyuncs.com/d7f00441-5549-4e2b-bbe1-518851300176.png','2024-05-11 19:37:19'),(34,'互联网安全教育','黑色','https://pgen.oss-cn-guangzhou.aliyuncs.com/2fc7c37e-1868-4f4c-97c3-1c1a81e30210.png','2024-05-11 19:44:01'),(35,'中式美食','黄色','https://pgen.oss-cn-guangzhou.aliyuncs.com/3a077759-6dcc-47d8-8653-7dfc27484945.png','2024-05-11 19:46:27'),(36,'山水中国风','白色','https://pgen.oss-cn-guangzhou.aliyuncs.com/e0ad05e4-d749-438a-bb1b-88361a43a0ff.png','2024-05-11 19:50:37'),(37,'橙色宠物可爱','橙色','https://pgen.oss-cn-guangzhou.aliyuncs.com/4a4a8c16-6498-41bf-8892-5b04ea00fc0e.png','2024-05-11 19:53:31'),(38,'北京天坛旅游城市介绍','白色','https://pgen.oss-cn-guangzhou.aliyuncs.com/e845aebb-5c48-4c66-83de-3520c3b14e76.png','2024-05-11 19:55:42'),(39,'游戏手柄电子产品发布会','紫色','https://pgen.oss-cn-guangzhou.aliyuncs.com/7ce427f0-c414-4dd2-8cf7-4ed91d38f9ad.png','2024-05-11 19:57:23'),(40,'宇航员星空教育科普类','黑色','https://pgen.oss-cn-guangzhou.aliyuncs.com/fa90c33c-989d-4ad5-b13d-c4d7cbe3aab1.png','2024-05-11 19:58:43'),(41,'粉色线条商务简约','粉色','https://pgen.oss-cn-guangzhou.aliyuncs.com/fee2eb80-b005-4941-b53f-0220da7ece2b.png','2024-05-11 20:00:25'),(42,'人工智能机器人','黑色','https://pgen.oss-cn-guangzhou.aliyuncs.com/11b00ce6-6409-4e47-b556-b2f2ea73a60b.png','2024-05-11 20:01:52'),(43,'喜庆春节节日庆祝类','红色','https://pgen.oss-cn-guangzhou.aliyuncs.com/f13fb5fd-e75b-4435-b8bc-9d8266e7eddb.png','2024-05-11 20:03:18'),(44,'金融年度总结','红色','https://pgen.oss-cn-guangzhou.aliyuncs.com/8d7371c9-f0d3-4cf5-82ab-7bcc425a05bc.png','2024-05-11 20:04:15'),(45,'班会教育日','白色','https://pgen.oss-cn-guangzhou.aliyuncs.com/1c8045ce-3c38-432e-a85d-dbf5639ec31b.png','2024-05-11 20:05:42'),(46,'数据汇报3D风格','紫色','https://pgen.oss-cn-guangzhou.aliyuncs.com/e9efba87-774b-424e-bf15-5103c0d3fdee.png','2024-05-11 20:08:26'),(47,'GPS定位物流类','黄色','https://pgen.oss-cn-guangzhou.aliyuncs.com/946e949b-a294-4306-a5ae-610bc1a89d12.png','2024-05-11 20:09:16'),(48,'拍照旅游攻略','橙色','https://pgen.oss-cn-guangzhou.aliyuncs.com/1ea853f2-7365-4021-9bba-9e302e43d937.png','2024-05-11 20:10:41'),(49,'保护膝盖医疗健康类','红色','https://pgen.oss-cn-guangzhou.aliyuncs.com/199d3bcf-1225-412f-aa10-b1375b0d71c9.png','2024-05-11 20:14:00'),(50,'地震防灾减灾培训','黄色','https://pgen.oss-cn-guangzhou.aliyuncs.com/b193421e-f192-4492-b804-7cc7f7dd4fdb.png','2024-05-11 20:16:57'),(51,'模拟现实人工智能','紫色','https://pgen.oss-cn-guangzhou.aliyuncs.com/2baae397-172a-4b3f-b054-0d5ed024c6c5.png','2024-05-11 20:18:33'),(52,'方形渐变简约实用','橙色','https://pgen.oss-cn-guangzhou.aliyuncs.com/cc11c6e7-b455-469c-ab94-fc6ebea38e04.png','2024-05-11 20:19:42'),(53,'黑色抽象流动线条','黑色','https://pgen.oss-cn-guangzhou.aliyuncs.com/b5286d0d-19fe-4c94-b2f1-5b85309f1114.png','2024-05-11 20:24:15'),(54,'劳动节工人建筑类','黄色','https://pgen.oss-cn-guangzhou.aliyuncs.com/9675bc3f-0a3b-41a8-a8d5-b4c75a6ffefd.png','2024-05-11 20:27:55'),(55,'关爱留守儿童公益类','红色','https://pgen.oss-cn-guangzhou.aliyuncs.com/bcfa5381-9756-4a90-bcc3-59de65c052fb.png','2024-05-11 20:31:11'),(56,'宠物店介绍类','粉色','https://pgen.oss-cn-guangzhou.aliyuncs.com/6213864a-d420-4fb6-a08c-1c91c5d157fb.png','2024-05-11 20:33:59'),(57,'个人工作总结汇报','橙色','https://pgen.oss-cn-guangzhou.aliyuncs.com/627bc16d-56fd-4184-a771-7cb113136193.png','2024-05-11 20:35:39'),(58,'红色线条简约','红色','https://pgen.oss-cn-guangzhou.aliyuncs.com/7ef35f3b-4eae-4d72-b500-4fc55f55d218.png','2024-05-11 22:31:37'),(59,'红色圆圈渐变','红色','https://pgen.oss-cn-guangzhou.aliyuncs.com/7610b7c4-823f-4e74-b7f0-cc01d0d3781a.png','2024-05-11 22:33:42'),(60,'紫色卡通插画','紫色','https://pgen.oss-cn-guangzhou.aliyuncs.com/d6284f2d-063e-4f13-8130-6dcce06970b5.png','2024-05-11 22:35:51'),(61,'紫色笑脸卡通插画','紫色','https://pgen.oss-cn-guangzhou.aliyuncs.com/a9f50bfe-c342-4796-9bc7-6f8fbf7903b8.png','2024-05-11 22:37:38'),(62,'蓝色交通类','蓝色','https://pgen.oss-cn-guangzhou.aliyuncs.com/3dff3734-69b7-45b0-9bf9-d917fef3cba5.png','2024-05-11 22:39:42'),(63,'蓝色理财类','蓝色','https://pgen.oss-cn-guangzhou.aliyuncs.com/d6ed0e86-cc89-4e16-8307-67d31be8bbb2.png','2024-05-11 22:41:00'),(64,'绿色儿童可爱风','绿色','https://pgen.oss-cn-guangzhou.aliyuncs.com/39db9a33-7670-41fc-b180-770e8c1512dc.png','2024-05-11 22:42:15'),(65,'绿色线条简约','绿色','https://pgen.oss-cn-guangzhou.aliyuncs.com/0f5db3b3-3e8f-4a1f-9572-1617f80f54c9.png','2024-05-11 22:43:13'),(66,'粉色几何简约','粉色','https://pgen.oss-cn-guangzhou.aliyuncs.com/5094eab5-9dee-40d6-b907-faf93cf88f7c.png','2024-05-11 22:44:42'),(67,'粉色可爱小怪兽','粉色','https://pgen.oss-cn-guangzhou.aliyuncs.com/5586ee8e-a100-451a-baf2-4c15dc2388d0.png','2024-05-11 22:45:45'),(68,'粉色卡通宠物','粉色','https://pgen.oss-cn-guangzhou.aliyuncs.com/4de66547-a9d7-4937-9d00-7097ea36c844.png','2024-05-11 22:47:05'),(69,'黄色时尚艺术','黄色','https://pgen.oss-cn-guangzhou.aliyuncs.com/c9dfed2e-e507-4ed3-b976-dc548f962f31.png','2024-05-11 22:48:06'),(70,'黑色科学插画','黑色','https://pgen.oss-cn-guangzhou.aliyuncs.com/163994a4-697d-454a-a640-5b76e6ff671c.png','2024-05-11 22:49:37'),(71,'白色北极熊简约','白色','https://pgen.oss-cn-guangzhou.aliyuncs.com/4c15dbf8-e2db-45f6-9281-ea5da6e43513.png','2024-05-11 22:50:37'),(72,'白色冬日雪人','白色','https://pgen.oss-cn-guangzhou.aliyuncs.com/e0b5a407-27ce-4a54-8bac-f7dfc401069c.png','2024-05-11 22:52:41'),(73,'紫色办公商务类','紫色','https://pgen.oss-cn-guangzhou.aliyuncs.com/8e65a204-28b4-4dbf-87e8-14b4aea6aaf3.png','2024-05-11 22:53:29'),(74,'黄色宠物类','黄色','https://pgen.oss-cn-guangzhou.aliyuncs.com/c7b0dd88-1a32-44d8-bd3d-1c538555002d.png','2024-05-11 22:54:29'),(75,'黑色铅笔简约大气','黑色','https://pgen.oss-cn-guangzhou.aliyuncs.com/58052538-40e7-460e-9bd2-a7ee835294fa.png','2024-05-11 22:55:51'),(76,'黑色国风','黑色','https://pgen.oss-cn-guangzhou.aliyuncs.com/eadb7410-1148-4761-b05e-0d15624dedf5.png','2024-05-11 22:56:45'),(77,'黑色烫金线条大气商务','黑色','https://pgen.oss-cn-guangzhou.aliyuncs.com/997369fa-2672-41c5-b847-75faaeba51d8.png','2024-05-11 22:57:49'),(78,'白色蒙德里安风格','白色','https://pgen.oss-cn-guangzhou.aliyuncs.com/510ad377-9616-4439-a5da-920f93a3c730.png','2024-05-11 23:00:59'),(79,'橙色万圣节','橙色','https://pgen.oss-cn-guangzhou.aliyuncs.com/26a73d33-60f2-44c1-b4d2-394f217868e8.png','2024-05-11 23:01:53'),(80,'橙色卡通汽车','橙色','https://pgen.oss-cn-guangzhou.aliyuncs.com/9399d5a3-f699-4611-bcdf-317d2bdeb920.png','2024-05-11 23:03:00'),(81,'橙色波点简洁','橙色','https://pgen.oss-cn-guangzhou.aliyuncs.com/f38c0036-8a20-43f0-b43a-e9b5ab066007.png','2024-05-11 23:03:57'),(82,'红色集装箱','红色','https://pgen.oss-cn-guangzhou.aliyuncs.com/a734af5f-c278-4774-a04e-e97a7d474fc9.png','2024-05-11 23:04:57');
/*!40000 ALTER TABLE `template_table` ENABLE KEYS */;
UNLOCK TABLES;

--
-- Table structure for table `template_tag_table`
--

DROP TABLE IF EXISTS `template_tag_table`;
/*!40101 SET @saved_cs_client     = @@character_set_client */;
/*!50503 SET character_set_client = utf8mb4 */;
CREATE TABLE `template_tag_table` (
  `template_id` int unsigned NOT NULL COMMENT '模板ID',
  `tag_id` int unsigned NOT NULL COMMENT '标签ID',
  PRIMARY KEY (`template_id`,`tag_id`),
  KEY `tag_name___fk` (`tag_id`),
  CONSTRAINT `tag_name___fk` FOREIGN KEY (`tag_id`) REFERENCES `tag_table` (`id`) ON DELETE CASCADE,
  CONSTRAINT `template_name___fk` FOREIGN KEY (`template_id`) REFERENCES `template_table` (`id`) ON DELETE CASCADE
) ENGINE=InnoDB DEFAULT CHARSET=utf8mb4 COLLATE=utf8mb4_0900_ai_ci;
/*!40101 SET character_set_client = @saved_cs_client */;

--
-- Dumping data for table `template_tag_table`
--

LOCK TABLES `template_tag_table` WRITE;
/*!40000 ALTER TABLE `template_tag_table` DISABLE KEYS */;
INSERT INTO `template_tag_table` VALUES (3,1),(4,1),(5,1),(6,1),(7,1),(9,1),(10,1),(14,1),(15,1),(16,1),(18,1),(19,1),(22,1),(23,1),(29,1),(30,1),(31,1),(32,1),(33,1),(34,1),(35,1),(42,1),(46,1),(48,1),(49,1),(51,1),(52,1),(53,1),(54,1),(55,1),(57,1),(73,1),(75,1),(77,1),(78,1),(1,2),(7,2),(9,2),(11,2),(12,2),(13,2),(15,2),(20,2),(23,2),(31,2),(33,2),(40,2),(44,2),(45,2),(47,2),(50,2),(60,2),(61,2),(62,2),(63,2),(67,2),(68,2),(69,2),(70,2),(71,2),(72,2),(79,2),(80,2),(82,2),(7,3),(13,3),(15,3),(18,3),(19,3),(21,3),(26,3),(27,3),(28,3),(29,3),(32,3),(41,3),(43,3),(45,3),(52,3),(57,3),(58,3),(59,3),(65,3),(66,3),(75,3),(77,3),(78,3),(81,3),(6,4),(8,4),(10,4),(14,4),(19,4),(27,4),(34,4),(39,4),(40,4),(42,4),(51,4),(70,4),(80,4),(11,5),(13,5),(14,5),(16,5),(23,5),(37,5),(47,5),(56,5),(60,5),(61,5),(62,5),(63,5),(64,5),(67,5),(68,5),(70,5),(71,5),(72,5),(74,5),(79,5),(2,6),(25,6),(36,6),(76,6),(3,7),(16,7),(17,7),(22,7),(25,7),(36,7),(38,7);
/*!40000 ALTER TABLE `template_tag_table` ENABLE KEYS */;
UNLOCK TABLES;

--
-- Table structure for table `user_table`
--

DROP TABLE IF EXISTS `user_table`;
/*!40101 SET @saved_cs_client     = @@character_set_client */;
/*!50503 SET character_set_client = utf8mb4 */;
CREATE TABLE `user_table` (
  `uid` int NOT NULL AUTO_INCREMENT,
  `username` varchar(48) DEFAULT NULL COMMENT '用户名',
  `password` varchar(144) DEFAULT NULL COMMENT '密码',
  `phone_number` varchar(24) DEFAULT NULL COMMENT '手机号',
  `email` varchar(256) DEFAULT NULL COMMENT '邮箱',
  `profile_picture_addr` varchar(255) DEFAULT NULL COMMENT '存储头像文件在服务器中的路径',
  `create_time` datetime DEFAULT NULL COMMENT '创建账号的时间',
  PRIMARY KEY (`uid`)
) ENGINE=InnoDB AUTO_INCREMENT=32 DEFAULT CHARSET=utf8mb4 COLLATE=utf8mb4_0900_ai_ci;
/*!40101 SET character_set_client = @saved_cs_client */;

--
-- Dumping data for table `user_table`
--

LOCK TABLES `user_table` WRITE;
/*!40000 ALTER TABLE `user_table` DISABLE KEYS */;
INSERT INTO `user_table` VALUES (1,'testAccount','8d969eef6ecad3c29a3a629280e686cf0c3f5d5a86aff3ca12020c923adc6c92','12345678910',NULL,'https://pgen.oss-cn-guangzhou.aliyuncs.com/59aa8077-2102-4860-adf3-19690435218a.jpg','2024-05-10 10:36:40');
/*!40000 ALTER TABLE `user_table` ENABLE KEYS */;
UNLOCK TABLES;
/*!40103 SET TIME_ZONE=@OLD_TIME_ZONE */;

/*!40101 SET SQL_MODE=@OLD_SQL_MODE */;
/*!40014 SET FOREIGN_KEY_CHECKS=@OLD_FOREIGN_KEY_CHECKS */;
/*!40014 SET UNIQUE_CHECKS=@OLD_UNIQUE_CHECKS */;
/*!40101 SET CHARACTER_SET_CLIENT=@OLD_CHARACTER_SET_CLIENT */;
/*!40101 SET CHARACTER_SET_RESULTS=@OLD_CHARACTER_SET_RESULTS */;
/*!40101 SET COLLATION_CONNECTION=@OLD_COLLATION_CONNECTION */;
/*!40111 SET SQL_NOTES=@OLD_SQL_NOTES */;

-- Dump completed on 2024-07-19 10:33:02
